CostRecordID,HotelID,MonthStart,CostCategory,BudgetGBP,ActualGBP,VarianceGBP
CST000001,HTL001,2024-01-01,Payroll & Agency Staff,51319.92,47790.62,-3529.31
CST000002,HTL001,2024-01-01,Utilities,10638.14,11491.45,853.31
CST000003,HTL001,2024-01-01,Housekeeping Supplies,6608.37,6696.88,88.51
CST000004,HTL001,2024-01-01,Maintenance & Repairs,8104.87,8454.05,349.18
CST000005,HTL001,2024-01-01,Food & Beverage Supplies,16094.99,14743.83,-1351.16
CST000006,HTL001,2024-01-01,Marketing,6001.99,5735.09,-266.9
CST000007,HTL001,2024-01-01,Property & Insurance,18518.92,19338.92,820
CST000008,HTL001,2024-01-01,Technology & Systems,4466.51,4236.14,-230.36
CST000009,HTL001,2024-01-01,Other Operating Costs,11597.42,12510.5,913.08
CST000010,HTL002,2024-01-01,Payroll & Agency Staff,34321.61,35937.3,1615.68
CST000011,HTL002,2024-01-01,Utilities,6649.31,7388.07,738.76
CST000012,HTL002,2024-01-01,Housekeeping Supplies,4431.76,4710.54,278.78
CST000013,HTL002,2024-01-01,Maintenance & Repairs,5500.02,5663.68,163.66
CST000014,HTL002,2024-01-01,Food & Beverage Supplies,10571.77,11139.7,567.93
CST000015,HTL002,2024-01-01,Marketing,4074.93,3711.26,-363.67
CST000016,HTL002,2024-01-01,Property & Insurance,11853.36,11649.43,-203.93
CST000017,HTL002,2024-01-01,Technology & Systems,2811.43,2742.86,-68.57
CST000018,HTL002,2024-01-01,Other Operating Costs,7338.74,7831.98,493.24
CST000019,HTL003,2024-01-01,Payroll & Agency Staff,29600.95,32658.15,3057.2
CST000020,HTL003,2024-01-01,Utilities,5715.31,7062.06,1346.74
CST000021,HTL003,2024-01-01,Housekeeping Supplies,3855.65,3928.62,72.97
CST000022,HTL003,2024-01-01,Maintenance & Repairs,4500.41,5016.22,515.82
CST000023,HTL003,2024-01-01,Food & Beverage Supplies,9155.73,9417.38,261.65
CST000024,HTL003,2024-01-01,Marketing,3527.54,3573.72,46.17
CST000025,HTL003,2024-01-01,Property & Insurance,10407.14,9865.1,-542.04
CST000026,HTL003,2024-01-01,Technology & Systems,2446.47,2469.55,23.09
CST000027,HTL003,2024-01-01,Other Operating Costs,6375.04,6789.73,414.69
CST000028,HTL004,2024-01-01,Payroll & Agency Staff,33711,37078.68,3367.68
CST000029,HTL004,2024-01-01,Utilities,6214.29,6704.52,490.23
CST000030,HTL004,2024-01-01,Housekeeping Supplies,4390.05,4615.54,225.49
CST000031,HTL004,2024-01-01,Maintenance & Repairs,5025.37,4917.54,-107.82
CST000032,HTL004,2024-01-01,Food & Beverage Supplies,10211.42,10350.07,138.65
CST000033,HTL004,2024-01-01,Marketing,3933.26,4228.31,295.05
CST000034,HTL004,2024-01-01,Property & Insurance,11485.84,10743.79,-742.05
CST000035,HTL004,2024-01-01,Technology & Systems,2699.49,2808.96,109.47
CST000036,HTL004,2024-01-01,Other Operating Costs,6893.38,7349.13,455.75
CST000037,HTL005,2024-01-01,Payroll & Agency Staff,23525.74,25514.86,1989.11
CST000038,HTL005,2024-01-01,Utilities,5002.4,6270.64,1268.24
CST000039,HTL005,2024-01-01,Housekeeping Supplies,3274.49,3535.98,261.49
CST000040,HTL005,2024-01-01,Maintenance & Repairs,3756.5,3665.62,-90.89
CST000041,HTL005,2024-01-01,Food & Beverage Supplies,7683.6,7135.7,-547.9
CST000042,HTL005,2024-01-01,Marketing,2942.18,2750.43,-191.75
CST000043,HTL005,2024-01-01,Property & Insurance,8696,9349.6,653.6
CST000044,HTL005,2024-01-01,Technology & Systems,2016.44,1858.53,-157.91
CST000045,HTL005,2024-01-01,Other Operating Costs,5541.48,5606.55,65.07
CST000046,HTL006,2024-01-01,Payroll & Agency Staff,24761.23,26237.49,1476.26
CST000047,HTL006,2024-01-01,Utilities,4923.44,6256.72,1333.28
CST000048,HTL006,2024-01-01,Housekeeping Supplies,3341.72,3479.99,138.27
CST000049,HTL006,2024-01-01,Maintenance & Repairs,3817.84,6070.66,2252.82
CST000050,HTL006,2024-01-01,Food & Beverage Supplies,7844.95,8466.21,621.26
CST000051,HTL006,2024-01-01,Marketing,2994.85,3169.33,174.48
CST000052,HTL006,2024-01-01,Property & Insurance,8875.1,9888.71,1013.62
CST000053,HTL006,2024-01-01,Technology & Systems,2029.61,2076.58,46.96
CST000054,HTL006,2024-01-01,Other Operating Costs,5310.33,5510.72,200.39
CST000055,HTL001,2024-02-01,Payroll & Agency Staff,54453.89,53341.41,-1112.48
CST000056,HTL001,2024-02-01,Utilities,10483.85,11013.22,529.36
CST000057,HTL001,2024-02-01,Housekeeping Supplies,7104.68,7462.92,358.24
CST000058,HTL001,2024-02-01,Maintenance & Repairs,8714.33,8924.4,210.07
CST000059,HTL001,2024-02-01,Food & Beverage Supplies,17684.98,16756.47,-928.51
CST000060,HTL001,2024-02-01,Marketing,6356.11,6008.39,-347.72
CST000061,HTL001,2024-02-01,Property & Insurance,19802.51,21558.65,1756.14
CST000062,HTL001,2024-02-01,Technology & Systems,4401.91,4201.24,-200.66
CST000063,HTL001,2024-02-01,Other Operating Costs,11579.74,12649.5,1069.76
CST000064,HTL002,2024-02-01,Payroll & Agency Staff,36097.65,35222.3,-875.35
CST000065,HTL002,2024-02-01,Utilities,7160.62,7512.58,351.96
CST000066,HTL002,2024-02-01,Housekeeping Supplies,4787.35,4371.47,-415.87
CST000067,HTL002,2024-02-01,Maintenance & Repairs,5523.71,6034.82,511.12
CST000068,HTL002,2024-02-01,Food & Beverage Supplies,11308.9,12069.73,760.84
CST000069,HTL002,2024-02-01,Marketing,4280.35,4610.34,329.98
CST000070,HTL002,2024-02-01,Property & Insurance,12521.04,12307.82,-213.22
CST000071,HTL002,2024-02-01,Technology & Systems,2960.8,2790.06,-170.74
CST000072,HTL002,2024-02-01,Other Operating Costs,7753.87,8614.79,860.92
CST000073,HTL003,2024-02-01,Payroll & Agency Staff,29387.6,28315.96,-1071.64
CST000074,HTL003,2024-02-01,Utilities,5814.57,7050.88,1236.3
CST000075,HTL003,2024-02-01,Housekeeping Supplies,4032.94,4021.91,-11.03
CST000076,HTL003,2024-02-01,Maintenance & Repairs,4884.87,4702.7,-182.17
CST000077,HTL003,2024-02-01,Food & Beverage Supplies,9091.75,8961.11,-130.65
CST000078,HTL003,2024-02-01,Marketing,3551.03,3262.33,-288.71
CST000079,HTL003,2024-02-01,Property & Insurance,11045.94,10285.78,-760.16
CST000080,HTL003,2024-02-01,Technology & Systems,2578.46,2617.91,39.45
CST000081,HTL003,2024-02-01,Other Operating Costs,6464.49,6570.18,105.69
CST000082,HTL004,2024-02-01,Payroll & Agency Staff,35014.44,35098.76,84.32
CST000083,HTL004,2024-02-01,Utilities,6486.71,7070.98,584.27
CST000084,HTL004,2024-02-01,Housekeeping Supplies,4475.81,4351.79,-124.03
CST000085,HTL004,2024-02-01,Maintenance & Repairs,5304.85,5506.64,201.79
CST000086,HTL004,2024-02-01,Food & Beverage Supplies,10618.54,10265.65,-352.89
CST000087,HTL004,2024-02-01,Marketing,4095.95,4050.82,-45.13
CST000088,HTL004,2024-02-01,Property & Insurance,12164.24,12140.7,-23.54
CST000089,HTL004,2024-02-01,Technology & Systems,2819.92,2605.33,-214.59
CST000090,HTL004,2024-02-01,Other Operating Costs,7153.42,6978.6,-174.82
CST000091,HTL005,2024-02-01,Payroll & Agency Staff,25033.68,22902.9,-2130.78
CST000092,HTL005,2024-02-01,Utilities,4818.18,5389.02,570.84
CST000093,HTL005,2024-02-01,Housekeeping Supplies,3417.92,3496.46,78.54
CST000094,HTL005,2024-02-01,Maintenance & Repairs,3855.85,4019.79,163.95
CST000095,HTL005,2024-02-01,Food & Beverage Supplies,7797.86,7281.69,-516.16
CST000096,HTL005,2024-02-01,Marketing,2927.5,2841.19,-86.31
CST000097,HTL005,2024-02-01,Property & Insurance,8656.3,9139.19,482.9
CST000098,HTL005,2024-02-01,Technology & Systems,2067.85,2097.46,29.61
CST000099,HTL005,2024-02-01,Other Operating Costs,5582.19,6031.14,448.95
CST000100,HTL006,2024-02-01,Payroll & Agency Staff,25826.02,23703.47,-2122.55
CST000101,HTL006,2024-02-01,Utilities,5195.08,6095.22,900.15
CST000102,HTL006,2024-02-01,Housekeeping Supplies,3428.18,3736.59,308.41
CST000103,HTL006,2024-02-01,Maintenance & Repairs,4134.6,4365.7,231.1
CST000104,HTL006,2024-02-01,Food & Beverage Supplies,8320.18,8623.81,303.63
CST000105,HTL006,2024-02-01,Marketing,2975.45,2925.89,-49.56
CST000106,HTL006,2024-02-01,Property & Insurance,9541.42,10198.74,657.32
CST000107,HTL006,2024-02-01,Technology & Systems,2117.96,2232.59,114.63
CST000108,HTL006,2024-02-01,Other Operating Costs,5501.61,5865.03,363.41
CST000109,HTL001,2024-03-01,Payroll & Agency Staff,60224.83,55469.6,-4755.24
CST000110,HTL001,2024-03-01,Utilities,11525.63,11800.05,274.42
CST000111,HTL001,2024-03-01,Housekeeping Supplies,7622.32,8169.03,546.71
CST000112,HTL001,2024-03-01,Maintenance & Repairs,9414.11,9772.22,358.11
CST000113,HTL001,2024-03-01,Food & Beverage Supplies,18854.46,20821.69,1967.22
CST000114,HTL001,2024-03-01,Marketing,7150.06,9171.92,2021.86
CST000115,HTL001,2024-03-01,Property & Insurance,21134.9,23328.83,2193.93
CST000116,HTL001,2024-03-01,Technology & Systems,4731.95,5133.44,401.49
CST000117,HTL001,2024-03-01,Other Operating Costs,13145.16,14540.39,1395.23
CST000118,HTL002,2024-03-01,Payroll & Agency Staff,37989.9,36813.68,-1176.22
CST000119,HTL002,2024-03-01,Utilities,7517.01,8154.97,637.96
CST000120,HTL002,2024-03-01,Housekeeping Supplies,5190.43,5562.97,372.54
CST000121,HTL002,2024-03-01,Maintenance & Repairs,6003.12,6500.24,497.13
CST000122,HTL002,2024-03-01,Food & Beverage Supplies,11848.94,11121.04,-727.9
CST000123,HTL002,2024-03-01,Marketing,4409.1,5174.24,765.14
CST000124,HTL002,2024-03-01,Property & Insurance,13746.03,13717.6,-28.43
CST000125,HTL002,2024-03-01,Technology & Systems,3247.46,3248.76,1.31
CST000126,HTL002,2024-03-01,Other Operating Costs,8484.99,8681.25,196.27
CST000127,HTL003,2024-03-01,Payroll & Agency Staff,31491.16,34601.09,3109.92
CST000128,HTL003,2024-03-01,Utilities,6603.87,6986.96,383.09
CST000129,HTL003,2024-03-01,Housekeeping Supplies,4320.45,4221,-99.46
CST000130,HTL003,2024-03-01,Maintenance & Repairs,5062.98,5521.35,458.37
CST000131,HTL003,2024-03-01,Food & Beverage Supplies,10134.71,10915.11,780.4
CST000132,HTL003,2024-03-01,Marketing,3840.05,4957.4,1117.36
CST000133,HTL003,2024-03-01,Property & Insurance,11724.88,12752.68,1027.8
CST000134,HTL003,2024-03-01,Technology & Systems,2721.34,2660.19,-61.15
CST000135,HTL003,2024-03-01,Other Operating Costs,7327.81,6861.76,-466.05
CST000136,HTL004,2024-03-01,Payroll & Agency Staff,36469.11,40550.37,4081.26
CST000137,HTL004,2024-03-01,Utilities,7455.26,7267.16,-188.1
CST000138,HTL004,2024-03-01,Housekeeping Supplies,4921.69,5257.28,335.6
CST000139,HTL004,2024-03-01,Maintenance & Repairs,5803.71,6471.34,667.63
CST000140,HTL004,2024-03-01,Food & Beverage Supplies,12000.41,13137.69,1137.28
CST000141,HTL004,2024-03-01,Marketing,4446.14,5653.28,1207.15
CST000142,HTL004,2024-03-01,Property & Insurance,13140.56,14264.67,1124.11
CST000143,HTL004,2024-03-01,Technology & Systems,3014.97,2757.2,-257.76
CST000144,HTL004,2024-03-01,Other Operating Costs,7956.48,8147.08,190.6
CST000145,HTL005,2024-03-01,Payroll & Agency Staff,27395,25294.89,-2100.12
CST000146,HTL005,2024-03-01,Utilities,5566.88,5466.34,-100.53
CST000147,HTL005,2024-03-01,Housekeeping Supplies,3621.82,3505.25,-116.57
CST000148,HTL005,2024-03-01,Maintenance & Repairs,4301.31,4773.56,472.24
CST000149,HTL005,2024-03-01,Food & Beverage Supplies,8366.01,8878.23,512.22
CST000150,HTL005,2024-03-01,Marketing,3257.33,4228.09,970.77
CST000151,HTL005,2024-03-01,Property & Insurance,9622.09,9613.95,-8.14
CST000152,HTL005,2024-03-01,Technology & Systems,2312.34,2375.44,63.1
CST000153,HTL005,2024-03-01,Other Operating Costs,5922.71,6574.83,652.11
CST000154,HTL006,2024-03-01,Payroll & Agency Staff,28729.84,31632.33,2902.49
CST000155,HTL006,2024-03-01,Utilities,5730.28,5952.96,222.68
CST000156,HTL006,2024-03-01,Housekeeping Supplies,3805.46,4036.05,230.59
CST000157,HTL006,2024-03-01,Maintenance & Repairs,4271.38,4287.03,15.65
CST000158,HTL006,2024-03-01,Food & Beverage Supplies,8824.96,8871.29,46.32
CST000159,HTL006,2024-03-01,Marketing,3414.66,4117.68,703.03
CST000160,HTL006,2024-03-01,Property & Insurance,9847.05,10163.68,316.62
CST000161,HTL006,2024-03-01,Technology & Systems,2304.68,2165.46,-139.23
CST000162,HTL006,2024-03-01,Other Operating Costs,6003.91,5810.16,-193.75
CST000163,HTL001,2024-04-01,Payroll & Agency Staff,61505.78,68784.55,7278.77
CST000164,HTL001,2024-04-01,Utilities,12662.88,12086.89,-575.98
CST000165,HTL001,2024-04-01,Housekeeping Supplies,8230.6,8639.19,408.59
CST000166,HTL001,2024-04-01,Maintenance & Repairs,10146.61,15012.32,4865.71
CST000167,HTL001,2024-04-01,Food & Beverage Supplies,20518,19193.26,-1324.74
CST000168,HTL001,2024-04-01,Marketing,7502.75,8763.11,1260.35
CST000169,HTL001,2024-04-01,Property & Insurance,22331.68,22343.4,11.71
CST000170,HTL001,2024-04-01,Technology & Systems,5300.25,5834.42,534.17
CST000171,HTL001,2024-04-01,Other Operating Costs,13674.71,12463.21,-1211.5
CST000172,HTL002,2024-04-01,Payroll & Agency Staff,41508.73,40211.36,-1297.37
CST000173,HTL002,2024-04-01,Utilities,8069.78,7421.02,-648.77
CST000174,HTL002,2024-04-01,Housekeeping Supplies,5214.01,4941.3,-272.7
CST000175,HTL002,2024-04-01,Maintenance & Repairs,6595.48,7127.7,532.22
CST000176,HTL002,2024-04-01,Food & Beverage Supplies,12959.55,13735.81,776.25
CST000177,HTL002,2024-04-01,Marketing,4724.21,5736.67,1012.45
CST000178,HTL002,2024-04-01,Property & Insurance,14154.43,13559.06,-595.38
CST000179,HTL002,2024-04-01,Technology & Systems,3583.89,3660.65,76.76
CST000180,HTL002,2024-04-01,Other Operating Costs,8952.3,8398.61,-553.69
CST000181,HTL003,2024-04-01,Payroll & Agency Staff,35701.22,39870.41,4169.19
CST000182,HTL003,2024-04-01,Utilities,7013.31,7689.01,675.71
CST000183,HTL003,2024-04-01,Housekeeping Supplies,4733.02,4425.86,-307.16
CST000184,HTL003,2024-04-01,Maintenance & Repairs,5697.34,5726.26,28.92
CST000185,HTL003,2024-04-01,Food & Beverage Supplies,10611.37,11063.13,451.76
CST000186,HTL003,2024-04-01,Marketing,3983.93,5119.65,1135.73
CST000187,HTL003,2024-04-01,Property & Insurance,12606.27,13514.12,907.85
CST000188,HTL003,2024-04-01,Technology & Systems,3014.92,2816.76,-198.16
CST000189,HTL003,2024-04-01,Other Operating Costs,7651.74,7654.19,2.45
CST000190,HTL004,2024-04-01,Payroll & Agency Staff,39722.94,43652.77,3929.84
CST000191,HTL004,2024-04-01,Utilities,7759.52,7302.73,-456.79
CST000192,HTL004,2024-04-01,Housekeeping Supplies,5031.69,4769.86,-261.82
CST000193,HTL004,2024-04-01,Maintenance & Repairs,6103.25,6668.23,564.99
CST000194,HTL004,2024-04-01,Food & Beverage Supplies,12772.93,13370.02,597.09
CST000195,HTL004,2024-04-01,Marketing,4513.45,5454.99,941.55
CST000196,HTL004,2024-04-01,Property & Insurance,14211.91,13644.44,-567.47
CST000197,HTL004,2024-04-01,Technology & Systems,3389.03,3434.92,45.9
CST000198,HTL004,2024-04-01,Other Operating Costs,8645.77,9365.99,720.22
CST000199,HTL005,2024-04-01,Payroll & Agency Staff,29473.66,31634.42,2160.76
CST000200,HTL005,2024-04-01,Utilities,5688.1,6315.27,627.18
CST000201,HTL005,2024-04-01,Housekeeping Supplies,3978.7,3929.95,-48.75
CST000202,HTL005,2024-04-01,Maintenance & Repairs,4725.49,4393.45,-332.04
CST000203,HTL005,2024-04-01,Food & Beverage Supplies,9436.46,9368.23,-68.23
CST000204,HTL005,2024-04-01,Marketing,3542.52,3920.79,378.28
CST000205,HTL005,2024-04-01,Property & Insurance,10529.15,11642.88,1113.73
CST000206,HTL005,2024-04-01,Technology & Systems,2411.69,2356.42,-55.27
CST000207,HTL005,2024-04-01,Other Operating Costs,6230.65,6219.96,-10.69
CST000208,HTL006,2024-04-01,Payroll & Agency Staff,30924.11,28145.65,-2778.46
CST000209,HTL006,2024-04-01,Utilities,5902.27,6223.87,321.6
CST000210,HTL006,2024-04-01,Housekeeping Supplies,3980.53,4043.25,62.71
CST000211,HTL006,2024-04-01,Maintenance & Repairs,4867.67,4603.9,-263.77
CST000212,HTL006,2024-04-01,Food & Beverage Supplies,9426.42,10392.88,966.46
CST000213,HTL006,2024-04-01,Marketing,3548.51,4325.13,776.62
CST000214,HTL006,2024-04-01,Property & Insurance,10552.96,10844.86,291.89
CST000215,HTL006,2024-04-01,Technology & Systems,2517.02,2812.42,295.4
CST000216,HTL006,2024-04-01,Other Operating Costs,6509.39,6047.2,-462.18
CST000217,HTL001,2024-05-01,Payroll & Agency Staff,67330.12,67927.74,597.62
CST000218,HTL001,2024-05-01,Utilities,12598.43,13982.54,1384.1
CST000219,HTL001,2024-05-01,Housekeeping Supplies,8502.58,9393.2,890.62
CST000220,HTL001,2024-05-01,Maintenance & Repairs,10187.49,9595.55,-591.95
CST000221,HTL001,2024-05-01,Food & Beverage Supplies,20839.28,19071.92,-1767.36
CST000222,HTL001,2024-05-01,Marketing,8032.8,8830.74,797.94
CST000223,HTL001,2024-05-01,Property & Insurance,23934.9,24087.94,153.04
CST000224,HTL001,2024-05-01,Technology & Systems,5560.35,5436.74,-123.61
CST000225,HTL001,2024-05-01,Other Operating Costs,14325.26,15596.29,1271.03
CST000226,HTL002,2024-05-01,Payroll & Agency Staff,44408.28,44608.12,199.84
CST000227,HTL002,2024-05-01,Utilities,8404.05,7729.64,-674.41
CST000228,HTL002,2024-05-01,Housekeeping Supplies,5578.96,5896.28,317.32
CST000229,HTL002,2024-05-01,Maintenance & Repairs,7042.05,6789.1,-252.95
CST000230,HTL002,2024-05-01,Food & Beverage Supplies,14227.01,13047.3,-1179.71
CST000231,HTL002,2024-05-01,Marketing,5345.14,5423.42,78.28
CST000232,HTL002,2024-05-01,Property & Insurance,15238.23,15995.83,757.61
CST000233,HTL002,2024-05-01,Technology & Systems,3598.14,3756.47,158.33
CST000234,HTL002,2024-05-01,Other Operating Costs,9817.35,9563.67,-253.68
CST000235,HTL003,2024-05-01,Payroll & Agency Staff,37450.17,40166.06,2715.89
CST000236,HTL003,2024-05-01,Utilities,7439.34,8255.62,816.27
CST000237,HTL003,2024-05-01,Housekeeping Supplies,5010.1,5471.93,461.83
CST000238,HTL003,2024-05-01,Maintenance & Repairs,5723.09,6210.84,487.75
CST000239,HTL003,2024-05-01,Food & Beverage Supplies,11676.11,11808.28,132.17
CST000240,HTL003,2024-05-01,Marketing,4351.09,4098.25,-252.85
CST000241,HTL003,2024-05-01,Property & Insurance,13530.8,14840.51,1309.71
CST000242,HTL003,2024-05-01,Technology & Systems,3171.94,3133.47,-38.46
CST000243,HTL003,2024-05-01,Other Operating Costs,7999.04,7784.29,-214.75
CST000244,HTL004,2024-05-01,Payroll & Agency Staff,42864.22,43923.13,1058.9
CST000245,HTL004,2024-05-01,Utilities,8379.35,8486.68,107.33
CST000246,HTL004,2024-05-01,Housekeeping Supplies,5368.33,5464.21,95.88
CST000247,HTL004,2024-05-01,Maintenance & Repairs,6808.34,7328.51,520.16
CST000248,HTL004,2024-05-01,Food & Beverage Supplies,13532.43,12846.84,-685.59
CST000249,HTL004,2024-05-01,Marketing,4959.51,5519.37,559.86
CST000250,HTL004,2024-05-01,Property & Insurance,14584.59,15338.72,754.14
CST000251,HTL004,2024-05-01,Technology & Systems,3621.69,3491.12,-130.57
CST000252,HTL004,2024-05-01,Other Operating Costs,9137.56,8924.75,-212.81
CST000253,HTL005,2024-05-01,Payroll & Agency Staff,30084.49,31986.69,1902.2
CST000254,HTL005,2024-05-01,Utilities,6054.71,5951.93,-102.78
CST000255,HTL005,2024-05-01,Housekeeping Supplies,4111.82,3776.21,-335.61
CST000256,HTL005,2024-05-01,Maintenance & Repairs,4798.11,5043.51,245.41
CST000257,HTL005,2024-05-01,Food & Beverage Supplies,9838.96,10060.61,221.65
CST000258,HTL005,2024-05-01,Marketing,3809.37,4170.97,361.6
CST000259,HTL005,2024-05-01,Property & Insurance,11245.71,12092.75,847.04
CST000260,HTL005,2024-05-01,Technology & Systems,2682.07,2722.64,40.58
CST000261,HTL005,2024-05-01,Other Operating Costs,6639.68,7147.75,508.07
CST000262,HTL006,2024-05-01,Payroll & Agency Staff,31272.35,32022.27,749.92
CST000263,HTL006,2024-05-01,Utilities,6202.39,6476.1,273.71
CST000264,HTL006,2024-05-01,Housekeeping Supplies,4300.47,4696.78,396.31
CST000265,HTL006,2024-05-01,Maintenance & Repairs,4895.79,5136.03,240.24
CST000266,HTL006,2024-05-01,Food & Beverage Supplies,9743.2,9054.63,-688.57
CST000267,HTL006,2024-05-01,Marketing,3914.81,3673.86,-240.95
CST000268,HTL006,2024-05-01,Property & Insurance,11717.09,12838.12,1121.03
CST000269,HTL006,2024-05-01,Technology & Systems,2745.26,2539.54,-205.72
CST000270,HTL006,2024-05-01,Other Operating Costs,7248.19,6879.84,-368.35
CST000271,HTL001,2024-06-01,Payroll & Agency Staff,66882.17,62655.38,-4226.79
CST000272,HTL001,2024-06-01,Utilities,13864.77,13460.83,-403.94
CST000273,HTL001,2024-06-01,Housekeeping Supplies,8797.97,8934.15,136.17
CST000274,HTL001,2024-06-01,Maintenance & Repairs,10563.56,10235.97,-327.59
CST000275,HTL001,2024-06-01,Food & Beverage Supplies,21315.29,21256.73,-58.56
CST000276,HTL001,2024-06-01,Marketing,8495.82,8925.42,429.59
CST000277,HTL001,2024-06-01,Property & Insurance,23751.73,24092.49,340.76
CST000278,HTL001,2024-06-01,Technology & Systems,5938.99,6623.79,684.79
CST000279,HTL001,2024-06-01,Other Operating Costs,15578.69,16684.46,1105.77
CST000280,HTL002,2024-06-01,Payroll & Agency Staff,44717.55,47231.58,2514.03
CST000281,HTL002,2024-06-01,Utilities,9244.14,8834.8,-409.34
CST000282,HTL002,2024-06-01,Housekeeping Supplies,6156.91,6143.54,-13.37
CST000283,HTL002,2024-06-01,Maintenance & Repairs,7170.95,7085.17,-85.78
CST000284,HTL002,2024-06-01,Food & Beverage Supplies,14259.38,14184.84,-74.54
CST000285,HTL002,2024-06-01,Marketing,5438.34,5961.81,523.48
CST000286,HTL002,2024-06-01,Property & Insurance,15789.24,17008.89,1219.65
CST000287,HTL002,2024-06-01,Technology & Systems,3959.88,3828,-131.88
CST000288,HTL002,2024-06-01,Other Operating Costs,9733.02,10148.02,415
CST000289,HTL003,2024-06-01,Payroll & Agency Staff,37623.2,41991.64,4368.44
CST000290,HTL003,2024-06-01,Utilities,7641.19,7022.17,-619.02
CST000291,HTL003,2024-06-01,Housekeeping Supplies,5087.39,5255.75,168.36
CST000292,HTL003,2024-06-01,Maintenance & Repairs,6013.5,6192.09,178.59
CST000293,HTL003,2024-06-01,Food & Beverage Supplies,11719.35,11581.79,-137.56
CST000294,HTL003,2024-06-01,Marketing,4530.73,4492.14,-38.59
CST000295,HTL003,2024-06-01,Property & Insurance,13867.34,14131.23,263.89
CST000296,HTL003,2024-06-01,Technology & Systems,3302.35,3015.21,-287.14
CST000297,HTL003,2024-06-01,Other Operating Costs,8681.89,8367.59,-314.3
CST000298,HTL004,2024-06-01,Payroll & Agency Staff,45163.06,42334.67,-2828.38
CST000299,HTL004,2024-06-01,Utilities,8459.31,8695.65,236.35
CST000300,HTL004,2024-06-01,Housekeeping Supplies,5922.91,6550.89,627.99
CST000301,HTL004,2024-06-01,Maintenance & Repairs,6779.36,7090.89,311.53
CST000302,HTL004,2024-06-01,Food & Beverage Supplies,13682.73,13775.89,93.16
CST000303,HTL004,2024-06-01,Marketing,5352.64,5462.53,109.89
CST000304,HTL004,2024-06-01,Property & Insurance,14892.67,16530.73,1638.07
CST000305,HTL004,2024-06-01,Technology & Systems,3718.66,3490.14,-228.53
CST000306,HTL004,2024-06-01,Other Operating Costs,9339.34,9481.98,142.64
CST000307,HTL005,2024-06-01,Payroll & Agency Staff,32754.78,32009.87,-744.91
CST000308,HTL005,2024-06-01,Utilities,6372.73,6247.71,-125.02
CST000309,HTL005,2024-06-01,Housekeeping Supplies,4255.7,3963.26,-292.44
CST000310,HTL005,2024-06-01,Maintenance & Repairs,5146.31,5097.83,-48.48
CST000311,HTL005,2024-06-01,Food & Beverage Supplies,10541.95,10727.42,185.47
CST000312,HTL005,2024-06-01,Marketing,3743.77,3554.74,-189.03
CST000313,HTL005,2024-06-01,Property & Insurance,11810.36,11465.5,-344.85
CST000314,HTL005,2024-06-01,Technology & Systems,2835.59,2804.4,-31.18
CST000315,HTL005,2024-06-01,Other Operating Costs,7029.01,6592.73,-436.27
CST000316,HTL006,2024-06-01,Payroll & Agency Staff,32446.25,31235.95,-1210.3
CST000317,HTL006,2024-06-01,Utilities,6546.68,6989.39,442.72
CST000318,HTL006,2024-06-01,Housekeeping Supplies,4476.98,4440.12,-36.86
CST000319,HTL006,2024-06-01,Maintenance & Repairs,5173.29,5713.12,539.83
CST000320,HTL006,2024-06-01,Food & Beverage Supplies,10778.84,10453.83,-325.02
CST000321,HTL006,2024-06-01,Marketing,3890.93,3703.17,-187.76
CST000322,HTL006,2024-06-01,Property & Insurance,12185.71,12760.71,575
CST000323,HTL006,2024-06-01,Technology & Systems,2875.77,2673.57,-202.2
CST000324,HTL006,2024-06-01,Other Operating Costs,7464.22,7219.71,-244.51
CST000325,HTL001,2024-07-01,Payroll & Agency Staff,70351.74,74938.65,4586.91
CST000326,HTL001,2024-07-01,Utilities,14362.3,14590.82,228.52
CST000327,HTL001,2024-07-01,Housekeeping Supplies,9945.45,9689.47,-255.98
CST000328,HTL001,2024-07-01,Maintenance & Repairs,11407.01,12309.15,902.13
CST000329,HTL001,2024-07-01,Food & Beverage Supplies,23748.55,25389.26,1640.71
CST000330,HTL001,2024-07-01,Marketing,8394.34,8287.75,-106.59
CST000331,HTL001,2024-07-01,Property & Insurance,26386.4,28211.57,1825.17
CST000332,HTL001,2024-07-01,Technology & Systems,6284.36,6776.55,492.19
CST000333,HTL001,2024-07-01,Other Operating Costs,16390.98,16723.98,332.99
CST000334,HTL002,2024-07-01,Payroll & Agency Staff,48772.95,51216.75,2443.8
CST000335,HTL002,2024-07-01,Utilities,9298.25,9493.39,195.15
CST000336,HTL002,2024-07-01,Housekeeping Supplies,6105.26,6245.66,140.4
CST000337,HTL002,2024-07-01,Maintenance & Repairs,7785.22,7351.75,-433.46
CST000338,HTL002,2024-07-01,Food & Beverage Supplies,14994.5,14673.12,-321.39
CST000339,HTL002,2024-07-01,Marketing,5790.87,6129.03,338.16
CST000340,HTL002,2024-07-01,Property & Insurance,17690.34,17466.53,-223.82
CST000341,HTL002,2024-07-01,Technology & Systems,3932.25,4381.88,449.63
CST000342,HTL002,2024-07-01,Other Operating Costs,10517.27,10042.65,-474.62
CST000343,HTL003,2024-07-01,Payroll & Agency Staff,41440.95,45582.47,4141.52
CST000344,HTL003,2024-07-01,Utilities,8053.12,7802.83,-250.29
CST000345,HTL003,2024-07-01,Housekeeping Supplies,5223.53,4811.92,-411.61
CST000346,HTL003,2024-07-01,Maintenance & Repairs,6319.62,5880.36,-439.27
CST000347,HTL003,2024-07-01,Food & Beverage Supplies,12676.82,11865.36,-811.46
CST000348,HTL003,2024-07-01,Marketing,4693.31,4628.4,-64.91
CST000349,HTL003,2024-07-01,Property & Insurance,14841.44,15756.1,914.66
CST000350,HTL003,2024-07-01,Technology & Systems,3292.93,3006.22,-286.71
CST000351,HTL003,2024-07-01,Other Operating Costs,9198.22,8516.32,-681.9
CST000352,HTL004,2024-07-01,Payroll & Agency Staff,46363.3,49071.42,2708.12
CST000353,HTL004,2024-07-01,Utilities,9184,8660.55,-523.45
CST000354,HTL004,2024-07-01,Housekeeping Supplies,5948.93,6623.67,674.74
CST000355,HTL004,2024-07-01,Maintenance & Repairs,7412.97,7599.95,186.99
CST000356,HTL004,2024-07-01,Food & Beverage Supplies,14740.04,15062.18,322.14
CST000357,HTL004,2024-07-01,Marketing,5241.46,5270.64,29.18
CST000358,HTL004,2024-07-01,Property & Insurance,15654.88,14433.84,-1221.03
CST000359,HTL004,2024-07-01,Technology & Systems,3837.9,4090.14,252.24
CST000360,HTL004,2024-07-01,Other Operating Costs,9776.57,10528.06,751.49
CST000361,HTL005,2024-07-01,Payroll & Agency Staff,33501.09,35824.4,2323.31
CST000362,HTL005,2024-07-01,Utilities,6604.56,7086.54,481.98
CST000363,HTL005,2024-07-01,Housekeeping Supplies,4629.94,4851.7,221.76
CST000364,HTL005,2024-07-01,Maintenance & Repairs,5433.9,5408.25,-25.65
CST000365,HTL005,2024-07-01,Food & Beverage Supplies,10528.6,10507.55,-21.05
CST000366,HTL005,2024-07-01,Marketing,3938.09,3933.86,-4.22
CST000367,HTL005,2024-07-01,Property & Insurance,12030.63,12382.34,351.71
CST000368,HTL005,2024-07-01,Technology & Systems,2807.57,3117.78,310.21
CST000369,HTL005,2024-07-01,Other Operating Costs,7373.21,6927.61,-445.61
CST000370,HTL006,2024-07-01,Payroll & Agency Staff,36098.21,35222.52,-875.69
CST000371,HTL006,2024-07-01,Utilities,7077.83,7740.02,662.19
CST000372,HTL006,2024-07-01,Housekeeping Supplies,4801.52,4908.35,106.83
CST000373,HTL006,2024-07-01,Maintenance & Repairs,5779.49,5384.05,-395.44
CST000374,HTL006,2024-07-01,Food & Beverage Supplies,11346.21,11905.82,559.61
CST000375,HTL006,2024-07-01,Marketing,4251.09,4384.32,133.23
CST000376,HTL006,2024-07-01,Property & Insurance,12135.92,11178.35,-957.56
CST000377,HTL006,2024-07-01,Technology & Systems,2873.74,3026.29,152.55
CST000378,HTL006,2024-07-01,Other Operating Costs,7481.3,7449.92,-31.38
CST000379,HTL001,2024-08-01,Payroll & Agency Staff,75257.89,80014.85,4756.95
CST000380,HTL001,2024-08-01,Utilities,15389.91,15095.1,-294.81
CST000381,HTL001,2024-08-01,Housekeeping Supplies,9854.27,9443.65,-410.62
CST000382,HTL001,2024-08-01,Maintenance & Repairs,12256.48,12614.57,358.09
CST000383,HTL001,2024-08-01,Food & Beverage Supplies,22956.39,21758.06,-1198.33
CST000384,HTL001,2024-08-01,Marketing,8921.95,8606.06,-315.89
CST000385,HTL001,2024-08-01,Property & Insurance,26332.26,24921.87,-1410.39
CST000386,HTL001,2024-08-01,Technology & Systems,6170.84,6889.38,718.54
CST000387,HTL001,2024-08-01,Other Operating Costs,16957.42,18018.42,1061.01
CST000388,HTL002,2024-08-01,Payroll & Agency Staff,47845.52,52233.77,4388.25
CST000389,HTL002,2024-08-01,Utilities,9858.67,10457.3,598.63
CST000390,HTL002,2024-08-01,Housekeeping Supplies,6686.54,6818.35,131.82
CST000391,HTL002,2024-08-01,Maintenance & Repairs,7801.18,11237.94,3436.77
CST000392,HTL002,2024-08-01,Food & Beverage Supplies,14958.48,14462.84,-495.64
CST000393,HTL002,2024-08-01,Marketing,6032.8,5905.86,-126.94
CST000394,HTL002,2024-08-01,Property & Insurance,17134.8,17548.88,414.08
CST000395,HTL002,2024-08-01,Technology & Systems,4015.1,3866.44,-148.65
CST000396,HTL002,2024-08-01,Other Operating Costs,10489.83,10637.78,147.95
CST000397,HTL003,2024-08-01,Payroll & Agency Staff,40695.44,38274.94,-2420.5
CST000398,HTL003,2024-08-01,Utilities,8313.71,8711.62,397.91
CST000399,HTL003,2024-08-01,Housekeeping Supplies,5374.23,5862.53,488.3
CST000400,HTL003,2024-08-01,Maintenance & Repairs,6751.57,6274.58,-477
CST000401,HTL003,2024-08-01,Food & Beverage Supplies,13477.86,13466.53,-11.33
CST000402,HTL003,2024-08-01,Marketing,5044.73,4624.55,-420.19
CST000403,HTL003,2024-08-01,Property & Insurance,14717.72,15028.7,310.98
CST000404,HTL003,2024-08-01,Technology & Systems,3374.82,3634.47,259.65
CST000405,HTL003,2024-08-01,Other Operating Costs,8864.88,8083.99,-780.89
CST000406,HTL004,2024-08-01,Payroll & Agency Staff,48477.85,48471.41,-6.43
CST000407,HTL004,2024-08-01,Utilities,9415.07,8676.54,-738.53
CST000408,HTL004,2024-08-01,Housekeeping Supplies,6269.84,5836.02,-433.82
CST000409,HTL004,2024-08-01,Maintenance & Repairs,7428.63,7719.8,291.17
CST000410,HTL004,2024-08-01,Food & Beverage Supplies,14471.44,13529.8,-941.64
CST000411,HTL004,2024-08-01,Marketing,5388.8,5259.09,-129.72
CST000412,HTL004,2024-08-01,Property & Insurance,17126.1,18186.66,1060.56
CST000413,HTL004,2024-08-01,Technology & Systems,3931.31,3749.47,-181.84
CST000414,HTL004,2024-08-01,Other Operating Costs,10150.2,10907.59,757.38
CST000415,HTL005,2024-08-01,Payroll & Agency Staff,34458.9,34661.37,202.47
CST000416,HTL005,2024-08-01,Utilities,7030.75,7271.32,240.56
CST000417,HTL005,2024-08-01,Housekeeping Supplies,4540.75,5020.34,479.59
CST000418,HTL005,2024-08-01,Maintenance & Repairs,5534.66,5653.57,118.91
CST000419,HTL005,2024-08-01,Food & Beverage Supplies,11300.8,11940.58,639.79
CST000420,HTL005,2024-08-01,Marketing,4245.76,4108.93,-136.83
CST000421,HTL005,2024-08-01,Property & Insurance,12511.69,11432.53,-1079.16
CST000422,HTL005,2024-08-01,Technology & Systems,2863.29,3020.94,157.65
CST000423,HTL005,2024-08-01,Other Operating Costs,7560.93,7963.84,402.91
CST000424,HTL006,2024-08-01,Payroll & Agency Staff,35288.14,39333.97,4045.83
CST000425,HTL006,2024-08-01,Utilities,6961.75,6641.34,-320.41
CST000426,HTL006,2024-08-01,Housekeeping Supplies,4874.32,4785.96,-88.36
CST000427,HTL006,2024-08-01,Maintenance & Repairs,5616.89,5128.16,-488.74
CST000428,HTL006,2024-08-01,Food & Beverage Supplies,11772.6,12949.14,1176.54
CST000429,HTL006,2024-08-01,Marketing,4360.71,4399.19,38.48
CST000430,HTL006,2024-08-01,Property & Insurance,12929.19,11936.75,-992.44
CST000431,HTL006,2024-08-01,Technology & Systems,2940.34,2925.12,-15.22
CST000432,HTL006,2024-08-01,Other Operating Costs,7692.59,8062.47,369.88
CST000433,HTL001,2024-09-01,Payroll & Agency Staff,66404.34,67398.69,994.35
CST000434,HTL001,2024-09-01,Utilities,13071.27,14447.32,1376.05
CST000435,HTL001,2024-09-01,Housekeeping Supplies,8386.24,8991.41,605.17
CST000436,HTL001,2024-09-01,Maintenance & Repairs,10801.66,10609.97,-191.68
CST000437,HTL001,2024-09-01,Food & Beverage Supplies,20832.83,19773.56,-1059.27
CST000438,HTL001,2024-09-01,Marketing,7746.91,8585.36,838.45
CST000439,HTL001,2024-09-01,Property & Insurance,24125.67,22555.39,-1570.28
CST000440,HTL001,2024-09-01,Technology & Systems,5739.34,5470.3,-269.04
CST000441,HTL001,2024-09-01,Other Operating Costs,14203.75,14881.29,677.54
CST000442,HTL002,2024-09-01,Payroll & Agency Staff,42275.54,41977.13,-298.41
CST000443,HTL002,2024-09-01,Utilities,8304.33,7857.19,-447.14
CST000444,HTL002,2024-09-01,Housekeeping Supplies,5538.68,5677.96,139.28
CST000445,HTL002,2024-09-01,Maintenance & Repairs,6713.44,7093.19,379.75
CST000446,HTL002,2024-09-01,Food & Beverage Supplies,13919.43,13038.11,-881.33
CST000447,HTL002,2024-09-01,Marketing,4965.02,5031.67,66.64
CST000448,HTL002,2024-09-01,Property & Insurance,15064.67,15740.09,675.42
CST000449,HTL002,2024-09-01,Technology & Systems,3771,3600.88,-170.12
CST000450,HTL002,2024-09-01,Other Operating Costs,9355.71,8524.95,-830.76
CST000451,HTL003,2024-09-01,Payroll & Agency Staff,36959.93,34149.89,-2810.04
CST000452,HTL003,2024-09-01,Utilities,7329.38,7792.42,463.04
CST000453,HTL003,2024-09-01,Housekeeping Supplies,4704.69,4718.97,14.28
CST000454,HTL003,2024-09-01,Maintenance & Repairs,5607.42,5335.14,-272.28
CST000455,HTL003,2024-09-01,Food & Beverage Supplies,11803.14,12760.81,957.67
CST000456,HTL003,2024-09-01,Marketing,4512.43,4233.59,-278.85
CST000457,HTL003,2024-09-01,Property & Insurance,12595.93,11504.01,-1091.92
CST000458,HTL003,2024-09-01,Technology & Systems,3151.64,3074.5,-77.15
CST000459,HTL003,2024-09-01,Other Operating Costs,8008.14,8664.15,656.01
CST000460,HTL004,2024-09-01,Payroll & Agency Staff,42469.6,39183.1,-3286.51
CST000461,HTL004,2024-09-01,Utilities,7968.11,8704.67,736.56
CST000462,HTL004,2024-09-01,Housekeeping Supplies,5462.72,5997.34,534.62
CST000463,HTL004,2024-09-01,Maintenance & Repairs,6727,6478.84,-248.16
CST000464,HTL004,2024-09-01,Food & Beverage Supplies,13237.49,12675.28,-562.21
CST000465,HTL004,2024-09-01,Marketing,5088.64,5443.81,355.17
CST000466,HTL004,2024-09-01,Property & Insurance,14695.07,16080.06,1384.99
CST000467,HTL004,2024-09-01,Technology & Systems,3589.97,3285.73,-304.24
CST000468,HTL004,2024-09-01,Other Operating Costs,9180.72,9053.44,-127.27
CST000469,HTL005,2024-09-01,Payroll & Agency Staff,30850.85,31649.47,798.62
CST000470,HTL005,2024-09-01,Utilities,6146.71,6737.92,591.22
CST000471,HTL005,2024-09-01,Housekeeping Supplies,4190.99,4005.64,-185.35
CST000472,HTL005,2024-09-01,Maintenance & Repairs,4878.35,4499.5,-378.85
CST000473,HTL005,2024-09-01,Food & Beverage Supplies,10176.39,9808.79,-367.61
CST000474,HTL005,2024-09-01,Marketing,3541.45,3300.78,-240.68
CST000475,HTL005,2024-09-01,Property & Insurance,10878.62,11046.73,168.11
CST000476,HTL005,2024-09-01,Technology & Systems,2683.9,2798.8,114.9
CST000477,HTL005,2024-09-01,Other Operating Costs,6870.78,6556.66,-314.12
CST000478,HTL006,2024-09-01,Payroll & Agency Staff,32033.72,31896.22,-137.5
CST000479,HTL006,2024-09-01,Utilities,6339.03,6592.12,253.09
CST000480,HTL006,2024-09-01,Housekeeping Supplies,4112.63,4299.72,187.09
CST000481,HTL006,2024-09-01,Maintenance & Repairs,4973.46,5427.92,454.46
CST000482,HTL006,2024-09-01,Food & Beverage Supplies,10103.72,10160.6,56.88
CST000483,HTL006,2024-09-01,Marketing,3923.07,3937.65,14.58
CST000484,HTL006,2024-09-01,Property & Insurance,11461.19,10589.92,-871.26
CST000485,HTL006,2024-09-01,Technology & Systems,2649.72,2803.92,154.2
CST000486,HTL006,2024-09-01,Other Operating Costs,6807.25,6604.01,-203.24
CST000487,HTL001,2024-10-01,Payroll & Agency Staff,61883.23,68111.84,6228.61
CST000488,HTL001,2024-10-01,Utilities,12659.22,12997.36,338.13
CST000489,HTL001,2024-10-01,Housekeeping Supplies,8262.65,8698.83,436.18
CST000490,HTL001,2024-10-01,Maintenance & Repairs,9547.64,9860,312.36
CST000491,HTL001,2024-10-01,Food & Beverage Supplies,20039.34,22131.11,2091.77
CST000492,HTL001,2024-10-01,Marketing,7589.68,9914.75,2325.07
CST000493,HTL001,2024-10-01,Property & Insurance,22398.25,22433.49,35.24
CST000494,HTL001,2024-10-01,Technology & Systems,5088.34,5457.59,369.25
CST000495,HTL001,2024-10-01,Other Operating Costs,13409.41,13259.76,-149.66
CST000496,HTL002,2024-10-01,Payroll & Agency Staff,41435.45,41706.25,270.79
CST000497,HTL002,2024-10-01,Utilities,7788.42,7673.36,-115.06
CST000498,HTL002,2024-10-01,Housekeeping Supplies,5402,5161.13,-240.87
CST000499,HTL002,2024-10-01,Maintenance & Repairs,6414.52,6060.86,-353.66
CST000500,HTL002,2024-10-01,Food & Beverage Supplies,13031.86,12543.56,-488.3
CST000501,HTL002,2024-10-01,Marketing,4968.37,5578.34,609.97
CST000502,HTL002,2024-10-01,Property & Insurance,14746.22,13783.61,-962.6
CST000503,HTL002,2024-10-01,Technology & Systems,3299.98,3105.98,-194
CST000504,HTL002,2024-10-01,Other Operating Costs,8669.76,9219.76,550
CST000505,HTL003,2024-10-01,Payroll & Agency Staff,33583.95,34799.12,1215.17
CST000506,HTL003,2024-10-01,Utilities,7046.56,6484.67,-561.89
CST000507,HTL003,2024-10-01,Housekeeping Supplies,4621.52,4243.15,-378.37
CST000508,HTL003,2024-10-01,Maintenance & Repairs,5446.82,4984.39,-462.42
CST000509,HTL003,2024-10-01,Food & Beverage Supplies,11295.34,11954.18,658.83
CST000510,HTL003,2024-10-01,Marketing,4066.07,5025.46,959.39
CST000511,HTL003,2024-10-01,Property & Insurance,12225.46,12069.71,-155.76
CST000512,HTL003,2024-10-01,Technology & Systems,2852.01,2684.63,-167.37
CST000513,HTL003,2024-10-01,Other Operating Costs,7335.4,8203.41,868
CST000514,HTL004,2024-10-01,Payroll & Agency Staff,37396.44,39641.29,2244.85
CST000515,HTL004,2024-10-01,Utilities,7924.94,8417.12,492.18
CST000516,HTL004,2024-10-01,Housekeeping Supplies,5077.85,5198.41,120.56
CST000517,HTL004,2024-10-01,Maintenance & Repairs,5959.63,6593.32,633.69
CST000518,HTL004,2024-10-01,Food & Beverage Supplies,12194.8,13199.24,1004.44
CST000519,HTL004,2024-10-01,Marketing,4630.08,5978.43,1348.35
CST000520,HTL004,2024-10-01,Property & Insurance,13367.97,12186.12,-1181.86
CST000521,HTL004,2024-10-01,Technology & Systems,3212.11,3138.8,-73.31
CST000522,HTL004,2024-10-01,Other Operating Costs,8535.25,9194.84,659.58
CST000523,HTL005,2024-10-01,Payroll & Agency Staff,28365.25,27958.14,-407.11
CST000524,HTL005,2024-10-01,Utilities,5663.51,6034.69,371.18
CST000525,HTL005,2024-10-01,Housekeeping Supplies,3883.71,3741.68,-142.02
CST000526,HTL005,2024-10-01,Maintenance & Repairs,4701.92,4918.07,216.15
CST000527,HTL005,2024-10-01,Food & Beverage Supplies,8896.68,8548.14,-348.54
CST000528,HTL005,2024-10-01,Marketing,3442.29,3891.6,449.31
CST000529,HTL005,2024-10-01,Property & Insurance,10109.97,9685.37,-424.6
CST000530,HTL005,2024-10-01,Technology & Systems,2508.93,2795.97,287.04
CST000531,HTL005,2024-10-01,Other Operating Costs,6273.03,6816.17,543.14
CST000532,HTL006,2024-10-01,Payroll & Agency Staff,29990.22,29586.39,-403.82
CST000533,HTL006,2024-10-01,Utilities,6055.71,6676.62,620.91
CST000534,HTL006,2024-10-01,Housekeeping Supplies,3906.33,4256.16,349.83
CST000535,HTL006,2024-10-01,Maintenance & Repairs,4651.07,4908.71,257.64
CST000536,HTL006,2024-10-01,Food & Beverage Supplies,9373.85,10127.75,753.9
CST000537,HTL006,2024-10-01,Marketing,3463.82,3869.7,405.88
CST000538,HTL006,2024-10-01,Property & Insurance,10339.28,10815.91,476.63
CST000539,HTL006,2024-10-01,Technology & Systems,2469.1,2326.91,-142.19
CST000540,HTL006,2024-10-01,Other Operating Costs,6779.76,6939.75,159.99
CST000541,HTL001,2024-11-01,Payroll & Agency Staff,58541.21,62054.62,3513.41
CST000542,HTL001,2024-11-01,Utilities,11119.52,12393.91,1274.39
CST000543,HTL001,2024-11-01,Housekeeping Supplies,7600.1,7137.36,-462.75
CST000544,HTL001,2024-11-01,Maintenance & Repairs,8701.49,9497.09,795.6
CST000545,HTL001,2024-11-01,Food & Beverage Supplies,17619.79,17654.93,35.14
CST000546,HTL001,2024-11-01,Marketing,6789.17,7770.46,981.28
CST000547,HTL001,2024-11-01,Property & Insurance,20119.36,18320.07,-1799.29
CST000548,HTL001,2024-11-01,Technology & Systems,4996.89,5094.92,98.03
CST000549,HTL001,2024-11-01,Other Operating Costs,12193.3,12585.7,392.4
CST000550,HTL002,2024-11-01,Payroll & Agency Staff,36743.08,36561.02,-182.06
CST000551,HTL002,2024-11-01,Utilities,7334.55,7265.68,-68.87
CST000552,HTL002,2024-11-01,Housekeeping Supplies,4828.67,5132.42,303.75
CST000553,HTL002,2024-11-01,Maintenance & Repairs,5956.09,5758.84,-197.25
CST000554,HTL002,2024-11-01,Food & Beverage Supplies,12142.87,12589.51,446.64
CST000555,HTL002,2024-11-01,Marketing,4440.55,5373.81,933.26
CST000556,HTL002,2024-11-01,Property & Insurance,13505.55,12577.38,-928.17
CST000557,HTL002,2024-11-01,Technology & Systems,3111.22,3301.48,190.26
CST000558,HTL002,2024-11-01,Other Operating Costs,7976.57,8789.19,812.62
CST000559,HTL003,2024-11-01,Payroll & Agency Staff,32397.09,32282.45,-114.64
CST000560,HTL003,2024-11-01,Utilities,6338.45,7044.9,706.46
CST000561,HTL003,2024-11-01,Housekeeping Supplies,4038.41,3881.98,-156.43
CST000562,HTL003,2024-11-01,Maintenance & Repairs,5098.83,4704.53,-394.3
CST000563,HTL003,2024-11-01,Food & Beverage Supplies,9808.77,10834.08,1025.31
CST000564,HTL003,2024-11-01,Marketing,3675.54,4788.66,1113.12
CST000565,HTL003,2024-11-01,Property & Insurance,11368.57,10514.55,-854.03
CST000566,HTL003,2024-11-01,Technology & Systems,2700.96,2485.15,-215.81
CST000567,HTL003,2024-11-01,Other Operating Costs,6900.28,7214.01,313.73
CST000568,HTL004,2024-11-01,Payroll & Agency Staff,34531.18,37015.95,2484.77
CST000569,HTL004,2024-11-01,Utilities,6915.68,6905.48,-10.2
CST000570,HTL004,2024-11-01,Housekeeping Supplies,4743.72,4819.33,75.61
CST000571,HTL004,2024-11-01,Maintenance & Repairs,5738.97,5823.34,84.37
CST000572,HTL004,2024-11-01,Food & Beverage Supplies,11171.41,11088.23,-83.17
CST000573,HTL004,2024-11-01,Marketing,4212.62,5250.5,1037.87
CST000574,HTL004,2024-11-01,Property & Insurance,12913.97,13010.36,96.39
CST000575,HTL004,2024-11-01,Technology & Systems,2988.27,2778.89,-209.37
CST000576,HTL004,2024-11-01,Other Operating Costs,8121.47,7429.01,-692.45
CST000577,HTL005,2024-11-01,Payroll & Agency Staff,26535.51,27139.27,603.76
CST000578,HTL005,2024-11-01,Utilities,5206.83,5129.08,-77.75
CST000579,HTL005,2024-11-01,Housekeeping Supplies,3442.17,3508.21,66.04
CST000580,HTL005,2024-11-01,Maintenance & Repairs,4065.87,4551.3,485.43
CST000581,HTL005,2024-11-01,Food & Beverage Supplies,8290.05,9237.67,947.62
CST000582,HTL005,2024-11-01,Marketing,3286.66,4202.9,916.24
CST000583,HTL005,2024-11-01,Property & Insurance,9206.98,9219.01,12.03
CST000584,HTL005,2024-11-01,Technology & Systems,2278.13,2226.37,-51.76
CST000585,HTL005,2024-11-01,Other Operating Costs,5885.8,6268.44,382.64
CST000586,HTL006,2024-11-01,Payroll & Agency Staff,27242.41,26793.27,-449.14
CST000587,HTL006,2024-11-01,Utilities,5527.28,5102.87,-424.42
CST000588,HTL006,2024-11-01,Housekeeping Supplies,3605.58,3854.41,248.83
CST000589,HTL006,2024-11-01,Maintenance & Repairs,4234.54,4454.06,219.51
CST000590,HTL006,2024-11-01,Food & Beverage Supplies,8924.27,9944.6,1020.33
CST000591,HTL006,2024-11-01,Marketing,3144.1,4128.7,984.59
CST000592,HTL006,2024-11-01,Property & Insurance,9505.3,9037.05,-468.25
CST000593,HTL006,2024-11-01,Technology & Systems,2304.07,2577.3,273.23
CST000594,HTL006,2024-11-01,Other Operating Costs,6185.51,6378.58,193.06
CST000595,HTL001,2024-12-01,Payroll & Agency Staff,68232.42,62276.56,-5955.86
CST000596,HTL001,2024-12-01,Utilities,13516.5,16379.69,2863.18
CST000597,HTL001,2024-12-01,Housekeeping Supplies,9467.94,9254.65,-213.29
CST000598,HTL001,2024-12-01,Maintenance & Repairs,10920.48,11420.12,499.65
CST000599,HTL001,2024-12-01,Food & Beverage Supplies,21190.93,22244.79,1053.87
CST000600,HTL001,2024-12-01,Marketing,7977.73,8509.13,531.4
CST000601,HTL001,2024-12-01,Property & Insurance,23906.92,24301.53,394.61
CST000602,HTL001,2024-12-01,Technology & Systems,5794.73,5674.25,-120.48
CST000603,HTL001,2024-12-01,Other Operating Costs,14958.54,15036.58,78.05
CST000604,HTL002,2024-12-01,Payroll & Agency Staff,45940.53,49872.75,3932.22
CST000605,HTL002,2024-12-01,Utilities,8943.25,11105.01,2161.75
CST000606,HTL002,2024-12-01,Housekeeping Supplies,5744.35,6006.93,262.58
CST000607,HTL002,2024-12-01,Maintenance & Repairs,7297.02,7098.58,-198.44
CST000608,HTL002,2024-12-01,Food & Beverage Supplies,13850.86,13238.02,-612.84
CST000609,HTL002,2024-12-01,Marketing,5308.63,5071.03,-237.6
CST000610,HTL002,2024-12-01,Property & Insurance,16684.73,17260.97,576.24
CST000611,HTL002,2024-12-01,Technology & Systems,3792.06,3795.31,3.25
CST000612,HTL002,2024-12-01,Other Operating Costs,9865.96,9538.58,-327.38
CST000613,HTL003,2024-12-01,Payroll & Agency Staff,38662.79,37226.98,-1435.81
CST000614,HTL003,2024-12-01,Utilities,7778.05,8457.68,679.64
CST000615,HTL003,2024-12-01,Housekeeping Supplies,4920.32,5264.79,344.47
CST000616,HTL003,2024-12-01,Maintenance & Repairs,5970.51,6493.34,522.82
CST000617,HTL003,2024-12-01,Food & Beverage Supplies,12053.79,13333.12,1279.34
CST000618,HTL003,2024-12-01,Marketing,4471.79,4227.14,-244.64
CST000619,HTL003,2024-12-01,Property & Insurance,13163.34,11980.23,-1183.11
CST000620,HTL003,2024-12-01,Technology & Systems,3138.34,3085.08,-53.26
CST000621,HTL003,2024-12-01,Other Operating Costs,8739.17,8118.39,-620.79
CST000622,HTL004,2024-12-01,Payroll & Agency Staff,42049.32,39851.6,-2197.71
CST000623,HTL004,2024-12-01,Utilities,8268.54,8723.29,454.75
CST000624,HTL004,2024-12-01,Housekeeping Supplies,5508.29,5993.03,484.74
CST000625,HTL004,2024-12-01,Maintenance & Repairs,6816.59,6984.15,167.56
CST000626,HTL004,2024-12-01,Food & Beverage Supplies,13781.12,12687.28,-1093.84
CST000627,HTL004,2024-12-01,Marketing,5256.69,5408.46,151.77
CST000628,HTL004,2024-12-01,Property & Insurance,15367.53,14217.6,-1149.93
CST000629,HTL004,2024-12-01,Technology & Systems,3684.63,3804.73,120.1
CST000630,HTL004,2024-12-01,Other Operating Costs,9602.85,9892.28,289.43
CST000631,HTL005,2024-12-01,Payroll & Agency Staff,32003.52,31163.31,-840.21
CST000632,HTL005,2024-12-01,Utilities,6490.13,7142.29,652.16
CST000633,HTL005,2024-12-01,Housekeeping Supplies,4390.26,4802.29,412.03
CST000634,HTL005,2024-12-01,Maintenance & Repairs,4989.72,5010.16,20.44
CST000635,HTL005,2024-12-01,Food & Beverage Supplies,10606.78,10024.94,-581.85
CST000636,HTL005,2024-12-01,Marketing,3718.38,3776.81,58.43
CST000637,HTL005,2024-12-01,Property & Insurance,11656.93,11839.65,182.71
CST000638,HTL005,2024-12-01,Technology & Systems,2834.23,2775.71,-58.52
CST000639,HTL005,2024-12-01,Other Operating Costs,7060.34,6757.43,-302.92
CST000640,HTL006,2024-12-01,Payroll & Agency Staff,33335.48,35894.49,2559.01
CST000641,HTL006,2024-12-01,Utilities,6371.38,6771.09,399.71
CST000642,HTL006,2024-12-01,Housekeeping Supplies,4299,4759.15,460.15
CST000643,HTL006,2024-12-01,Maintenance & Repairs,5209.1,5246.62,37.53
CST000644,HTL006,2024-12-01,Food & Beverage Supplies,10656.48,10783.17,126.69
CST000645,HTL006,2024-12-01,Marketing,3993.98,4301.7,307.72
CST000646,HTL006,2024-12-01,Property & Insurance,12032,10984.56,-1047.45
CST000647,HTL006,2024-12-01,Technology & Systems,2763.89,2922.7,158.81
CST000648,HTL006,2024-12-01,Other Operating Costs,7491.45,7143.72,-347.73
CST000649,HTL001,2025-01-01,Payroll & Agency Staff,52977.68,51184.41,-1793.26
CST000650,HTL001,2025-01-01,Utilities,10480.88,11614.08,1133.2
CST000651,HTL001,2025-01-01,Housekeeping Supplies,7006.26,7794.14,787.88
CST000652,HTL001,2025-01-01,Maintenance & Repairs,8459.17,9309.14,849.97
CST000653,HTL001,2025-01-01,Food & Beverage Supplies,16339.85,17293.07,953.22
CST000654,HTL001,2025-01-01,Marketing,6352.42,6668.61,316.19
CST000655,HTL001,2025-01-01,Property & Insurance,17805.37,19775.45,1970.07
CST000656,HTL001,2025-01-01,Technology & Systems,4554.04,4588.95,34.9
CST000657,HTL001,2025-01-01,Other Operating Costs,11572.04,11772.33,200.29
CST000658,HTL002,2025-01-01,Payroll & Agency Staff,34436.49,37150.19,2713.69
CST000659,HTL002,2025-01-01,Utilities,6871.28,8323.24,1451.96
CST000660,HTL002,2025-01-01,Housekeeping Supplies,4636.21,4771.86,135.65
CST000661,HTL002,2025-01-01,Maintenance & Repairs,5503.98,6037.27,533.29
CST000662,HTL002,2025-01-01,Food & Beverage Supplies,11153.43,10379.56,-773.87
CST000663,HTL002,2025-01-01,Marketing,4011.52,4152.86,141.33
CST000664,HTL002,2025-01-01,Property & Insurance,12295.42,12464.04,168.62
CST000665,HTL002,2025-01-01,Technology & Systems,2781.12,3045.21,264.08
CST000666,HTL002,2025-01-01,Other Operating Costs,7258.96,7040.45,-218.5
CST000667,HTL003,2025-01-01,Payroll & Agency Staff,29912.69,28309.04,-1603.66
CST000668,HTL003,2025-01-01,Utilities,5677.07,7104.22,1427.15
CST000669,HTL003,2025-01-01,Housekeeping Supplies,3904.78,4310.46,405.68
CST000670,HTL003,2025-01-01,Maintenance & Repairs,4389.41,4811.63,422.22
CST000671,HTL003,2025-01-01,Food & Beverage Supplies,8813.09,9462.55,649.46
CST000672,HTL003,2025-01-01,Marketing,3369.55,3377.68,8.13
CST000673,HTL003,2025-01-01,Property & Insurance,10374.82,11057.39,682.57
CST000674,HTL003,2025-01-01,Technology & Systems,2503.98,2366.09,-137.9
CST000675,HTL003,2025-01-01,Other Operating Costs,6561.84,6633.09,71.25
CST000676,HTL004,2025-01-01,Payroll & Agency Staff,32312.63,32176.56,-136.06
CST000677,HTL004,2025-01-01,Utilities,6208.78,7373.51,1164.73
CST000678,HTL004,2025-01-01,Housekeeping Supplies,4424.66,4757.01,332.35
CST000679,HTL004,2025-01-01,Maintenance & Repairs,5033.61,8382.72,3349.11
CST000680,HTL004,2025-01-01,Food & Beverage Supplies,10511.08,10969.15,458.07
CST000681,HTL004,2025-01-01,Marketing,3964.26,4395.34,431.08
CST000682,HTL004,2025-01-01,Property & Insurance,11314.49,11006.78,-307.71
CST000683,HTL004,2025-01-01,Technology & Systems,2808.82,2718.94,-89.88
CST000684,HTL004,2025-01-01,Other Operating Costs,6971.54,7064.36,92.82
CST000685,HTL005,2025-01-01,Payroll & Agency Staff,23757.5,21664.96,-2092.53
CST000686,HTL005,2025-01-01,Utilities,4881.16,6103.61,1222.45
CST000687,HTL005,2025-01-01,Housekeeping Supplies,3298.6,3613.89,315.29
CST000688,HTL005,2025-01-01,Maintenance & Repairs,3770.61,3706.4,-64.21
CST000689,HTL005,2025-01-01,Food & Beverage Supplies,7906.6,8102.57,195.96
CST000690,HTL005,2025-01-01,Marketing,3007.23,3117.29,110.06
CST000691,HTL005,2025-01-01,Property & Insurance,8658.61,7966.4,-692.21
CST000692,HTL005,2025-01-01,Technology & Systems,2136.4,2389.92,253.52
CST000693,HTL005,2025-01-01,Other Operating Costs,5320.24,5327.96,7.72
CST000694,HTL006,2025-01-01,Payroll & Agency Staff,24993.43,27518.77,2525.34
CST000695,HTL006,2025-01-01,Utilities,4810.17,5149.96,339.79
CST000696,HTL006,2025-01-01,Housekeeping Supplies,3222.74,3473.54,250.8
CST000697,HTL006,2025-01-01,Maintenance & Repairs,4007.54,3796.17,-211.36
CST000698,HTL006,2025-01-01,Food & Beverage Supplies,7675.22,7911.86,236.64
CST000699,HTL006,2025-01-01,Marketing,2854.99,3030.81,175.82
CST000700,HTL006,2025-01-01,Property & Insurance,8577.97,8823.99,246.02
CST000701,HTL006,2025-01-01,Technology & Systems,2056.05,2214.73,158.68
CST000702,HTL006,2025-01-01,Other Operating Costs,5318.94,5510.05,191.11
CST000703,HTL001,2025-02-01,Payroll & Agency Staff,53161.49,52599.29,-562.2
CST000704,HTL001,2025-02-01,Utilities,11044.62,12852.1,1807.47
CST000705,HTL001,2025-02-01,Housekeeping Supplies,7257.99,7129.81,-128.18
CST000706,HTL001,2025-02-01,Maintenance & Repairs,8502.14,13887.71,5385.57
CST000707,HTL001,2025-02-01,Food & Beverage Supplies,16563.53,17342.26,778.73
CST000708,HTL001,2025-02-01,Marketing,6623.26,6118.41,-504.85
CST000709,HTL001,2025-02-01,Property & Insurance,19668.9,18486.2,-1182.7
CST000710,HTL001,2025-02-01,Technology & Systems,4659.41,5142.09,482.67
CST000711,HTL001,2025-02-01,Other Operating Costs,11929.63,12575.43,645.81
CST000712,HTL002,2025-02-01,Payroll & Agency Staff,35658.29,37115.38,1457.09
CST000713,HTL002,2025-02-01,Utilities,7046.74,8306.35,1259.61
CST000714,HTL002,2025-02-01,Housekeeping Supplies,4464.57,4112.91,-351.66
CST000715,HTL002,2025-02-01,Maintenance & Repairs,5687.02,6281.55,594.53
CST000716,HTL002,2025-02-01,Food & Beverage Supplies,10991.66,11485.59,493.93
CST000717,HTL002,2025-02-01,Marketing,4182.15,3943.48,-238.67
CST000718,HTL002,2025-02-01,Property & Insurance,12269.77,11545.61,-724.16
CST000719,HTL002,2025-02-01,Technology & Systems,2857.83,2879.07,21.24
CST000720,HTL002,2025-02-01,Other Operating Costs,7953.76,8250.85,297.09
CST000721,HTL003,2025-02-01,Payroll & Agency Staff,29912.52,28730.76,-1181.76
CST000722,HTL003,2025-02-01,Utilities,5728.23,7055.2,1326.97
CST000723,HTL003,2025-02-01,Housekeeping Supplies,4027.65,4031.08,3.43
CST000724,HTL003,2025-02-01,Maintenance & Repairs,4810.66,5247.32,436.66
CST000725,HTL003,2025-02-01,Food & Beverage Supplies,9142.2,8963.5,-178.7
CST000726,HTL003,2025-02-01,Marketing,3475.59,3600.69,125.1
CST000727,HTL003,2025-02-01,Property & Insurance,10407.39,10052.2,-355.19
CST000728,HTL003,2025-02-01,Technology & Systems,2599.95,2469.6,-130.35
CST000729,HTL003,2025-02-01,Other Operating Costs,6577.99,6222.73,-355.26
CST000730,HTL004,2025-02-01,Payroll & Agency Staff,34430.7,33696.9,-733.8
CST000731,HTL004,2025-02-01,Utilities,6788.39,8531.1,1742.7
CST000732,HTL004,2025-02-01,Housekeeping Supplies,4288.18,3907.05,-381.13
CST000733,HTL004,2025-02-01,Maintenance & Repairs,5423.36,7638.79,2215.43
CST000734,HTL004,2025-02-01,Food & Beverage Supplies,11026.61,12153.75,1127.14
CST000735,HTL004,2025-02-01,Marketing,3862.14,3554.14,-307.99
CST000736,HTL004,2025-02-01,Property & Insurance,12002.86,11401.25,-601.61
CST000737,HTL004,2025-02-01,Technology & Systems,2791.57,3103.43,311.86
CST000738,HTL004,2025-02-01,Other Operating Costs,7599.9,7592.83,-7.07
CST000739,HTL005,2025-02-01,Payroll & Agency Staff,24521.26,24370.14,-151.12
CST000740,HTL005,2025-02-01,Utilities,5128.09,5337.51,209.42
CST000741,HTL005,2025-02-01,Housekeeping Supplies,3247.5,3594.88,347.38
CST000742,HTL005,2025-02-01,Maintenance & Repairs,3966.12,4247,280.89
CST000743,HTL005,2025-02-01,Food & Beverage Supplies,8246.13,8779.31,533.18
CST000744,HTL005,2025-02-01,Marketing,3094.11,3389.93,295.82
CST000745,HTL005,2025-02-01,Property & Insurance,8900.49,9041.09,140.6
CST000746,HTL005,2025-02-01,Technology & Systems,2075.41,2095.9,20.49
CST000747,HTL005,2025-02-01,Other Operating Costs,5387.11,5148.9,-238.2
CST000748,HTL006,2025-02-01,Payroll & Agency Staff,25690.51,28295.11,2604.59
CST000749,HTL006,2025-02-01,Utilities,5095.96,6137.08,1041.12
CST000750,HTL006,2025-02-01,Housekeeping Supplies,3346.48,3112.59,-233.89
CST000751,HTL006,2025-02-01,Maintenance & Repairs,4145.57,3996.71,-148.86
CST000752,HTL006,2025-02-01,Food & Beverage Supplies,8042.5,7620.42,-422.08
CST000753,HTL006,2025-02-01,Marketing,3189.94,2957.47,-232.47
CST000754,HTL006,2025-02-01,Property & Insurance,9335.99,10220.56,884.57
CST000755,HTL006,2025-02-01,Technology & Systems,2118.13,2026.06,-92.07
CST000756,HTL006,2025-02-01,Other Operating Costs,5882.19,5467.62,-414.57
CST000757,HTL001,2025-03-01,Payroll & Agency Staff,56196.72,61020.14,4823.43
CST000758,HTL001,2025-03-01,Utilities,11426.11,10846.84,-579.27
CST000759,HTL001,2025-03-01,Housekeeping Supplies,7721.11,8513.61,792.5
CST000760,HTL001,2025-03-01,Maintenance & Repairs,9040.96,8384.25,-656.71
CST000761,HTL001,2025-03-01,Food & Beverage Supplies,18016.4,17802.42,-213.98
CST000762,HTL001,2025-03-01,Marketing,6996.05,8671.24,1675.19
CST000763,HTL001,2025-03-01,Property & Insurance,21244.73,19365.42,-1879.31
CST000764,HTL001,2025-03-01,Technology & Systems,4735.42,5188.91,453.5
CST000765,HTL001,2025-03-01,Other Operating Costs,12679.64,13824.32,1144.68
CST000766,HTL002,2025-03-01,Payroll & Agency Staff,37650.54,39901.48,2250.93
CST000767,HTL002,2025-03-01,Utilities,7757.51,7190.5,-567.01
CST000768,HTL002,2025-03-01,Housekeeping Supplies,4882.99,4793.91,-89.09
CST000769,HTL002,2025-03-01,Maintenance & Repairs,6175.99,6045.32,-130.68
CST000770,HTL002,2025-03-01,Food & Beverage Supplies,11987.09,13355.97,1368.87
CST000771,HTL002,2025-03-01,Marketing,4413.42,4923.37,509.94
CST000772,HTL002,2025-03-01,Property & Insurance,13918.84,14876.91,958.07
CST000773,HTL002,2025-03-01,Technology & Systems,3332.57,3454.68,122.1
CST000774,HTL002,2025-03-01,Other Operating Costs,8157.18,8016.93,-140.24
CST000775,HTL003,2025-03-01,Payroll & Agency Staff,33234.44,34562.15,1327.71
CST000776,HTL003,2025-03-01,Utilities,6352.14,6620.22,268.08
CST000777,HTL003,2025-03-01,Housekeeping Supplies,4353.39,4747.07,393.68
CST000778,HTL003,2025-03-01,Maintenance & Repairs,5267.21,5853.8,586.58
CST000779,HTL003,2025-03-01,Food & Beverage Supplies,10377.21,10655.22,278.01
CST000780,HTL003,2025-03-01,Marketing,3790.81,4891.7,1100.89
CST000781,HTL003,2025-03-01,Property & Insurance,11533.84,12084.99,551.15
CST000782,HTL003,2025-03-01,Technology & Systems,2764.37,2914.87,150.5
CST000783,HTL003,2025-03-01,Other Operating Costs,7287.15,7734.04,446.89
CST000784,HTL004,2025-03-01,Payroll & Agency Staff,36849.9,37486.26,636.36
CST000785,HTL004,2025-03-01,Utilities,7094.99,6773.74,-321.25
CST000786,HTL004,2025-03-01,Housekeeping Supplies,4719.32,5282.64,563.32
CST000787,HTL004,2025-03-01,Maintenance & Repairs,5622.57,7843.95,2221.38
CST000788,HTL004,2025-03-01,Food & Beverage Supplies,11794.65,10910.17,-884.48
CST000789,HTL004,2025-03-01,Marketing,4389.8,5711.7,1321.9
CST000790,HTL004,2025-03-01,Property & Insurance,13026.42,12638.97,-387.44
CST000791,HTL004,2025-03-01,Technology & Systems,3139.96,3030.72,-109.24
CST000792,HTL004,2025-03-01,Other Operating Costs,7722.98,7501.12,-221.86
CST000793,HTL005,2025-03-01,Payroll & Agency Staff,28230.5,27868.43,-362.07
CST000794,HTL005,2025-03-01,Utilities,5447.87,5114.43,-333.43
CST000795,HTL005,2025-03-01,Housekeeping Supplies,3737.94,3569.82,-168.12
CST000796,HTL005,2025-03-01,Maintenance & Repairs,4455.47,4168.9,-286.57
CST000797,HTL005,2025-03-01,Food & Beverage Supplies,8646.63,9037.1,390.48
CST000798,HTL005,2025-03-01,Marketing,3262.26,3628.82,366.57
CST000799,HTL005,2025-03-01,Property & Insurance,9963.77,10033.79,70.02
CST000800,HTL005,2025-03-01,Technology & Systems,2241.82,2501.05,259.24
CST000801,HTL005,2025-03-01,Other Operating Costs,6014.43,6082.32,67.89
CST000802,HTL006,2025-03-01,Payroll & Agency Staff,28828.21,27016.89,-1811.32
CST000803,HTL006,2025-03-01,Utilities,5677.18,5677.82,0.64
CST000804,HTL006,2025-03-01,Housekeeping Supplies,3622.76,3334.01,-288.75
CST000805,HTL006,2025-03-01,Maintenance & Repairs,4357.59,3978.12,-379.47
CST000806,HTL006,2025-03-01,Food & Beverage Supplies,8744.52,8547.29,-197.23
CST000807,HTL006,2025-03-01,Marketing,3364.75,3894.93,530.19
CST000808,HTL006,2025-03-01,Property & Insurance,10243.14,10839.25,596.11
CST000809,HTL006,2025-03-01,Technology & Systems,2299.68,2295.55,-4.13
CST000810,HTL006,2025-03-01,Other Operating Costs,6006.99,6554.25,547.26
CST000811,HTL001,2025-04-01,Payroll & Agency Staff,61591.65,56258.99,-5332.66
CST000812,HTL001,2025-04-01,Utilities,12255.03,11955.23,-299.8
CST000813,HTL001,2025-04-01,Housekeeping Supplies,8518.9,8600.78,81.88
CST000814,HTL001,2025-04-01,Maintenance & Repairs,9851.41,11003.09,1151.68
CST000815,HTL001,2025-04-01,Food & Beverage Supplies,20100.53,22160.02,2059.49
CST000816,HTL001,2025-04-01,Marketing,7669.01,8897.11,1228.1
CST000817,HTL001,2025-04-01,Property & Insurance,22991.73,21782.43,-1209.31
CST000818,HTL001,2025-04-01,Technology & Systems,5382.9,5752.74,369.84
CST000819,HTL001,2025-04-01,Other Operating Costs,13536.26,14075.89,539.63
CST000820,HTL002,2025-04-01,Payroll & Agency Staff,39936.44,38413.56,-1522.87
CST000821,HTL002,2025-04-01,Utilities,7884.85,7463.32,-421.53
CST000822,HTL002,2025-04-01,Housekeeping Supplies,5285.51,5904.06,618.55
CST000823,HTL002,2025-04-01,Maintenance & Repairs,6489.91,6670,180.1
CST000824,HTL002,2025-04-01,Food & Beverage Supplies,13025.66,12448.31,-577.35
CST000825,HTL002,2025-04-01,Marketing,4914.14,5946.54,1032.39
CST000826,HTL002,2025-04-01,Property & Insurance,14683.05,13730.34,-952.71
CST000827,HTL002,2025-04-01,Technology & Systems,3368.59,3772.19,403.6
CST000828,HTL002,2025-04-01,Other Operating Costs,9125.49,9397.97,272.49
CST000829,HTL003,2025-04-01,Payroll & Agency Staff,36010.83,38142.84,2132.01
CST000830,HTL003,2025-04-01,Utilities,6786.79,6747.51,-39.27
CST000831,HTL003,2025-04-01,Housekeeping Supplies,4475.56,4537.22,61.66
CST000832,HTL003,2025-04-01,Maintenance & Repairs,5647.07,5530.86,-116.22
CST000833,HTL003,2025-04-01,Food & Beverage Supplies,10822.63,11989.17,1166.54
CST000834,HTL003,2025-04-01,Marketing,4045.17,4397.57,352.4
CST000835,HTL003,2025-04-01,Property & Insurance,11936.71,11458.46,-478.25
CST000836,HTL003,2025-04-01,Technology & Systems,2974.67,2990.54,15.86
CST000837,HTL003,2025-04-01,Other Operating Costs,7454.79,7336.73,-118.06
CST000838,HTL004,2025-04-01,Payroll & Agency Staff,38460.48,42529.52,4069.04
CST000839,HTL004,2025-04-01,Utilities,7631.32,8309.86,678.54
CST000840,HTL004,2025-04-01,Housekeeping Supplies,5186.69,5780.27,593.58
CST000841,HTL004,2025-04-01,Maintenance & Repairs,6118.27,5643.55,-474.72
CST000842,HTL004,2025-04-01,Food & Beverage Supplies,12670.76,11939.9,-730.86
CST000843,HTL004,2025-04-01,Marketing,4477.45,5559.71,1082.25
CST000844,HTL004,2025-04-01,Property & Insurance,14127.88,15742.47,1614.59
CST000845,HTL004,2025-04-01,Technology & Systems,3235.34,3276.73,41.4
CST000846,HTL004,2025-04-01,Other Operating Costs,8293.45,8742.19,448.74
CST000847,HTL005,2025-04-01,Payroll & Agency Staff,29956.8,29105.6,-851.2
CST000848,HTL005,2025-04-01,Utilities,5948.32,6489.19,540.86
CST000849,HTL005,2025-04-01,Housekeeping Supplies,3836.81,4271.16,434.35
CST000850,HTL005,2025-04-01,Maintenance & Repairs,4688.08,4748.86,60.78
CST000851,HTL005,2025-04-01,Food & Beverage Supplies,9405.48,10107.92,702.44
CST000852,HTL005,2025-04-01,Marketing,3588.22,4353.13,764.91
CST000853,HTL005,2025-04-01,Property & Insurance,10090.04,10718.53,628.49
CST000854,HTL005,2025-04-01,Technology & Systems,2539.69,2376.27,-163.42
CST000855,HTL005,2025-04-01,Other Operating Costs,6221.6,6756.93,535.32
CST000856,HTL006,2025-04-01,Payroll & Agency Staff,30566.48,30325.68,-240.8
CST000857,HTL006,2025-04-01,Utilities,5797.16,6281.14,483.98
CST000858,HTL006,2025-04-01,Housekeeping Supplies,3861.29,3522.58,-338.71
CST000859,HTL006,2025-04-01,Maintenance & Repairs,4943.43,4732.8,-210.62
CST000860,HTL006,2025-04-01,Food & Beverage Supplies,9348.77,8551.46,-797.31
CST000861,HTL006,2025-04-01,Marketing,3671.29,4314.13,642.85
CST000862,HTL006,2025-04-01,Property & Insurance,10456.73,10610.59,153.86
CST000863,HTL006,2025-04-01,Technology & Systems,2441.52,2707.57,266.05
CST000864,HTL006,2025-04-01,Other Operating Costs,6477.81,6633.91,156.1
CST000865,HTL001,2025-05-01,Payroll & Agency Staff,68885.24,64909.01,-3976.23
CST000866,HTL001,2025-05-01,Utilities,13213.08,12881.86,-331.22
CST000867,HTL001,2025-05-01,Housekeeping Supplies,8734.55,9127.55,393
CST000868,HTL001,2025-05-01,Maintenance & Repairs,10263.29,9545.79,-717.51
CST000869,HTL001,2025-05-01,Food & Beverage Supplies,21677.96,23304.14,1626.19
CST000870,HTL001,2025-05-01,Marketing,8017.73,8589.37,571.63
CST000871,HTL001,2025-05-01,Property & Insurance,22775.79,22054.33,-721.45
CST000872,HTL001,2025-05-01,Technology & Systems,5612.21,6077.3,465.08
CST000873,HTL001,2025-05-01,Other Operating Costs,14100.73,13331.85,-768.88
CST000874,HTL002,2025-05-01,Payroll & Agency Staff,42859.78,43327.18,467.39
CST000875,HTL002,2025-05-01,Utilities,8652.68,9143.08,490.4
CST000876,HTL002,2025-05-01,Housekeeping Supplies,5710.35,5256,-454.35
CST000877,HTL002,2025-05-01,Maintenance & Repairs,6799.18,7210.36,411.18
CST000878,HTL002,2025-05-01,Food & Beverage Supplies,14187.62,14567.36,379.75
CST000879,HTL002,2025-05-01,Marketing,5031.39,5315.58,284.19
CST000880,HTL002,2025-05-01,Property & Insurance,14820.55,14771.16,-49.39
CST000881,HTL002,2025-05-01,Technology & Systems,3618.62,3768.54,149.92
CST000882,HTL002,2025-05-01,Other Operating Costs,9764.45,10907.99,1143.55
CST000883,HTL003,2025-05-01,Payroll & Agency Staff,36285.88,38865.89,2580
CST000884,HTL003,2025-05-01,Utilities,7283.86,7953.86,670
CST000885,HTL003,2025-05-01,Housekeeping Supplies,4860.5,5290.15,429.65
CST000886,HTL003,2025-05-01,Maintenance & Repairs,5675.56,6308.3,632.74
CST000887,HTL003,2025-05-01,Food & Beverage Supplies,11689.87,11560.46,-129.4
CST000888,HTL003,2025-05-01,Marketing,4403.37,4606.08,202.71
CST000889,HTL003,2025-05-01,Property & Insurance,13315.92,12859.19,-456.73
CST000890,HTL003,2025-05-01,Technology & Systems,3197,3097.56,-99.44
CST000891,HTL003,2025-05-01,Other Operating Costs,7870.15,8179.8,309.65
CST000892,HTL004,2025-05-01,Payroll & Agency Staff,42242.63,39930.34,-2312.29
CST000893,HTL004,2025-05-01,Utilities,8115.66,8260.2,144.54
CST000894,HTL004,2025-05-01,Housekeeping Supplies,5569.89,6108.15,538.26
CST000895,HTL004,2025-05-01,Maintenance & Repairs,6504.02,6807.6,303.58
CST000896,HTL004,2025-05-01,Food & Beverage Supplies,12931.52,12943.86,12.34
CST000897,HTL004,2025-05-01,Marketing,4827.96,4634.54,-193.43
CST000898,HTL004,2025-05-01,Property & Insurance,14357.44,14842.71,485.27
CST000899,HTL004,2025-05-01,Technology & Systems,3595.84,3530.44,-65.4
CST000900,HTL004,2025-05-01,Other Operating Costs,8816.85,9107.75,290.89
CST000901,HTL005,2025-05-01,Payroll & Agency Staff,30032.25,28544.15,-1488.1
CST000902,HTL005,2025-05-01,Utilities,6061.69,5672.61,-389.08
CST000903,HTL005,2025-05-01,Housekeeping Supplies,4017.14,4461.03,443.89
CST000904,HTL005,2025-05-01,Maintenance & Repairs,4937.87,4501.71,-436.16
CST000905,HTL005,2025-05-01,Food & Beverage Supplies,9830.37,9108.5,-721.87
CST000906,HTL005,2025-05-01,Marketing,3559.17,3325.9,-233.27
CST000907,HTL005,2025-05-01,Property & Insurance,11356.65,10670.49,-686.16
CST000908,HTL005,2025-05-01,Technology & Systems,2649.33,2473.91,-175.42
CST000909,HTL005,2025-05-01,Other Operating Costs,6783.95,7284.2,500.25
CST000910,HTL006,2025-05-01,Payroll & Agency Staff,33016.42,30864.55,-2151.87
CST000911,HTL006,2025-05-01,Utilities,6229.9,6287.04,57.13
CST000912,HTL006,2025-05-01,Housekeeping Supplies,4360.06,4227.38,-132.68
CST000913,HTL006,2025-05-01,Maintenance & Repairs,5202.1,5187.65,-14.45
CST000914,HTL006,2025-05-01,Food & Beverage Supplies,9718.26,9627.82,-90.44
CST000915,HTL006,2025-05-01,Marketing,3929.18,3882.79,-46.39
CST000916,HTL006,2025-05-01,Property & Insurance,11085.04,10298.29,-786.75
CST000917,HTL006,2025-05-01,Technology & Systems,2646.79,2442.72,-204.07
CST000918,HTL006,2025-05-01,Other Operating Costs,6751.04,7491.8,740.77
CST000919,HTL001,2025-06-01,Payroll & Agency Staff,69301.85,71885.54,2583.69
CST000920,HTL001,2025-06-01,Utilities,13901.7,13785.26,-116.44
CST000921,HTL001,2025-06-01,Housekeeping Supplies,8986.52,8227.38,-759.14
CST000922,HTL001,2025-06-01,Maintenance & Repairs,11339.1,18267.35,6928.25
CST000923,HTL001,2025-06-01,Food & Beverage Supplies,22112.31,24128.03,2015.72
CST000924,HTL001,2025-06-01,Marketing,8171.11,8692.13,521.02
CST000925,HTL001,2025-06-01,Property & Insurance,24040.54,24829.12,788.58
CST000926,HTL001,2025-06-01,Technology & Systems,5736.24,5254.05,-482.19
CST000927,HTL001,2025-06-01,Other Operating Costs,15117.42,15275.39,157.96
CST000928,HTL002,2025-06-01,Payroll & Agency Staff,43770.42,43507.35,-263.07
CST000929,HTL002,2025-06-01,Utilities,9194.7,8640.45,-554.25
CST000930,HTL002,2025-06-01,Housekeeping Supplies,6054.72,6557.63,502.91
CST000931,HTL002,2025-06-01,Maintenance & Repairs,7018.59,7700.84,682.24
CST000932,HTL002,2025-06-01,Food & Beverage Supplies,14497.98,15027.31,529.33
CST000933,HTL002,2025-06-01,Marketing,5530.29,5210.78,-319.51
CST000934,HTL002,2025-06-01,Property & Insurance,15824.33,14998.11,-826.22
CST000935,HTL002,2025-06-01,Technology & Systems,3692.54,3765.55,73.01
CST000936,HTL002,2025-06-01,Other Operating Costs,9759.44,10721.57,962.14
CST000937,HTL003,2025-06-01,Payroll & Agency Staff,37431.75,37471.65,39.91
CST000938,HTL003,2025-06-01,Utilities,7603.8,7030.04,-573.76
CST000939,HTL003,2025-06-01,Housekeeping Supplies,4943.39,5228.59,285.2
CST000940,HTL003,2025-06-01,Maintenance & Repairs,6013.05,6097.65,84.6
CST000941,HTL003,2025-06-01,Food & Beverage Supplies,11844.78,12607.37,762.58
CST000942,HTL003,2025-06-01,Marketing,4668.13,4438.92,-229.22
CST000943,HTL003,2025-06-01,Property & Insurance,13713.07,13205.7,-507.38
CST000944,HTL003,2025-06-01,Technology & Systems,3124.04,3358.73,234.69
CST000945,HTL003,2025-06-01,Other Operating Costs,8530.83,9339.71,808.88
CST000946,HTL004,2025-06-01,Payroll & Agency Staff,43729.68,48718.09,4988.4
CST000947,HTL004,2025-06-01,Utilities,8279.23,9172.44,893.21
CST000948,HTL004,2025-06-01,Housekeeping Supplies,5500.35,5188.04,-312.31
CST000949,HTL004,2025-06-01,Maintenance & Repairs,6972.43,7487.44,515.01
CST000950,HTL004,2025-06-01,Food & Beverage Supplies,13579.22,13941.15,361.93
CST000951,HTL004,2025-06-01,Marketing,5355.44,4957.94,-397.5
CST000952,HTL004,2025-06-01,Property & Insurance,16005.94,15142.99,-862.95
CST000953,HTL004,2025-06-01,Technology & Systems,3670.19,4021.68,351.5
CST000954,HTL004,2025-06-01,Other Operating Costs,9452.65,9425.84,-26.8
CST000955,HTL005,2025-06-01,Payroll & Agency Staff,32228.23,34202.79,1974.55
CST000956,HTL005,2025-06-01,Utilities,6404.24,7030.69,626.45
CST000957,HTL005,2025-06-01,Housekeeping Supplies,4308.88,4684.84,375.96
CST000958,HTL005,2025-06-01,Maintenance & Repairs,5171.77,5177.55,5.78
CST000959,HTL005,2025-06-01,Food & Beverage Supplies,9987.71,10674.94,687.23
CST000960,HTL005,2025-06-01,Marketing,3871.55,4153.59,282.03
CST000961,HTL005,2025-06-01,Property & Insurance,11844.49,12141.38,296.89
CST000962,HTL005,2025-06-01,Technology & Systems,2825.44,2685.21,-140.23
CST000963,HTL005,2025-06-01,Other Operating Costs,7302.61,8108.88,806.27
CST000964,HTL006,2025-06-01,Payroll & Agency Staff,32568.35,29852.03,-2716.32
CST000965,HTL006,2025-06-01,Utilities,6813.04,7216.01,402.97
CST000966,HTL006,2025-06-01,Housekeeping Supplies,4299.22,4543.77,244.55
CST000967,HTL006,2025-06-01,Maintenance & Repairs,5357.79,4984.92,-372.87
CST000968,HTL006,2025-06-01,Food & Beverage Supplies,10193.75,10716.79,523.03
CST000969,HTL006,2025-06-01,Marketing,4081.28,4092.13,10.84
CST000970,HTL006,2025-06-01,Property & Insurance,11854.93,13065.6,1210.67
CST000971,HTL006,2025-06-01,Technology & Systems,2806.28,2791.3,-14.99
CST000972,HTL006,2025-06-01,Other Operating Costs,7427.29,6949.34,-477.95
CST000973,HTL001,2025-07-01,Payroll & Agency Staff,72802.63,80326.36,7523.74
CST000974,HTL001,2025-07-01,Utilities,14566.51,14121.02,-445.48
CST000975,HTL001,2025-07-01,Housekeeping Supplies,9369.76,9162.51,-207.25
CST000976,HTL001,2025-07-01,Maintenance & Repairs,11294.68,10721.03,-573.65
CST000977,HTL001,2025-07-01,Food & Beverage Supplies,22853.97,22012.95,-841.02
CST000978,HTL001,2025-07-01,Marketing,8857.07,8345.77,-511.3
CST000979,HTL001,2025-07-01,Property & Insurance,25638.55,25888.31,249.76
CST000980,HTL001,2025-07-01,Technology & Systems,5996.53,6411.56,415.03
CST000981,HTL001,2025-07-01,Other Operating Costs,16448.11,18108.61,1660.49
CST000982,HTL002,2025-07-01,Payroll & Agency Staff,46146.53,43992.19,-2154.34
CST000983,HTL002,2025-07-01,Utilities,9557.89,8776.51,-781.39
CST000984,HTL002,2025-07-01,Housekeeping Supplies,6160.72,6138.99,-21.73
CST000985,HTL002,2025-07-01,Maintenance & Repairs,7749.27,8102.92,353.65
CST000986,HTL002,2025-07-01,Food & Beverage Supplies,15710.96,15186.44,-524.52
CST000987,HTL002,2025-07-01,Marketing,5624.2,5965.99,341.79
CST000988,HTL002,2025-07-01,Property & Insurance,16485.99,16255.95,-230.05
CST000989,HTL002,2025-07-01,Technology & Systems,4052.14,4132.95,80.81
CST000990,HTL002,2025-07-01,Other Operating Costs,10069.49,9948.39,-121.11
CST000991,HTL003,2025-07-01,Payroll & Agency Staff,39878.9,43103.66,3224.76
CST000992,HTL003,2025-07-01,Utilities,7956.97,8840.12,883.15
CST000993,HTL003,2025-07-01,Housekeeping Supplies,5192.38,5499.05,306.67
CST000994,HTL003,2025-07-01,Maintenance & Repairs,6545.23,6602.87,57.64
CST000995,HTL003,2025-07-01,Food & Beverage Supplies,12749.96,13557.41,807.45
CST000996,HTL003,2025-07-01,Marketing,4768.79,4478.86,-289.93
CST000997,HTL003,2025-07-01,Property & Insurance,14623.74,14360.28,-263.47
CST000998,HTL003,2025-07-01,Technology & Systems,3423.99,3349.61,-74.38
CST000999,HTL003,2025-07-01,Other Operating Costs,8532.96,9084.06,551.1
CST001000,HTL004,2025-07-01,Payroll & Agency Staff,44671.32,49613.05,4941.73
CST001001,HTL004,2025-07-01,Utilities,8853.51,8228.92,-624.59
CST001002,HTL004,2025-07-01,Housekeeping Supplies,6208.2,6730.33,522.13
CST001003,HTL004,2025-07-01,Maintenance & Repairs,7467.32,10566.46,3099.14
CST001004,HTL004,2025-07-01,Food & Beverage Supplies,14167.23,13853.87,-313.36
CST001005,HTL004,2025-07-01,Marketing,5353.07,5256.73,-96.34
CST001006,HTL004,2025-07-01,Property & Insurance,15721.65,15170.34,-551.31
CST001007,HTL004,2025-07-01,Technology & Systems,3825.89,3788.95,-36.95
CST001008,HTL004,2025-07-01,Other Operating Costs,9757.82,10187.86,430.04
CST001009,HTL005,2025-07-01,Payroll & Agency Staff,34954.62,34426.93,-527.69
CST001010,HTL005,2025-07-01,Utilities,6834.39,6919.27,84.88
CST001011,HTL005,2025-07-01,Housekeeping Supplies,4538.85,4860.35,321.5
CST001012,HTL005,2025-07-01,Maintenance & Repairs,5239.1,5573.12,334.01
CST001013,HTL005,2025-07-01,Food & Beverage Supplies,11189.46,11811.77,622.31
CST001014,HTL005,2025-07-01,Marketing,4185.06,4033.55,-151.51
CST001015,HTL005,2025-07-01,Property & Insurance,12389.19,12821.45,432.26
CST001016,HTL005,2025-07-01,Technology & Systems,2949.25,2754.81,-194.45
CST001017,HTL005,2025-07-01,Other Operating Costs,7532.15,7573.78,41.63
CST001018,HTL006,2025-07-01,Payroll & Agency Staff,36329.25,34913.91,-1415.33
CST001019,HTL006,2025-07-01,Utilities,7080.79,7229.97,149.18
CST001020,HTL006,2025-07-01,Housekeeping Supplies,4579.59,4555.13,-24.46
CST001021,HTL006,2025-07-01,Maintenance & Repairs,5583.69,5778.36,194.68
CST001022,HTL006,2025-07-01,Food & Beverage Supplies,11371.63,11091.12,-280.51
CST001023,HTL006,2025-07-01,Marketing,4020.61,3701.26,-319.35
CST001024,HTL006,2025-07-01,Property & Insurance,12799.24,14047.66,1248.42
CST001025,HTL006,2025-07-01,Technology & Systems,2861.69,2949.02,87.34
CST001026,HTL006,2025-07-01,Other Operating Costs,7743.16,8016.99,273.83
CST001027,HTL001,2025-08-01,Payroll & Agency Staff,76503.57,71446.48,-5057.09
CST001028,HTL001,2025-08-01,Utilities,14383.54,14489.48,105.94
CST001029,HTL001,2025-08-01,Housekeeping Supplies,9879.22,9697.21,-182.01
CST001030,HTL001,2025-08-01,Maintenance & Repairs,12158.8,12621.38,462.58
CST001031,HTL001,2025-08-01,Food & Beverage Supplies,23061.01,25599.71,2538.69
CST001032,HTL001,2025-08-01,Marketing,9162.31,9943.88,781.57
CST001033,HTL001,2025-08-01,Property & Insurance,26088.27,27146.28,1058.01
CST001034,HTL001,2025-08-01,Technology & Systems,6267.68,5833.51,-434.17
CST001035,HTL001,2025-08-01,Other Operating Costs,16707.76,15624.48,-1083.28
CST001036,HTL002,2025-08-01,Payroll & Agency Staff,49324.01,47879.82,-1444.19
CST001037,HTL002,2025-08-01,Utilities,9544.45,8771.27,-773.17
CST001038,HTL002,2025-08-01,Housekeeping Supplies,6612.7,7239.73,627.03
CST001039,HTL002,2025-08-01,Maintenance & Repairs,7780.22,8702.93,922.71
CST001040,HTL002,2025-08-01,Food & Beverage Supplies,14919.15,15566.33,647.18
CST001041,HTL002,2025-08-01,Marketing,5812.35,5541.58,-270.77
CST001042,HTL002,2025-08-01,Property & Insurance,17276.62,16219.94,-1056.67
CST001043,HTL002,2025-08-01,Technology & Systems,4270.63,4167.21,-103.42
CST001044,HTL002,2025-08-01,Other Operating Costs,10848.07,11265.15,417.08
CST001045,HTL003,2025-08-01,Payroll & Agency Staff,42775.73,41963.95,-811.78
CST001046,HTL003,2025-08-01,Utilities,8048.4,8874.06,825.66
CST001047,HTL003,2025-08-01,Housekeeping Supplies,5472.05,5719.67,247.62
CST001048,HTL003,2025-08-01,Maintenance & Repairs,6698.06,7101.78,403.71
CST001049,HTL003,2025-08-01,Food & Beverage Supplies,13596.96,14975.87,1378.91
CST001050,HTL003,2025-08-01,Marketing,4745.76,4668.05,-77.71
CST001051,HTL003,2025-08-01,Property & Insurance,15344.81,14771.56,-573.25
CST001052,HTL003,2025-08-01,Technology & Systems,3462.48,3535.08,72.6
CST001053,HTL003,2025-08-01,Other Operating Costs,9153.63,9099.09,-54.55
CST001054,HTL004,2025-08-01,Payroll & Agency Staff,45317.33,43264.62,-2052.71
CST001055,HTL004,2025-08-01,Utilities,9188.52,9595.9,407.38
CST001056,HTL004,2025-08-01,Housekeeping Supplies,6189.82,6362.29,172.47
CST001057,HTL004,2025-08-01,Maintenance & Repairs,7435.02,12207.44,4772.42
CST001058,HTL004,2025-08-01,Food & Beverage Supplies,15033.52,15477.95,444.43
CST001059,HTL004,2025-08-01,Marketing,5600.27,5792.61,192.34
CST001060,HTL004,2025-08-01,Property & Insurance,16658.93,18139.2,1480.27
CST001061,HTL004,2025-08-01,Technology & Systems,3944.22,4408.93,464.71
CST001062,HTL004,2025-08-01,Other Operating Costs,10554.9,11403.32,848.41
CST001063,HTL005,2025-08-01,Payroll & Agency Staff,35525.14,33759.82,-1765.32
CST001064,HTL005,2025-08-01,Utilities,6815.01,7368.49,553.48
CST001065,HTL005,2025-08-01,Housekeeping Supplies,4514.62,4905.57,390.95
CST001066,HTL005,2025-08-01,Maintenance & Repairs,5681.46,5444.42,-237.04
CST001067,HTL005,2025-08-01,Food & Beverage Supplies,10711.25,9871.28,-839.97
CST001068,HTL005,2025-08-01,Marketing,4239.71,4687.19,447.49
CST001069,HTL005,2025-08-01,Property & Insurance,12035.94,11330.06,-705.88
CST001070,HTL005,2025-08-01,Technology & Systems,2867.57,2627.99,-239.58
CST001071,HTL005,2025-08-01,Other Operating Costs,7582.29,7908.63,326.34
CST001072,HTL006,2025-08-01,Payroll & Agency Staff,35835.17,38909.26,3074.1
CST001073,HTL006,2025-08-01,Utilities,7206.38,7105.77,-100.61
CST001074,HTL006,2025-08-01,Housekeeping Supplies,4906.27,5101.09,194.83
CST001075,HTL006,2025-08-01,Maintenance & Repairs,5643.07,5883.52,240.44
CST001076,HTL006,2025-08-01,Food & Beverage Supplies,11556.39,10689.62,-866.77
CST001077,HTL006,2025-08-01,Marketing,4144.06,4290.87,146.81
CST001078,HTL006,2025-08-01,Property & Insurance,12725.81,13336.4,610.59
CST001079,HTL006,2025-08-01,Technology & Systems,2982.06,3094.12,112.06
CST001080,HTL006,2025-08-01,Other Operating Costs,7904.83,7835.56,-69.27
CST001081,HTL001,2025-09-01,Payroll & Agency Staff,64301.57,66163.1,1861.52
CST001082,HTL001,2025-09-01,Utilities,12773.23,12997.65,224.42
CST001083,HTL001,2025-09-01,Housekeeping Supplies,8972.23,8788.7,-183.53
CST001084,HTL001,2025-09-01,Maintenance & Repairs,10440.85,9718.55,-722.3
CST001085,HTL001,2025-09-01,Food & Beverage Supplies,20477.51,21965.63,1488.13
CST001086,HTL001,2025-09-01,Marketing,7973.15,7580.62,-392.53
CST001087,HTL001,2025-09-01,Property & Insurance,22922.68,23074.09,151.41
CST001088,HTL001,2025-09-01,Technology & Systems,5582,6204.49,622.49
CST001089,HTL001,2025-09-01,Other Operating Costs,15020.62,16127.25,1106.63
CST001090,HTL002,2025-09-01,Payroll & Agency Staff,42078.5,42214.83,136.33
CST001091,HTL002,2025-09-01,Utilities,8529.4,8732.42,203.03
CST001092,HTL002,2025-09-01,Housekeeping Supplies,5543.35,5778.42,235.07
CST001093,HTL002,2025-09-01,Maintenance & Repairs,6662.54,7007.76,345.22
CST001094,HTL002,2025-09-01,Food & Beverage Supplies,13226.48,13073.01,-153.47
CST001095,HTL002,2025-09-01,Marketing,4970.25,5115,144.75
CST001096,HTL002,2025-09-01,Property & Insurance,15921.3,16997.82,1076.52
CST001097,HTL002,2025-09-01,Technology & Systems,3659.05,3344.4,-314.66
CST001098,HTL002,2025-09-01,Other Operating Costs,9373.84,9839.79,465.95
CST001099,HTL003,2025-09-01,Payroll & Agency Staff,35714.13,33853.99,-1860.14
CST001100,HTL003,2025-09-01,Utilities,7363.05,7670.51,307.46
CST001101,HTL003,2025-09-01,Housekeeping Supplies,5027.39,4588.62,-438.77
CST001102,HTL003,2025-09-01,Maintenance & Repairs,5683.53,5802.28,118.75
CST001103,HTL003,2025-09-01,Food & Beverage Supplies,11288.13,11677.36,389.22
CST001104,HTL003,2025-09-01,Marketing,4428.28,4075.34,-352.94
CST001105,HTL003,2025-09-01,Property & Insurance,12639.67,11904,-735.67
CST001106,HTL003,2025-09-01,Technology & Systems,3131.52,2854.28,-277.24
CST001107,HTL003,2025-09-01,Other Operating Costs,8163.28,7483.68,-679.6
CST001108,HTL004,2025-09-01,Payroll & Agency Staff,41827.67,46380.59,4552.91
CST001109,HTL004,2025-09-01,Utilities,8438.25,7687.1,-751.14
CST001110,HTL004,2025-09-01,Housekeeping Supplies,5608.37,5802.81,194.45
CST001111,HTL004,2025-09-01,Maintenance & Repairs,6306.86,6643.01,336.15
CST001112,HTL004,2025-09-01,Food & Beverage Supplies,12848.85,14064.47,1215.63
CST001113,HTL004,2025-09-01,Marketing,4835.47,5165.91,330.44
CST001114,HTL004,2025-09-01,Property & Insurance,14715.86,16306.8,1590.94
CST001115,HTL004,2025-09-01,Technology & Systems,3500.95,3461.48,-39.46
CST001116,HTL004,2025-09-01,Other Operating Costs,8723.79,8698.19,-25.59
CST001117,HTL005,2025-09-01,Payroll & Agency Staff,31950.08,33434.3,1484.22
CST001118,HTL005,2025-09-01,Utilities,6075.8,5815.27,-260.53
CST001119,HTL005,2025-09-01,Housekeeping Supplies,4047.34,3885.3,-162.04
CST001120,HTL005,2025-09-01,Maintenance & Repairs,4918.24,4603.73,-314.51
CST001121,HTL005,2025-09-01,Food & Beverage Supplies,9759.68,10349.68,590.01
CST001122,HTL005,2025-09-01,Marketing,3722.96,3971.7,248.73
CST001123,HTL005,2025-09-01,Property & Insurance,11146.2,12127.03,980.83
CST001124,HTL005,2025-09-01,Technology & Systems,2561.74,2561.73,-0.01
CST001125,HTL005,2025-09-01,Other Operating Costs,6730.79,6747.77,16.98
CST001126,HTL006,2025-09-01,Payroll & Agency Staff,32795.2,34659.15,1863.95
CST001127,HTL006,2025-09-01,Utilities,6445.69,6008.03,-437.67
CST001128,HTL006,2025-09-01,Housekeeping Supplies,4154.95,4084.73,-70.22
CST001129,HTL006,2025-09-01,Maintenance & Repairs,4970.23,4543.28,-426.95
CST001130,HTL006,2025-09-01,Food & Beverage Supplies,10064.88,11097.62,1032.74
CST001131,HTL006,2025-09-01,Marketing,3856.62,4251.75,395.13
CST001132,HTL006,2025-09-01,Property & Insurance,11001.76,11934.45,932.68
CST001133,HTL006,2025-09-01,Technology & Systems,2644.35,2723.73,79.38
CST001134,HTL006,2025-09-01,Other Operating Costs,6903.34,7032.04,128.7
CST001135,HTL001,2025-10-01,Payroll & Agency Staff,61822.58,58118.48,-3704.1
CST001136,HTL001,2025-10-01,Utilities,12033.11,11493.84,-539.27
CST001137,HTL001,2025-10-01,Housekeeping Supplies,8056.35,8195.91,139.56
CST001138,HTL001,2025-10-01,Maintenance & Repairs,10046.15,11031.43,985.28
CST001139,HTL001,2025-10-01,Food & Beverage Supplies,18852.11,18757.88,-94.22
CST001140,HTL001,2025-10-01,Marketing,7266.4,8581.5,1315.1
CST001141,HTL001,2025-10-01,Property & Insurance,21156.58,22827.97,1671.39
CST001142,HTL001,2025-10-01,Technology & Systems,5288.54,5740.01,451.47
CST001143,HTL001,2025-10-01,Other Operating Costs,13593.38,12823,-770.38
CST001144,HTL002,2025-10-01,Payroll & Agency Staff,39661.42,42160.34,2498.92
CST001145,HTL002,2025-10-01,Utilities,8272.43,8301.6,29.17
CST001146,HTL002,2025-10-01,Housekeeping Supplies,5318.06,5392.63,74.57
CST001147,HTL002,2025-10-01,Maintenance & Repairs,6253.36,6919.49,666.13
CST001148,HTL002,2025-10-01,Food & Beverage Supplies,13234.53,13767.82,533.29
CST001149,HTL002,2025-10-01,Marketing,4831.84,5500.44,668.6
CST001150,HTL002,2025-10-01,Property & Insurance,14525.38,13909.13,-616.26
CST001151,HTL002,2025-10-01,Technology & Systems,3488.39,3869.64,381.25
CST001152,HTL002,2025-10-01,Other Operating Costs,8717.36,9546.63,829.26
CST001153,HTL003,2025-10-01,Payroll & Agency Staff,35379.15,33878.29,-1500.86
CST001154,HTL003,2025-10-01,Utilities,6584.05,6874.74,290.69
CST001155,HTL003,2025-10-01,Housekeeping Supplies,4537.06,5044.92,507.86
CST001156,HTL003,2025-10-01,Maintenance & Repairs,5540.76,5513.63,-27.13
CST001157,HTL003,2025-10-01,Food & Beverage Supplies,11078.67,11651.99,573.32
CST001158,HTL003,2025-10-01,Marketing,3997.08,4430.76,433.68
CST001159,HTL003,2025-10-01,Property & Insurance,11900.02,12862.19,962.18
CST001160,HTL003,2025-10-01,Technology & Systems,2901.78,2889.16,-12.63
CST001161,HTL003,2025-10-01,Other Operating Costs,7646.14,7564.2,-81.93
CST001162,HTL004,2025-10-01,Payroll & Agency Staff,39657.26,38053.05,-1604.21
CST001163,HTL004,2025-10-01,Utilities,7671.34,7457.79,-213.55
CST001164,HTL004,2025-10-01,Housekeeping Supplies,5178.53,4852.74,-325.79
CST001165,HTL004,2025-10-01,Maintenance & Repairs,6074.9,5940.96,-133.94
CST001166,HTL004,2025-10-01,Food & Beverage Supplies,12554.44,13449.32,894.88
CST001167,HTL004,2025-10-01,Marketing,4689.06,5085.69,396.64
CST001168,HTL004,2025-10-01,Property & Insurance,14132.02,15707.6,1575.59
CST001169,HTL004,2025-10-01,Technology & Systems,3167.63,3483.27,315.64
CST001170,HTL004,2025-10-01,Other Operating Costs,8262.2,8093.64,-168.56
CST001171,HTL005,2025-10-01,Payroll & Agency Staff,28833.09,27895.21,-937.88
CST001172,HTL005,2025-10-01,Utilities,5658.51,5558.36,-100.15
CST001173,HTL005,2025-10-01,Housekeeping Supplies,3814.19,4186.98,372.79
CST001174,HTL005,2025-10-01,Maintenance & Repairs,4770.59,4545.1,-225.49
CST001175,HTL005,2025-10-01,Food & Beverage Supplies,8977.14,8885.23,-91.91
CST001176,HTL005,2025-10-01,Marketing,3563.98,4480.96,916.99
CST001177,HTL005,2025-10-01,Property & Insurance,10442.71,11160.91,718.2
CST001178,HTL005,2025-10-01,Technology & Systems,2404.33,2253.63,-150.71
CST001179,HTL005,2025-10-01,Other Operating Costs,6429.08,5996.37,-432.71
CST001180,HTL006,2025-10-01,Payroll & Agency Staff,28743.69,27824.35,-919.35
CST001181,HTL006,2025-10-01,Utilities,5825.32,6357.09,531.77
CST001182,HTL006,2025-10-01,Housekeeping Supplies,3975.6,3897.05,-78.55
CST001183,HTL006,2025-10-01,Maintenance & Repairs,4899.89,5288.23,388.34
CST001184,HTL006,2025-10-01,Food & Beverage Supplies,9659.56,9983.39,323.83
CST001185,HTL006,2025-10-01,Marketing,3640,4156.19,516.2
CST001186,HTL006,2025-10-01,Property & Insurance,10215.76,10650.31,434.55
CST001187,HTL006,2025-10-01,Technology & Systems,2591.27,2663.81,72.54
CST001188,HTL006,2025-10-01,Other Operating Costs,6705.59,6979.85,274.25
CST001189,HTL001,2025-11-01,Payroll & Agency Staff,57413,61793.72,4380.72
CST001190,HTL001,2025-11-01,Utilities,11240.04,12539.3,1299.26
CST001191,HTL001,2025-11-01,Housekeeping Supplies,7690.69,7864.85,174.17
CST001192,HTL001,2025-11-01,Maintenance & Repairs,9261.53,9999.05,737.53
CST001193,HTL001,2025-11-01,Food & Beverage Supplies,17580.12,17541.36,-38.76
CST001194,HTL001,2025-11-01,Marketing,6914.12,7855.82,941.7
CST001195,HTL001,2025-11-01,Property & Insurance,19707.13,18148.88,-1558.25
CST001196,HTL001,2025-11-01,Technology & Systems,4845.41,4697.58,-147.83
CST001197,HTL001,2025-11-01,Other Operating Costs,12879.8,11765.39,-1114.41
CST001198,HTL002,2025-11-01,Payroll & Agency Staff,38836.22,42670.05,3833.84
CST001199,HTL002,2025-11-01,Utilities,7163.88,6583.38,-580.51
CST001200,HTL002,2025-11-01,Housekeeping Supplies,5057.19,4762.42,-294.78
CST001201,HTL002,2025-11-01,Maintenance & Repairs,5871.41,6302.6,431.19
CST001202,HTL002,2025-11-01,Food & Beverage Supplies,11675.26,10708.14,-967.13
CST001203,HTL002,2025-11-01,Marketing,4511.37,5873.7,1362.33
CST001204,HTL002,2025-11-01,Property & Insurance,13496.04,12850.31,-645.73
CST001205,HTL002,2025-11-01,Technology & Systems,3235.92,3114.35,-121.57
CST001206,HTL002,2025-11-01,Other Operating Costs,8334.81,9236.7,901.89
CST001207,HTL003,2025-11-01,Payroll & Agency Staff,30549.73,28961.76,-1587.97
CST001208,HTL003,2025-11-01,Utilities,6301.54,6375.31,73.77
CST001209,HTL003,2025-11-01,Housekeeping Supplies,4328.67,4249.4,-79.28
CST001210,HTL003,2025-11-01,Maintenance & Repairs,5181.33,5172.22,-9.11
CST001211,HTL003,2025-11-01,Food & Beverage Supplies,10334.86,9775.4,-559.47
CST001212,HTL003,2025-11-01,Marketing,3605.1,4166.96,561.86
CST001213,HTL003,2025-11-01,Property & Insurance,11359.93,12046.15,686.22
CST001214,HTL003,2025-11-01,Technology & Systems,2703.48,2671.84,-31.65
CST001215,HTL003,2025-11-01,Other Operating Costs,7067.48,7239.61,172.13
CST001216,HTL004,2025-11-01,Payroll & Agency Staff,35725.4,34888.94,-836.46
CST001217,HTL004,2025-11-01,Utilities,6819.14,6738.66,-80.48
CST001218,HTL004,2025-11-01,Housekeeping Supplies,4760.2,4676.2,-83.99
CST001219,HTL004,2025-11-01,Maintenance & Repairs,5683.71,5653.94,-29.77
CST001220,HTL004,2025-11-01,Food & Beverage Supplies,11543.42,12130.22,586.79
CST001221,HTL004,2025-11-01,Marketing,4348.06,5650.91,1302.86
CST001222,HTL004,2025-11-01,Property & Insurance,13150.79,12231.53,-919.26
CST001223,HTL004,2025-11-01,Technology & Systems,3076.48,3076.45,-0.03
CST001224,HTL004,2025-11-01,Other Operating Costs,8095.81,7702.5,-393.31
CST001225,HTL005,2025-11-01,Payroll & Agency Staff,27134.61,27263.5,128.9
CST001226,HTL005,2025-11-01,Utilities,5258.28,5182.57,-75.71
CST001227,HTL005,2025-11-01,Housekeeping Supplies,3445.27,3805.95,360.67
CST001228,HTL005,2025-11-01,Maintenance & Repairs,4368.66,4818.48,449.83
CST001229,HTL005,2025-11-01,Food & Beverage Supplies,8241.67,8084,-157.67
CST001230,HTL005,2025-11-01,Marketing,3101.26,3683.17,581.92
CST001231,HTL005,2025-11-01,Property & Insurance,9658.88,10242.73,583.85
CST001232,HTL005,2025-11-01,Technology & Systems,2328.26,2144.29,-183.97
CST001233,HTL005,2025-11-01,Other Operating Costs,5993.09,6706.21,713.12
CST001234,HTL006,2025-11-01,Payroll & Agency Staff,28157.96,28362.35,204.39
CST001235,HTL006,2025-11-01,Utilities,5414.58,4962.04,-452.54
CST001236,HTL006,2025-11-01,Housekeeping Supplies,3619.38,3627.65,8.27
CST001237,HTL006,2025-11-01,Maintenance & Repairs,4223.86,4485.83,261.97
CST001238,HTL006,2025-11-01,Food & Beverage Supplies,8607.11,7892.76,-714.36
CST001239,HTL006,2025-11-01,Marketing,3222.86,4015.13,792.27
CST001240,HTL006,2025-11-01,Property & Insurance,10075.22,9312.01,-763.21
CST001241,HTL006,2025-11-01,Technology & Systems,2298.13,2388.62,90.49
CST001242,HTL006,2025-11-01,Other Operating Costs,6080.04,5639.31,-440.73
CST001243,HTL001,2025-12-01,Payroll & Agency Staff,70957.03,66672.23,-4284.8
CST001244,HTL001,2025-12-01,Utilities,13936.91,17747.94,3811.03
CST001245,HTL001,2025-12-01,Housekeeping Supplies,8920.2,8284.24,-635.96
CST001246,HTL001,2025-12-01,Maintenance & Repairs,11067.62,11278.09,210.47
CST001247,HTL001,2025-12-01,Food & Beverage Supplies,21431.53,22522.59,1091.06
CST001248,HTL001,2025-12-01,Marketing,7917.57,7696.63,-220.94
CST001249,HTL001,2025-12-01,Property & Insurance,25249.55,25865.45,615.89
CST001250,HTL001,2025-12-01,Technology & Systems,5737.04,5414.56,-322.48
CST001251,HTL001,2025-12-01,Other Operating Costs,14975.98,15345.27,369.29
CST001252,HTL002,2025-12-01,Payroll & Agency Staff,46669.85,42785.37,-3884.48
CST001253,HTL002,2025-12-01,Utilities,8910.85,10821.44,1910.59
CST001254,HTL002,2025-12-01,Housekeeping Supplies,5904.43,5644.49,-259.94
CST001255,HTL002,2025-12-01,Maintenance & Repairs,7185.04,7983.1,798.05
CST001256,HTL002,2025-12-01,Food & Beverage Supplies,14520.47,14858.3,337.83
CST001257,HTL002,2025-12-01,Marketing,5415.83,5601.91,186.08
CST001258,HTL002,2025-12-01,Property & Insurance,16733.96,17608.24,874.28
CST001259,HTL002,2025-12-01,Technology & Systems,3710.14,3992.42,282.28
CST001260,HTL002,2025-12-01,Other Operating Costs,9772.49,10414.78,642.28
CST001261,HTL003,2025-12-01,Payroll & Agency Staff,38749.3,40045.32,1296.01
CST001262,HTL003,2025-12-01,Utilities,7456.36,9286.43,1830.07
CST001263,HTL003,2025-12-01,Housekeeping Supplies,4992.5,5454.41,461.91
CST001264,HTL003,2025-12-01,Maintenance & Repairs,5976.51,6260.98,284.47
CST001265,HTL003,2025-12-01,Food & Beverage Supplies,12165.68,11271.31,-894.37
CST001266,HTL003,2025-12-01,Marketing,4465.39,4842.27,376.87
CST001267,HTL003,2025-12-01,Property & Insurance,14004.44,13211.35,-793.1
CST001268,HTL003,2025-12-01,Technology & Systems,3366.44,3692.36,325.91
CST001269,HTL003,2025-12-01,Other Operating Costs,8663.39,8741.08,77.69
CST001270,HTL004,2025-12-01,Payroll & Agency Staff,42059.37,41077.9,-981.47
CST001271,HTL004,2025-12-01,Utilities,8762.75,10107.72,1344.97
CST001272,HTL004,2025-12-01,Housekeeping Supplies,5885.55,6339.32,453.77
CST001273,HTL004,2025-12-01,Maintenance & Repairs,6831.57,7002.65,171.08
CST001274,HTL004,2025-12-01,Food & Beverage Supplies,13962.45,14085.44,123
CST001275,HTL004,2025-12-01,Marketing,5088.78,4955.08,-133.7
CST001276,HTL004,2025-12-01,Property & Insurance,15348.95,16946.23,1597.28
CST001277,HTL004,2025-12-01,Technology & Systems,3540.91,3815.45,274.54
CST001278,HTL004,2025-12-01,Other Operating Costs,9485.74,9494.51,8.77
CST001279,HTL005,2025-12-01,Payroll & Agency Staff,33281.07,32198.86,-1082.21
CST001280,HTL005,2025-12-01,Utilities,6293.89,6726.56,432.67
CST001281,HTL005,2025-12-01,Housekeeping Supplies,4233.52,4085.85,-147.67
CST001282,HTL005,2025-12-01,Maintenance & Repairs,5292.95,5722.25,429.29
CST001283,HTL005,2025-12-01,Food & Beverage Supplies,10629.43,10648.07,18.64
CST001284,HTL005,2025-12-01,Marketing,3841.96,3986.68,144.72
CST001285,HTL005,2025-12-01,Property & Insurance,11295.95,11141.43,-154.52
CST001286,HTL005,2025-12-01,Technology & Systems,2689.91,2871.67,181.76
CST001287,HTL005,2025-12-01,Other Operating Costs,6841.95,6658.7,-183.26
CST001288,HTL006,2025-12-01,Payroll & Agency Staff,32364.21,31549.42,-814.78
CST001289,HTL006,2025-12-01,Utilities,6451.13,7198.27,747.14
CST001290,HTL006,2025-12-01,Housekeeping Supplies,4237.83,4499.83,262
CST001291,HTL006,2025-12-01,Maintenance & Repairs,5186.24,5279.02,92.77
CST001292,HTL006,2025-12-01,Food & Beverage Supplies,10178.42,9667,-511.42
CST001293,HTL006,2025-12-01,Marketing,4047.17,3762.25,-284.92
CST001294,HTL006,2025-12-01,Property & Insurance,11509.33,12259.72,750.4
CST001295,HTL006,2025-12-01,Technology & Systems,2852.96,2790.06,-62.89
CST001296,HTL006,2025-12-01,Other Operating Costs,7561.76,7126.75,-435.01
CST001297,HTL001,2026-01-01,Payroll & Agency Staff,51748.17,55423.16,3674.99
CST001298,HTL001,2026-01-01,Utilities,10183.44,10954.31,770.87
CST001299,HTL001,2026-01-01,Housekeeping Supplies,7042,7564,522
CST001300,HTL001,2026-01-01,Maintenance & Repairs,7923.65,7937.75,14.11
CST001301,HTL001,2026-01-01,Food & Beverage Supplies,16535.92,17296.19,760.27
CST001302,HTL001,2026-01-01,Marketing,5958.55,6368.16,409.6
CST001303,HTL001,2026-01-01,Property & Insurance,18636.77,20744.9,2108.13
CST001304,HTL001,2026-01-01,Technology & Systems,4255.03,4561.75,306.73
CST001305,HTL001,2026-01-01,Other Operating Costs,11715.99,12958.14,1242.15
CST001306,HTL002,2026-01-01,Payroll & Agency Staff,33399.33,34831.34,1432.01
CST001307,HTL002,2026-01-01,Utilities,6478.53,6861.6,383.07
CST001308,HTL002,2026-01-01,Housekeeping Supplies,4308.57,4267.27,-41.3
CST001309,HTL002,2026-01-01,Maintenance & Repairs,5561.01,5618.11,57.1
CST001310,HTL002,2026-01-01,Food & Beverage Supplies,10766.47,11798.22,1031.75
CST001311,HTL002,2026-01-01,Marketing,4199.24,4477.82,278.59
CST001312,HTL002,2026-01-01,Property & Insurance,12141.02,11649.33,-491.69
CST001313,HTL002,2026-01-01,Technology & Systems,2972.64,2860.15,-112.49
CST001314,HTL002,2026-01-01,Other Operating Costs,7381.86,7427.32,45.46
CST001315,HTL003,2026-01-01,Payroll & Agency Staff,29105.05,32198.48,3093.42
CST001316,HTL003,2026-01-01,Utilities,5513.62,6092.62,579
CST001317,HTL003,2026-01-01,Housekeeping Supplies,3945.68,3804.09,-141.59
CST001318,HTL003,2026-01-01,Maintenance & Repairs,4593.28,6610.56,2017.28
CST001319,HTL003,2026-01-01,Food & Beverage Supplies,8786.07,9698.82,912.75
CST001320,HTL003,2026-01-01,Marketing,3520.17,3582.66,62.48
CST001321,HTL003,2026-01-01,Property & Insurance,10145.78,10459.38,313.6
CST001322,HTL003,2026-01-01,Technology & Systems,2349.29,2272.52,-76.77
CST001323,HTL003,2026-01-01,Other Operating Costs,6459.87,7025.71,565.84
CST001324,HTL004,2026-01-01,Payroll & Agency Staff,32357.04,35914.89,3557.85
CST001325,HTL004,2026-01-01,Utilities,6510.08,7068.58,558.5
CST001326,HTL004,2026-01-01,Housekeeping Supplies,4429.44,4273.41,-156.03
CST001327,HTL004,2026-01-01,Maintenance & Repairs,5329.66,5855.88,526.22
CST001328,HTL004,2026-01-01,Food & Beverage Supplies,10513.64,10157.29,-356.35
CST001329,HTL004,2026-01-01,Marketing,3826.5,4066.46,239.96
CST001330,HTL004,2026-01-01,Property & Insurance,11731.06,11804.82,73.76
CST001331,HTL004,2026-01-01,Technology & Systems,2701.52,2667.61,-33.91
CST001332,HTL004,2026-01-01,Other Operating Costs,6917.97,7334.38,416.42
CST001333,HTL005,2026-01-01,Payroll & Agency Staff,24115.25,22721.97,-1393.27
CST001334,HTL005,2026-01-01,Utilities,4651.37,5749.35,1097.98
CST001335,HTL005,2026-01-01,Housekeeping Supplies,3321.07,3363.76,42.69
CST001336,HTL005,2026-01-01,Maintenance & Repairs,3827.41,3873.69,46.28
CST001337,HTL005,2026-01-01,Food & Beverage Supplies,7414.22,7840.59,426.37
CST001338,HTL005,2026-01-01,Marketing,2948.56,3015.71,67.16
CST001339,HTL005,2026-01-01,Property & Insurance,8413.23,9007.72,594.49
CST001340,HTL005,2026-01-01,Technology & Systems,2079.72,1949.74,-129.99
CST001341,HTL005,2026-01-01,Other Operating Costs,5199.65,5786.36,586.7
CST001342,HTL006,2026-01-01,Payroll & Agency Staff,24165.9,25010.79,844.89
CST001343,HTL006,2026-01-01,Utilities,4895.23,6227.78,1332.54
CST001344,HTL006,2026-01-01,Housekeeping Supplies,3432.51,3618,185.49
CST001345,HTL006,2026-01-01,Maintenance & Repairs,4030.58,3875.21,-155.36
CST001346,HTL006,2026-01-01,Food & Beverage Supplies,8189.71,7822.93,-366.79
CST001347,HTL006,2026-01-01,Marketing,2909.01,2726.31,-182.7
CST001348,HTL006,2026-01-01,Property & Insurance,9066.22,9711.23,645.01
CST001349,HTL006,2026-01-01,Technology & Systems,2169.1,2182.08,12.98
CST001350,HTL006,2026-01-01,Other Operating Costs,5561.75,5176.53,-385.21
CST001351,HTL001,2026-02-01,Payroll & Agency Staff,55383.67,54007.33,-1376.34
CST001352,HTL001,2026-02-01,Utilities,10402.85,13027.27,2624.41
CST001353,HTL001,2026-02-01,Housekeeping Supplies,7021.3,6431.87,-589.43
CST001354,HTL001,2026-02-01,Maintenance & Repairs,8677.96,8516.77,-161.19
CST001355,HTL001,2026-02-01,Food & Beverage Supplies,16652.35,17271.73,619.38
CST001356,HTL001,2026-02-01,Marketing,6135.46,6534.42,398.96
CST001357,HTL001,2026-02-01,Property & Insurance,19458.14,17902.24,-1555.9
CST001358,HTL001,2026-02-01,Technology & Systems,4515.71,4289.79,-225.92
CST001359,HTL001,2026-02-01,Other Operating Costs,11492.65,10873.58,-619.06
CST001360,HTL002,2026-02-01,Payroll & Agency Staff,35914.06,34195.09,-1718.97
CST001361,HTL002,2026-02-01,Utilities,6927.61,7469.42,541.81
CST001362,HTL002,2026-02-01,Housekeeping Supplies,4595.23,4702.44,107.22
CST001363,HTL002,2026-02-01,Maintenance & Repairs,5587.26,5314.71,-272.55
CST001364,HTL002,2026-02-01,Food & Beverage Supplies,10998.51,10215.91,-782.59
CST001365,HTL002,2026-02-01,Marketing,4063.13,4014.93,-48.2
CST001366,HTL002,2026-02-01,Property & Insurance,12515.92,12189.44,-326.48
CST001367,HTL002,2026-02-01,Technology & Systems,3008.1,3082.52,74.42
CST001368,HTL002,2026-02-01,Other Operating Costs,7949.65,8790.79,841.14
CST001369,HTL003,2026-02-01,Payroll & Agency Staff,29513.52,27162.37,-2351.15
CST001370,HTL003,2026-02-01,Utilities,6066.86,7105.86,1039.01
CST001371,HTL003,2026-02-01,Housekeeping Supplies,3978.48,4275.33,296.85
CST001372,HTL003,2026-02-01,Maintenance & Repairs,4710.41,4563.41,-147
CST001373,HTL003,2026-02-01,Food & Beverage Supplies,9665.12,10647.05,981.93
CST001374,HTL003,2026-02-01,Marketing,3418.7,3537.36,118.66
CST001375,HTL003,2026-02-01,Property & Insurance,10631.9,11217.22,585.32
CST001376,HTL003,2026-02-01,Technology & Systems,2514.14,2406.92,-107.21
CST001377,HTL003,2026-02-01,Other Operating Costs,6491.22,6897.35,406.13
CST001378,HTL004,2026-02-01,Payroll & Agency Staff,32553.29,32395.03,-158.26
CST001379,HTL004,2026-02-01,Utilities,6844.14,8324.61,1480.46
CST001380,HTL004,2026-02-01,Housekeeping Supplies,4499.2,4675.42,176.22
CST001381,HTL004,2026-02-01,Maintenance & Repairs,5388.02,6030.18,642.15
CST001382,HTL004,2026-02-01,Food & Beverage Supplies,10856.3,11920.24,1063.94
CST001383,HTL004,2026-02-01,Marketing,3996.04,3970.16,-25.88
CST001384,HTL004,2026-02-01,Property & Insurance,11782.23,11234.59,-547.64
CST001385,HTL004,2026-02-01,Technology & Systems,2775.97,2982.44,206.47
CST001386,HTL004,2026-02-01,Other Operating Costs,7452.56,7067.92,-384.65
CST001387,HTL005,2026-02-01,Payroll & Agency Staff,24437.99,22720.26,-1717.73
CST001388,HTL005,2026-02-01,Utilities,5028.94,6221.62,1192.68
CST001389,HTL005,2026-02-01,Housekeeping Supplies,3298.15,3498.38,200.22
CST001390,HTL005,2026-02-01,Maintenance & Repairs,4072.87,3799.88,-272.99
CST001391,HTL005,2026-02-01,Food & Beverage Supplies,7712.82,7111.25,-601.57
CST001392,HTL005,2026-02-01,Marketing,3060.96,3261.03,200.06
CST001393,HTL005,2026-02-01,Property & Insurance,8854.75,9842.08,987.33
CST001394,HTL005,2026-02-01,Technology & Systems,2094.75,2256.19,161.44
CST001395,HTL005,2026-02-01,Other Operating Costs,5691.96,5948.58,256.63
CST001396,HTL006,2026-02-01,Payroll & Agency Staff,25709.83,26486.04,776.21
CST001397,HTL006,2026-02-01,Utilities,4945.12,5238.02,292.9
CST001398,HTL006,2026-02-01,Housekeeping Supplies,3545.87,3827.59,281.72
CST001399,HTL006,2026-02-01,Maintenance & Repairs,4206.52,4242.95,36.42
CST001400,HTL006,2026-02-01,Food & Beverage Supplies,7907.97,8701.18,793.22
CST001401,HTL006,2026-02-01,Marketing,2975.69,3273.82,298.13
CST001402,HTL006,2026-02-01,Property & Insurance,9082.99,9233.01,150.03
CST001403,HTL006,2026-02-01,Technology & Systems,2275.03,2527.91,252.89
CST001404,HTL006,2026-02-01,Other Operating Costs,5839.81,5700.73,-139.08
CST001405,HTL001,2026-03-01,Payroll & Agency Staff,59202.82,55600.89,-3601.93
CST001406,HTL001,2026-03-01,Utilities,11475.65,10566.07,-909.59
CST001407,HTL001,2026-03-01,Housekeeping Supplies,7766.29,7996.2,229.91
CST001408,HTL001,2026-03-01,Maintenance & Repairs,9139.69,9037.55,-102.14
CST001409,HTL001,2026-03-01,Food & Beverage Supplies,19113.03,18148.93,-964.09
CST001410,HTL001,2026-03-01,Marketing,6693.91,8231.67,1537.76
CST001411,HTL001,2026-03-01,Property & Insurance,21104.6,21859.21,754.61
CST001412,HTL001,2026-03-01,Technology & Systems,5079.95,4894.77,-185.18
CST001413,HTL001,2026-03-01,Other Operating Costs,12599.11,12995.98,396.87
CST001414,HTL002,2026-03-01,Payroll & Agency Staff,39597.72,42267.1,2669.38
CST001415,HTL002,2026-03-01,Utilities,7644.38,7490.92,-153.46
CST001416,HTL002,2026-03-01,Housekeeping Supplies,4929.69,4945.87,16.18
CST001417,HTL002,2026-03-01,Maintenance & Repairs,6122.17,5764.41,-357.76
CST001418,HTL002,2026-03-01,Food & Beverage Supplies,11787.32,13124.38,1337.06
CST001419,HTL002,2026-03-01,Marketing,4371.74,5390.13,1018.39
CST001420,HTL002,2026-03-01,Property & Insurance,13704.05,12881.63,-822.42
CST001421,HTL002,2026-03-01,Technology & Systems,3320.03,3080.72,-239.32
CST001422,HTL002,2026-03-01,Other Operating Costs,8032.62,7797.62,-235
CST001423,HTL003,2026-03-01,Payroll & Agency Staff,31211.23,30088.22,-1123.02
CST001424,HTL003,2026-03-01,Utilities,6503.81,6321.98,-181.84
CST001425,HTL003,2026-03-01,Housekeeping Supplies,4379.52,4409.28,29.76
CST001426,HTL003,2026-03-01,Maintenance & Repairs,5031.38,5274.52,243.14
CST001427,HTL003,2026-03-01,Food & Beverage Supplies,10618.03,10149.42,-468.6
CST001428,HTL003,2026-03-01,Marketing,3930.26,4448.08,517.82
CST001429,HTL003,2026-03-01,Property & Insurance,11150.01,10422.63,-727.38
CST001430,HTL003,2026-03-01,Technology & Systems,2767.09,2986.01,218.92
CST001431,HTL003,2026-03-01,Other Operating Costs,6876.16,6650.75,-225.41
CST001432,HTL004,2026-03-01,Payroll & Agency Staff,37736.17,37597.17,-139
CST001433,HTL004,2026-03-01,Utilities,7369.19,7638.53,269.35
CST001434,HTL004,2026-03-01,Housekeeping Supplies,4828.54,5029.55,201.01
CST001435,HTL004,2026-03-01,Maintenance & Repairs,5609.61,6151.66,542.05
CST001436,HTL004,2026-03-01,Food & Beverage Supplies,11228.62,11283.31,54.69
CST001437,HTL004,2026-03-01,Marketing,4463.84,5239.6,775.76
CST001438,HTL004,2026-03-01,Property & Insurance,13165.61,14014.39,848.78
CST001439,HTL004,2026-03-01,Technology & Systems,2968.11,2747.49,-220.62
CST001440,HTL004,2026-03-01,Other Operating Costs,7850.8,8141.87,291.07
CST001441,HTL005,2026-03-01,Payroll & Agency Staff,27464.26,26555.88,-908.38
CST001442,HTL005,2026-03-01,Utilities,5462.22,6086.61,624.4
CST001443,HTL005,2026-03-01,Housekeeping Supplies,3527.97,3281.69,-246.27
CST001444,HTL005,2026-03-01,Maintenance & Repairs,4235.31,4239.94,4.63
CST001445,HTL005,2026-03-01,Food & Beverage Supplies,8951.36,8616.79,-334.56
CST001446,HTL005,2026-03-01,Marketing,3214.67,3901.45,686.78
CST001447,HTL005,2026-03-01,Property & Insurance,9967.73,9300.39,-667.34
CST001448,HTL005,2026-03-01,Technology & Systems,2371.18,2221.63,-149.55
CST001449,HTL005,2026-03-01,Other Operating Costs,5831.86,5375.35,-456.51
CST001450,HTL006,2026-03-01,Payroll & Agency Staff,28829.97,30468.26,1638.29
CST001451,HTL006,2026-03-01,Utilities,5581.49,5482.53,-98.95
CST001452,HTL006,2026-03-01,Housekeeping Supplies,3653.66,3804.83,151.17
CST001453,HTL006,2026-03-01,Maintenance & Repairs,4427.23,4055.63,-371.6
CST001454,HTL006,2026-03-01,Food & Beverage Supplies,9154.19,10149.89,995.7
CST001455,HTL006,2026-03-01,Marketing,3201.22,3482.81,281.59
CST001456,HTL006,2026-03-01,Property & Insurance,10191.89,9733.35,-458.55
CST001457,HTL006,2026-03-01,Technology & Systems,2425.31,2398.45,-26.86
CST001458,HTL006,2026-03-01,Other Operating Costs,6133.84,6847.29,713.45
CST001459,HTL001,2026-04-01,Payroll & Agency Staff,64189.59,66497.89,2308.3
CST001460,HTL001,2026-04-01,Utilities,11923.68,13097.23,1173.55
CST001461,HTL001,2026-04-01,Housekeeping Supplies,7944.99,8172.86,227.87
CST001462,HTL001,2026-04-01,Maintenance & Repairs,10269.17,11331.68,1062.51
CST001463,HTL001,2026-04-01,Food & Beverage Supplies,19328.61,17810.31,-1518.3
CST001464,HTL001,2026-04-01,Marketing,7712.39,9320.66,1608.27
CST001465,HTL001,2026-04-01,Property & Insurance,22543.88,22179.59,-364.29
CST001466,HTL001,2026-04-01,Technology & Systems,5109.84,5396,286.16
CST001467,HTL001,2026-04-01,Other Operating Costs,13190.59,12784.85,-405.74
CST001468,HTL002,2026-04-01,Payroll & Agency Staff,41674.8,42842.67,1167.87
CST001469,HTL002,2026-04-01,Utilities,8076.6,8439.52,362.92
CST001470,HTL002,2026-04-01,Housekeeping Supplies,5361.83,5996.25,634.42
CST001471,HTL002,2026-04-01,Maintenance & Repairs,6252.7,6894.71,642.02
CST001472,HTL002,2026-04-01,Food & Beverage Supplies,13430.37,13083.73,-346.64
CST001473,HTL002,2026-04-01,Marketing,4728.9,5464.39,735.49
CST001474,HTL002,2026-04-01,Property & Insurance,14153.02,13783.56,-369.46
CST001475,HTL002,2026-04-01,Technology & Systems,3561.68,3948.04,386.35
CST001476,HTL002,2026-04-01,Other Operating Costs,9105.93,8739.7,-366.24
CST001477,HTL003,2026-04-01,Payroll & Agency Staff,34254.68,34859.42,604.74
CST001478,HTL003,2026-04-01,Utilities,6948.39,6693.42,-254.97
CST001479,HTL003,2026-04-01,Housekeeping Supplies,4732.03,4720.43,-11.6
CST001480,HTL003,2026-04-01,Maintenance & Repairs,5507.8,5597.96,90.16
CST001481,HTL003,2026-04-01,Food & Beverage Supplies,10714.23,11918.51,1204.28
CST001482,HTL003,2026-04-01,Marketing,4010.79,4882.03,871.23
CST001483,HTL003,2026-04-01,Property & Insurance,12757.78,12775.33,17.56
CST001484,HTL003,2026-04-01,Technology & Systems,2997.93,3148.67,150.74
CST001485,HTL003,2026-04-01,Other Operating Costs,7463.18,7248.46,-214.72
CST001486,HTL004,2026-04-01,Payroll & Agency Staff,38199.04,37524.7,-674.35
CST001487,HTL004,2026-04-01,Utilities,8025.7,8296.94,271.24
CST001488,HTL004,2026-04-01,Housekeeping Supplies,5080.02,5584.9,504.87
CST001489,HTL004,2026-04-01,Maintenance & Repairs,6042.5,8311.34,2268.84
CST001490,HTL004,2026-04-01,Food & Beverage Supplies,12076.4,13195.38,1118.98
CST001491,HTL004,2026-04-01,Marketing,4791.84,5378.73,586.89
CST001492,HTL004,2026-04-01,Property & Insurance,13627.2,14589.39,962.19
CST001493,HTL004,2026-04-01,Technology & Systems,3349.92,3360.26,10.34
CST001494,HTL004,2026-04-01,Other Operating Costs,8272.12,8181.84,-90.29
CST001495,HTL005,2026-04-01,Payroll & Agency Staff,29857.65,30582.53,724.87
CST001496,HTL005,2026-04-01,Utilities,5857.47,6188.48,331.01
CST001497,HTL005,2026-04-01,Housekeeping Supplies,4007.67,3696.12,-311.55
CST001498,HTL005,2026-04-01,Maintenance & Repairs,4599.11,4956.89,357.78
CST001499,HTL005,2026-04-01,Food & Beverage Supplies,9409.26,9168.92,-240.34
CST001500,HTL005,2026-04-01,Marketing,3577.08,4278.65,701.57
CST001501,HTL005,2026-04-01,Property & Insurance,10256.39,9333.78,-922.62
CST001502,HTL005,2026-04-01,Technology & Systems,2521,2789.46,268.46
CST001503,HTL005,2026-04-01,Other Operating Costs,6554.62,6378.68,-175.94
CST001504,HTL006,2026-04-01,Payroll & Agency Staff,29092.37,28662.17,-430.2
CST001505,HTL006,2026-04-01,Utilities,5836.57,5444.2,-392.37
CST001506,HTL006,2026-04-01,Housekeeping Supplies,4061.85,4150.35,88.51
CST001507,HTL006,2026-04-01,Maintenance & Repairs,4893.32,4508.55,-384.77
CST001508,HTL006,2026-04-01,Food & Beverage Supplies,9514.51,8888.52,-625.99
CST001509,HTL006,2026-04-01,Marketing,3482.36,4062.59,580.23
CST001510,HTL006,2026-04-01,Property & Insurance,11145.31,10674.08,-471.23
CST001511,HTL006,2026-04-01,Technology & Systems,2593.42,2491.53,-101.88
CST001512,HTL006,2026-04-01,Other Operating Costs,6771.8,7367.75,595.95
CST001513,HTL001,2026-05-01,Payroll & Agency Staff,65745.88,63720.74,-2025.15
CST001514,HTL001,2026-05-01,Utilities,12967.16,13898.42,931.26
CST001515,HTL001,2026-05-01,Housekeeping Supplies,8837.44,9866.4,1028.96
CST001516,HTL001,2026-05-01,Maintenance & Repairs,10636.2,10986.95,350.74
CST001517,HTL001,2026-05-01,Food & Beverage Supplies,21731.35,23559.31,1827.96
CST001518,HTL001,2026-05-01,Marketing,7764.45,7669.92,-94.53
CST001519,HTL001,2026-05-01,Property & Insurance,23390.19,23038.58,-351.6
CST001520,HTL001,2026-05-01,Technology & Systems,5724.32,5821.2,96.88
CST001521,HTL001,2026-05-01,Other Operating Costs,14364.28,15690.06,1325.78
CST001522,HTL002,2026-05-01,Payroll & Agency Staff,45064.22,49607.17,4542.96
CST001523,HTL002,2026-05-01,Utilities,8526.45,9273.28,746.83
CST001524,HTL002,2026-05-01,Housekeeping Supplies,5925.49,5409.23,-516.25
CST001525,HTL002,2026-05-01,Maintenance & Repairs,6712.82,7382.02,669.2
CST001526,HTL002,2026-05-01,Food & Beverage Supplies,13309.67,13550.9,241.23
CST001527,HTL002,2026-05-01,Marketing,4981.15,5250.13,268.99
CST001528,HTL002,2026-05-01,Property & Insurance,15349.5,16586.99,1237.5
CST001529,HTL002,2026-05-01,Technology & Systems,3534.16,3431.1,-103.06
CST001530,HTL002,2026-05-01,Other Operating Costs,9531.3,10409.08,877.78
CST001531,HTL003,2026-05-01,Payroll & Agency Staff,35993.23,38243.79,2250.56
CST001532,HTL003,2026-05-01,Utilities,7219.09,7081.83,-137.26
CST001533,HTL003,2026-05-01,Housekeeping Supplies,4762.94,4549.65,-213.29
CST001534,HTL003,2026-05-01,Maintenance & Repairs,5911.48,6013.82,102.34
CST001535,HTL003,2026-05-01,Food & Beverage Supplies,11909.35,11760.28,-149.07
CST001536,HTL003,2026-05-01,Marketing,4447.74,4518.77,71.02
CST001537,HTL003,2026-05-01,Property & Insurance,12758.78,12340.66,-418.12
CST001538,HTL003,2026-05-01,Technology & Systems,3038.55,2899.63,-138.92
CST001539,HTL003,2026-05-01,Other Operating Costs,8344.84,8213.23,-131.61
CST001540,HTL004,2026-05-01,Payroll & Agency Staff,42771.11,46180.63,3409.52
CST001541,HTL004,2026-05-01,Utilities,8457.14,9264.12,806.98
CST001542,HTL004,2026-05-01,Housekeeping Supplies,5464.26,5199.46,-264.8
CST001543,HTL004,2026-05-01,Maintenance & Repairs,6464.74,7154.82,690.08
CST001544,HTL004,2026-05-01,Food & Beverage Supplies,13487.73,15022.04,1534.31
CST001545,HTL004,2026-05-01,Marketing,4903.02,4902.34,-0.68
CST001546,HTL004,2026-05-01,Property & Insurance,14459.01,14284.92,-174.1
CST001547,HTL004,2026-05-01,Technology & Systems,3493.79,3827.57,333.78
CST001548,HTL004,2026-05-01,Other Operating Costs,9332.87,10123.38,790.51
CST001549,HTL005,2026-05-01,Payroll & Agency Staff,30021.39,27814.76,-2206.63
CST001550,HTL005,2026-05-01,Utilities,6083.67,5788.14,-295.54
CST001551,HTL005,2026-05-01,Housekeeping Supplies,4123.58,3811.45,-312.13
CST001552,HTL005,2026-05-01,Maintenance & Repairs,4831.2,4693.25,-137.96
CST001553,HTL005,2026-05-01,Food & Beverage Supplies,9455.57,8892.24,-563.33
CST001554,HTL005,2026-05-01,Marketing,3755.05,3711.06,-43.99
CST001555,HTL005,2026-05-01,Property & Insurance,10821.05,10006.41,-814.64
CST001556,HTL005,2026-05-01,Technology & Systems,2666.05,2718.85,52.8
CST001557,HTL005,2026-05-01,Other Operating Costs,6829.6,7391.87,562.27
CST001558,HTL006,2026-05-01,Payroll & Agency Staff,32946.13,35712.52,2766.4
CST001559,HTL006,2026-05-01,Utilities,6540.42,6949.25,408.83
CST001560,HTL006,2026-05-01,Housekeeping Supplies,4194.57,4254.6,60.03
CST001561,HTL006,2026-05-01,Maintenance & Repairs,4863.04,4618.68,-244.36
CST001562,HTL006,2026-05-01,Food & Beverage Supplies,10219.58,9447.66,-771.92
CST001563,HTL006,2026-05-01,Marketing,3741.38,4096.76,355.38
CST001564,HTL006,2026-05-01,Property & Insurance,11214.8,12002.66,787.86
CST001565,HTL006,2026-05-01,Technology & Systems,2584.72,2886.1,301.38
CST001566,HTL006,2026-05-01,Other Operating Costs,7122.53,7714.01,591.48
CST001567,HTL001,2026-06-01,Payroll & Agency Staff,69770.58,73516.19,3745.61
CST001568,HTL001,2026-06-01,Utilities,13237.81,12399.32,-838.49
CST001569,HTL001,2026-06-01,Housekeeping Supplies,8885.17,8287.42,-597.75
CST001570,HTL001,2026-06-01,Maintenance & Repairs,11120.95,11777.93,656.98
CST001571,HTL001,2026-06-01,Food & Beverage Supplies,21183.01,19527.51,-1655.5
CST001572,HTL001,2026-06-01,Marketing,8282.99,8345.46,62.47
CST001573,HTL001,2026-06-01,Property & Insurance,25595.91,23956.83,-1639.08
CST001574,HTL001,2026-06-01,Technology & Systems,5929.69,5831.53,-98.16
CST001575,HTL001,2026-06-01,Other Operating Costs,15661.26,15861.44,200.18
CST001576,HTL002,2026-06-01,Payroll & Agency Staff,45346.84,48859.09,3512.25
CST001577,HTL002,2026-06-01,Utilities,8966.03,8948.36,-17.67
CST001578,HTL002,2026-06-01,Housekeeping Supplies,5893.91,6042.11,148.19
CST001579,HTL002,2026-06-01,Maintenance & Repairs,7077.28,7683.06,605.78
CST001580,HTL002,2026-06-01,Food & Beverage Supplies,13866.04,14533,666.95
CST001581,HTL002,2026-06-01,Marketing,5387.21,5023.94,-363.27
CST001582,HTL002,2026-06-01,Property & Insurance,15604.72,14746.69,-858.03
CST001583,HTL002,2026-06-01,Technology & Systems,3821.71,3896.1,74.38
CST001584,HTL002,2026-06-01,Other Operating Costs,10042.48,10819.79,777.32
CST001585,HTL003,2026-06-01,Payroll & Agency Staff,37054.57,40625.65,3571.08
CST001586,HTL003,2026-06-01,Utilities,7529.9,7622.69,92.79
CST001587,HTL003,2026-06-01,Housekeeping Supplies,5167.98,4945.88,-222.1
CST001588,HTL003,2026-06-01,Maintenance & Repairs,6213.82,6389.84,176.03
CST001589,HTL003,2026-06-01,Food & Beverage Supplies,11703.45,12002.39,298.94
CST001590,HTL003,2026-06-01,Marketing,4390.25,4487.88,97.63
CST001591,HTL003,2026-06-01,Property & Insurance,14020.02,13442.79,-577.23
CST001592,HTL003,2026-06-01,Technology & Systems,3282.79,3388.27,105.48
CST001593,HTL003,2026-06-01,Other Operating Costs,8244.62,8795.64,551.02
CST001594,HTL004,2026-06-01,Payroll & Agency Staff,43689.77,46635.3,2945.53
CST001595,HTL004,2026-06-01,Utilities,8841.87,9885.78,1043.91
CST001596,HTL004,2026-06-01,Housekeeping Supplies,5928.8,6425.49,496.69
CST001597,HTL004,2026-06-01,Maintenance & Repairs,6681.73,6540.92,-140.81
CST001598,HTL004,2026-06-01,Food & Beverage Supplies,13986.85,13885.78,-101.06
CST001599,HTL004,2026-06-01,Marketing,5094.08,5193.4,99.32
CST001600,HTL004,2026-06-01,Property & Insurance,15004.89,16406.6,1401.71
CST001601,HTL004,2026-06-01,Technology & Systems,3652.97,3761.04,108.07
CST001602,HTL004,2026-06-01,Other Operating Costs,9772.29,9864.74,92.45
CST001603,HTL005,2026-06-01,Payroll & Agency Staff,32879.05,32183.42,-695.63
CST001604,HTL005,2026-06-01,Utilities,6239.63,5974.67,-264.97
CST001605,HTL005,2026-06-01,Housekeeping Supplies,4309.35,4123.16,-186.18
CST001606,HTL005,2026-06-01,Maintenance & Repairs,5061.12,4892.11,-169.01
CST001607,HTL005,2026-06-01,Food & Beverage Supplies,10425.25,10313.23,-112.02
CST001608,HTL005,2026-06-01,Marketing,3862.11,4074.26,212.15
CST001609,HTL005,2026-06-01,Property & Insurance,11483.66,10927.67,-555.99
CST001610,HTL005,2026-06-01,Technology & Systems,2726.34,2895.16,168.82
CST001611,HTL005,2026-06-01,Other Operating Costs,7151.25,7997.42,846.16
CST001612,HTL006,2026-06-01,Payroll & Agency Staff,33044.81,30677.13,-2367.69
CST001613,HTL006,2026-06-01,Utilities,6624.35,6981.27,356.93
CST001614,HTL006,2026-06-01,Housekeeping Supplies,4308.38,4788.32,479.94
CST001615,HTL006,2026-06-01,Maintenance & Repairs,5102.14,5274.02,171.88
CST001616,HTL006,2026-06-01,Food & Beverage Supplies,10465.74,10658.82,193.08
CST001617,HTL006,2026-06-01,Marketing,4111.89,4200.82,88.93
CST001618,HTL006,2026-06-01,Property & Insurance,11664.1,11829.1,165.01
CST001619,HTL006,2026-06-01,Technology & Systems,2811.95,2961.86,149.91
CST001620,HTL006,2026-06-01,Other Operating Costs,7170.68,7120.02,-50.66
CST001621,HTL001,2026-07-01,Payroll & Agency Staff,70427.56,64279.01,-6148.55
CST001622,HTL001,2026-07-01,Utilities,14696.93,15004.17,307.23
CST001623,HTL001,2026-07-01,Housekeeping Supplies,9971.49,9615.17,-356.32
CST001624,HTL001,2026-07-01,Maintenance & Repairs,11755.39,12697.02,941.64
CST001625,HTL001,2026-07-01,Food & Beverage Supplies,23688.1,25990.52,2302.42
CST001626,HTL001,2026-07-01,Marketing,8495.07,8038.62,-456.45
CST001627,HTL001,2026-07-01,Property & Insurance,25715.14,24620.48,-1094.66
CST001628,HTL001,2026-07-01,Technology & Systems,6061.23,6087.16,25.93
CST001629,HTL001,2026-07-01,Other Operating Costs,15571.43,14999.61,-571.82
CST001630,HTL002,2026-07-01,Payroll & Agency Staff,47412.83,49936.95,2524.12
CST001631,HTL002,2026-07-01,Utilities,9396.74,9914.23,517.48
CST001632,HTL002,2026-07-01,Housekeeping Supplies,6114.37,5861.76,-252.6
CST001633,HTL002,2026-07-01,Maintenance & Repairs,7519.61,7383.49,-136.12
CST001634,HTL002,2026-07-01,Food & Beverage Supplies,14565.82,14881.89,316.07
CST001635,HTL002,2026-07-01,Marketing,5529.99,5478.28,-51.71
CST001636,HTL002,2026-07-01,Property & Insurance,17064.83,17546.62,481.79
CST001637,HTL002,2026-07-01,Technology & Systems,4032.9,4289.63,256.73
CST001638,HTL002,2026-07-01,Other Operating Costs,10831.73,11644.92,813.2
CST001639,HTL003,2026-07-01,Payroll & Agency Staff,40059.15,40066.07,6.92
CST001640,HTL003,2026-07-01,Utilities,8220.94,9154.16,933.22
CST001641,HTL003,2026-07-01,Housekeeping Supplies,5521.6,5688.25,166.65
CST001642,HTL003,2026-07-01,Maintenance & Repairs,6353.06,10246.87,3893.81
CST001643,HTL003,2026-07-01,Food & Beverage Supplies,12985.12,13173.76,188.64
CST001644,HTL003,2026-07-01,Marketing,4967.74,5226.48,258.75
CST001645,HTL003,2026-07-01,Property & Insurance,14898.75,14250.58,-648.17
CST001646,HTL003,2026-07-01,Technology & Systems,3349.07,3072.07,-277
CST001647,HTL003,2026-07-01,Other Operating Costs,8959.9,9456.79,496.88
CST001648,HTL004,2026-07-01,Payroll & Agency Staff,47680.67,46157.39,-1523.28
CST001649,HTL004,2026-07-01,Utilities,9068.07,8733.27,-334.81
CST001650,HTL004,2026-07-01,Housekeeping Supplies,6145.11,5910.12,-234.99
CST001651,HTL004,2026-07-01,Maintenance & Repairs,7168.45,7770.67,602.22
CST001652,HTL004,2026-07-01,Food & Beverage Supplies,14960.96,14585.06,-375.9
CST001653,HTL004,2026-07-01,Marketing,5350.29,5321.4,-28.89
CST001654,HTL004,2026-07-01,Property & Insurance,16209.51,18105.24,1895.73
CST001655,HTL004,2026-07-01,Technology & Systems,4015.55,3956.72,-58.83
CST001656,HTL004,2026-07-01,Other Operating Costs,9798.69,10077.91,279.22
CST001657,HTL005,2026-07-01,Payroll & Agency Staff,33163.31,31944.86,-1218.46
CST001658,HTL005,2026-07-01,Utilities,6958.86,7614.48,655.62
CST001659,HTL005,2026-07-01,Housekeeping Supplies,4433.07,4454.72,21.65
CST001660,HTL005,2026-07-01,Maintenance & Repairs,5446.74,5254.44,-192.3
CST001661,HTL005,2026-07-01,Food & Beverage Supplies,10748.81,10384.26,-364.55
CST001662,HTL005,2026-07-01,Marketing,4183.07,4682.85,499.78
CST001663,HTL005,2026-07-01,Property & Insurance,12455.27,13791.22,1335.95
CST001664,HTL005,2026-07-01,Technology & Systems,2787.12,3077.03,289.91
CST001665,HTL005,2026-07-01,Other Operating Costs,7643.07,8552.57,909.5
CST001666,HTL006,2026-07-01,Payroll & Agency Staff,36197.5,35881.35,-316.15
CST001667,HTL006,2026-07-01,Utilities,7019.21,7078.59,59.38
CST001668,HTL006,2026-07-01,Housekeeping Supplies,4565.8,4175.72,-390.08
CST001669,HTL006,2026-07-01,Maintenance & Repairs,5425.07,5191.65,-233.41
CST001670,HTL006,2026-07-01,Food & Beverage Supplies,11049.18,11907.65,858.47
CST001671,HTL006,2026-07-01,Marketing,4021.9,4139.35,117.44
CST001672,HTL006,2026-07-01,Property & Insurance,12751.23,12449.34,-301.89
CST001673,HTL006,2026-07-01,Technology & Systems,2983.34,2747.15,-236.19
CST001674,HTL006,2026-07-01,Other Operating Costs,7945.31,7492.87,-452.44
CST001675,HTL001,2026-08-01,Payroll & Agency Staff,77442.66,72564.72,-4877.94
CST001676,HTL001,2026-08-01,Utilities,14792.01,16269.64,1477.64
CST001677,HTL001,2026-08-01,Housekeeping Supplies,9894.43,10995.82,1101.39
CST001678,HTL001,2026-08-01,Maintenance & Repairs,12151.5,11336.08,-815.42
CST001679,HTL001,2026-08-01,Food & Beverage Supplies,24151.81,23612.82,-538.99
CST001680,HTL001,2026-08-01,Marketing,9140,9831.58,691.57
CST001681,HTL001,2026-08-01,Property & Insurance,25990.53,23791.38,-2199.15
CST001682,HTL001,2026-08-01,Technology & Systems,6272.02,5864.05,-407.98
CST001683,HTL001,2026-08-01,Other Operating Costs,16934.88,16084.85,-850.03
CST001684,HTL002,2026-08-01,Payroll & Agency Staff,50853.83,51294.73,440.9
CST001685,HTL002,2026-08-01,Utilities,9505.43,8958.18,-547.24
CST001686,HTL002,2026-08-01,Housekeeping Supplies,6421.61,6712.22,290.61
CST001687,HTL002,2026-08-01,Maintenance & Repairs,7713.99,7463.93,-250.06
CST001688,HTL002,2026-08-01,Food & Beverage Supplies,15778.41,15063.32,-715.09
CST001689,HTL002,2026-08-01,Marketing,5701.79,5980.55,278.76
CST001690,HTL002,2026-08-01,Property & Insurance,18148.36,17973.79,-174.57
CST001691,HTL002,2026-08-01,Technology & Systems,4174.6,3999.46,-175.15
CST001692,HTL002,2026-08-01,Other Operating Costs,10378.71,10811.01,432.3
CST001693,HTL003,2026-08-01,Payroll & Agency Staff,41360.42,46039.33,4678.91
CST001694,HTL003,2026-08-01,Utilities,8471.76,8331.11,-140.65
CST001695,HTL003,2026-08-01,Housekeeping Supplies,5480.4,5436.16,-44.24
CST001696,HTL003,2026-08-01,Maintenance & Repairs,6672.3,6609.08,-63.21
CST001697,HTL003,2026-08-01,Food & Beverage Supplies,13137.41,12727.73,-409.69
CST001698,HTL003,2026-08-01,Marketing,4824.47,5013.31,188.84
CST001699,HTL003,2026-08-01,Property & Insurance,15129.23,13952.47,-1176.76
CST001700,HTL003,2026-08-01,Technology & Systems,3397.22,3186.7,-210.52
CST001701,HTL003,2026-08-01,Other Operating Costs,9304.16,9003.53,-300.62
CST001702,HTL004,2026-08-01,Payroll & Agency Staff,45647.87,44040.83,-1607.04
CST001703,HTL004,2026-08-01,Utilities,9182.13,9978.04,795.92
CST001704,HTL004,2026-08-01,Housekeeping Supplies,6364.89,5960.54,-404.35
CST001705,HTL004,2026-08-01,Maintenance & Repairs,7630.92,8416.72,785.8
CST001706,HTL004,2026-08-01,Food & Beverage Supplies,14968.95,14725.96,-242.99
CST001707,HTL004,2026-08-01,Marketing,5683.6,6136.58,452.98
CST001708,HTL004,2026-08-01,Property & Insurance,16610.72,16433.88,-176.83
CST001709,HTL004,2026-08-01,Technology & Systems,4035.09,3679.58,-355.52
CST001710,HTL004,2026-08-01,Other Operating Costs,10126.34,10810.52,684.19
CST001711,HTL005,2026-08-01,Payroll & Agency Staff,36382.32,34458.91,-1923.41
CST001712,HTL005,2026-08-01,Utilities,6757.56,6576.78,-180.78
CST001713,HTL005,2026-08-01,Housekeeping Supplies,4647.18,4601.29,-45.89
CST001714,HTL005,2026-08-01,Maintenance & Repairs,5719.15,5790.11,70.96
CST001715,HTL005,2026-08-01,Food & Beverage Supplies,10736.58,11542.24,805.66
CST001716,HTL005,2026-08-01,Marketing,4267.44,4769.18,501.74
CST001717,HTL005,2026-08-01,Property & Insurance,12862.59,12658.33,-204.27
CST001718,HTL005,2026-08-01,Technology & Systems,2962.3,3076.29,113.98
CST001719,HTL005,2026-08-01,Other Operating Costs,7480.98,7531.16,50.19
CST001720,HTL006,2026-08-01,Payroll & Agency Staff,35155.63,36649.83,1494.2
CST001721,HTL006,2026-08-01,Utilities,7366.41,7621.57,255.16
CST001722,HTL006,2026-08-01,Housekeeping Supplies,4884.92,4827.81,-57.11
CST001723,HTL006,2026-08-01,Maintenance & Repairs,5834.98,5326.21,-508.77
CST001724,HTL006,2026-08-01,Food & Beverage Supplies,11191.09,10830.26,-360.83
CST001725,HTL006,2026-08-01,Marketing,4353.56,4861.15,507.59
CST001726,HTL006,2026-08-01,Property & Insurance,12526.33,13614.56,1088.23
CST001727,HTL006,2026-08-01,Technology & Systems,3102.13,3011.34,-90.79
CST001728,HTL006,2026-08-01,Other Operating Costs,7695.24,8492.5,797.26
