PaymentID,BookingID,PaymentDate,PaymentMethod,AmountGBP,PaymentStatus,ProcessingFeeGBP,Currency,PaymentSource
PAY0000001,BKG000001,2025-03-02,Mastercard,389.1,Captured,7,GBP,Payment Gateway
PAY0000002,BKG000002,2025-08-20,Visa,776.3,Captured,13.97,GBP,Payment Gateway
PAY0000003,BKG000003,2026-07-13,Mastercard,108.13,Captured,1.3,GBP,Payment Gateway
PAY0000004,BKG000005,2024-09-20,Google Pay,922.39,Captured,14.76,GBP,Payment Gateway
PAY0000005,BKG000006,2024-09-13,Apple Pay,376.53,Captured,4.52,GBP,Payment Gateway
PAY0000006,BKG000007,2024-02-05,Cash,109.82,Captured,0,GBP,Front Desk/PMS
PAY0000007,BKG000008,2025-06-12,Mastercard,694.96,Captured,8.34,GBP,Payment Gateway
PAY0000008,BKG000009,2026-05-13,Cash,380.91,Captured,0,GBP,Front Desk/PMS
PAY0000009,BKG000010,2026-02-12,Bank Transfer,530.84,Captured,0,GBP,Payment Gateway
PAY0000010,BKG000011,2024-12-11,Apple Pay,330.65,Captured,5.29,GBP,Payment Gateway
PAY0000011,BKG000012,2025-03-21,Visa,296.07,Captured,5.33,GBP,Payment Gateway
PAY0000012,BKG000013,2026-02-02,Visa,98.85,Captured,1.78,GBP,Payment Gateway
PAY0000013,BKG000014,2024-08-07,Mastercard,77.23,Captured,1.39,GBP,Payment Gateway
PAY0000014,BKG000014,2024-09-06,Visa,231.7,Captured,3.24,GBP,Payment Gateway
PAY0000015,BKG000015,2024-04-11,American Express,263.38,Captured,4.21,GBP,Payment Gateway
PAY0000016,BKG000016,2025-02-01,Mastercard,182.63,Captured,2.19,GBP,Payment Gateway
PAY0000017,BKG000017,2024-12-11,Visa,618.64,Captured,11.14,GBP,Payment Gateway
PAY0000018,BKG000018,2025-09-10,Bank Transfer,637,Captured,0,GBP,Payment Gateway
PAY0000019,BKG000019,2026-01-17,Visa,293.28,Captured,5.28,GBP,Payment Gateway
PAY0000020,BKG000020,2024-07-22,Mastercard,242.12,Captured,3.87,GBP,Payment Gateway
PAY0000021,BKG000021,2025-11-30,Visa,310.46,Captured,4.97,GBP,Payment Gateway
PAY0000022,BKG000022,2026-08-20,Mastercard,161.79,Captured,2.59,GBP,Payment Gateway
PAY0000023,BKG000023,2024-12-15,Google Pay,175.06,Captured,2.45,GBP,Payment Gateway
PAY0000024,BKG000023,2025-01-04,Mastercard,525.19,Captured,6.3,GBP,Payment Gateway
PAY0000025,BKG000024,2025-11-14,Visa,122.52,Captured,1.72,GBP,Payment Gateway
PAY0000026,BKG000025,2025-12-02,Apple Pay,307.7,Captured,3.69,GBP,Payment Gateway
PAY0000027,BKG000025,2025-12-27,Mastercard,923.11,Captured,16.62,GBP,Payment Gateway
PAY0000028,BKG000026,2026-02-27,Apple Pay,285.24,Captured,3.42,GBP,Payment Gateway
PAY0000029,BKG000027,2024-11-13,Apple Pay,716.4,Captured,8.6,GBP,Payment Gateway
PAY0000030,BKG000028,2025-01-10,Google Pay,388.6,Captured,4.66,GBP,Payment Gateway
PAY0000031,BKG000028,2025-04-02,Mastercard,1165.79,Captured,13.99,GBP,Payment Gateway
PAY0000032,BKG000029,2024-11-22,Bank Transfer,862.11,Captured,0,GBP,Payment Gateway
PAY0000033,BKG000030,2026-03-26,Bank Transfer,570.36,Captured,0,GBP,Payment Gateway
PAY0000034,BKG000031,2025-06-13,Visa,430.06,Captured,5.16,GBP,Payment Gateway
PAY0000035,BKG000032,2024-04-04,Visa,882.19,Captured,10.59,GBP,Payment Gateway
PAY0000036,BKG000034,2026-08-16,Visa,2502.58,Captured,45.05,GBP,Payment Gateway
PAY0000037,BKG000035,2025-12-30,Mastercard,1438.2,Captured,25.89,GBP,Payment Gateway
PAY0000038,BKG000036,2024-02-06,Visa,846.1,Captured,11.85,GBP,Payment Gateway
PAY0000039,BKG000037,2024-01-10,Visa,1123.4,Captured,15.73,GBP,Payment Gateway
PAY0000040,BKG000038,2025-02-16,Visa,105.9,Captured,1.69,GBP,Payment Gateway
PAY0000041,BKG000039,2024-06-26,Visa,164.36,Captured,2.3,GBP,Payment Gateway
PAY0000042,BKG000041,2025-05-31,Google Pay,301.36,Captured,4.82,GBP,Payment Gateway
PAY0000043,BKG000043,2025-08-24,Apple Pay,105.85,Captured,1.69,GBP,Payment Gateway
PAY0000044,BKG000043,2025-09-04,Visa,317.54,Captured,4.45,GBP,Payment Gateway
PAY0000045,BKG000044,2025-06-22,Mastercard,233.5,Captured,4.2,GBP,Payment Gateway
PAY0000046,BKG000045,2024-06-23,Apple Pay,425.07,Captured,5.95,GBP,Payment Gateway
PAY0000047,BKG000046,2025-02-28,Visa,98.59,Captured,1.18,GBP,Payment Gateway
PAY0000048,BKG000047,2025-07-28,Bank Transfer,211.24,Captured,0,GBP,Payment Gateway
PAY0000049,BKG000049,2025-09-20,Bank Transfer,898.65,Captured,0,GBP,Payment Gateway
PAY0000050,BKG000050,2025-06-05,Mastercard,180.02,Captured,2.16,GBP,Payment Gateway
PAY0000051,BKG000051,2026-05-05,Apple Pay,92.04,Captured,1.66,GBP,Payment Gateway
PAY0000052,BKG000051,2026-08-08,Cash,276.12,Captured,0,GBP,Front Desk/PMS
PAY0000053,BKG000052,2026-08-06,Bank Transfer,507.16,Captured,0,GBP,Payment Gateway
PAY0000054,BKG000053,2025-07-12,American Express,1555.12,Captured,27.99,GBP,Payment Gateway
PAY0000055,BKG000054,2024-07-17,Mastercard,123.26,Captured,2.22,GBP,Payment Gateway
PAY0000056,BKG000055,2026-05-18,Mastercard,679.94,Captured,9.52,GBP,Payment Gateway
PAY0000057,BKG000056,2024-06-12,Mastercard,710.4,Captured,11.37,GBP,Payment Gateway
PAY0000058,BKG000057,2025-08-24,Apple Pay,114.11,Captured,1.6,GBP,Payment Gateway
PAY0000059,BKG000057,2025-09-10,Visa,342.33,Captured,5.48,GBP,Payment Gateway
PAY0000060,BKG000058,2026-04-23,Visa,142.67,Captured,2.28,GBP,Payment Gateway
PAY0000061,BKG000059,2026-08-16,Visa,463.32,Captured,5.56,GBP,Payment Gateway
PAY0000062,BKG000060,2026-08-05,American Express,583.62,Captured,7,GBP,Payment Gateway
PAY0000063,BKG000061,2026-08-18,Visa,605,Captured,9.68,GBP,Payment Gateway
PAY0000064,BKG000062,2025-10-01,Apple Pay,313.37,Captured,5.64,GBP,Payment Gateway
PAY0000065,BKG000063,2025-12-08,Mastercard,235.11,Captured,2.82,GBP,Payment Gateway
PAY0000066,BKG000064,2025-04-12,Visa,175.12,Captured,2.1,GBP,Payment Gateway
PAY0000067,BKG000065,2024-12-06,Bank Transfer,336.26,Captured,0,GBP,Payment Gateway
PAY0000068,BKG000066,2024-10-11,Visa,605.7,Captured,10.9,GBP,Payment Gateway
PAY0000069,BKG000067,2025-01-01,Visa,66.52,Captured,1.2,GBP,Payment Gateway
PAY0000070,BKG000067,2025-01-06,Mastercard,199.55,Captured,3.19,GBP,Payment Gateway
PAY0000071,BKG000069,2026-01-29,Bank Transfer,92.51,Captured,0,GBP,Payment Gateway
PAY0000072,BKG000070,2024-05-24,Visa,805.6,Captured,9.67,GBP,Payment Gateway
PAY0000073,BKG000071,2025-05-11,Visa,621.04,Captured,8.69,GBP,Payment Gateway
PAY0000074,BKG000072,2024-03-14,Visa,525.8,Captured,8.41,GBP,Payment Gateway
PAY0000075,BKG000073,2025-12-04,Mastercard,137.51,Captured,2.48,GBP,Payment Gateway
PAY0000076,BKG000073,2026-03-25,Google Pay,412.52,Captured,7.43,GBP,Payment Gateway
PAY0000077,BKG000074,2026-03-03,Mastercard,248.66,Captured,3.48,GBP,Payment Gateway
PAY0000078,BKG000075,2026-01-22,Mastercard,269.69,Captured,3.24,GBP,Payment Gateway
PAY0000079,BKG000076,2024-05-29,Mastercard,109.8,Captured,1.98,GBP,Payment Gateway
PAY0000080,BKG000078,2026-07-09,Cash,541.47,Captured,0,GBP,Front Desk/PMS
PAY0000081,BKG000079,2024-06-09,Cash,625.06,Captured,0,GBP,Front Desk/PMS
PAY0000082,BKG000080,2024-10-01,Cash,530.85,Captured,0,GBP,Front Desk/PMS
PAY0000083,BKG000081,2025-08-16,Bank Transfer,311.1,Captured,0,GBP,Payment Gateway
PAY0000084,BKG000083,2025-02-12,Mastercard,95.22,Captured,1.52,GBP,Payment Gateway
PAY0000085,BKG000084,2025-01-16,Visa,117.41,Captured,1.64,GBP,Payment Gateway
PAY0000086,BKG000085,2025-07-21,Visa,173.93,Captured,2.09,GBP,Payment Gateway
PAY0000087,BKG000085,2025-08-20,Mastercard,521.78,Captured,6.26,GBP,Payment Gateway
PAY0000088,BKG000086,2024-09-03,Cash,580.52,Captured,0,GBP,Front Desk/PMS
PAY0000089,BKG000087,2026-08-21,Cash,262.04,Captured,0,GBP,Front Desk/PMS
PAY0000090,BKG000089,2024-12-28,Apple Pay,632.74,Captured,8.86,GBP,Payment Gateway
PAY0000091,BKG000090,2025-07-24,American Express,274.05,Captured,3.29,GBP,Payment Gateway
PAY0000092,BKG000091,2024-04-03,Visa,99.11,Captured,1.39,GBP,Payment Gateway
PAY0000093,BKG000093,2025-03-25,Apple Pay,142.22,Captured,2.56,GBP,Payment Gateway
PAY0000094,BKG000094,2026-02-07,Visa,231.74,Captured,3.71,GBP,Payment Gateway
PAY0000095,BKG000095,2024-10-25,Mastercard,1573.32,Captured,28.32,GBP,Payment Gateway
PAY0000096,BKG000096,2024-10-08,Cash,201.3,Captured,0,GBP,Front Desk/PMS
PAY0000097,BKG000097,2025-11-06,Google Pay,154.86,Captured,2.79,GBP,Payment Gateway
PAY0000098,BKG000098,2025-06-30,Visa,195.46,Captured,2.74,GBP,Payment Gateway
PAY0000099,BKG000098,2025-07-17,Mastercard,586.39,Captured,7.04,GBP,Payment Gateway
PAY0000100,BKG000099,2024-11-08,Visa,590.42,Captured,10.63,GBP,Payment Gateway
PAY0000101,BKG000100,2024-12-11,Cash,160.13,Captured,0,GBP,Front Desk/PMS
PAY0000102,BKG000101,2024-01-30,Apple Pay,136.14,Captured,1.91,GBP,Payment Gateway
PAY0000103,BKG000103,2025-04-21,Cash,531.02,Captured,0,GBP,Front Desk/PMS
PAY0000104,BKG000104,2025-11-26,Visa,891.52,Captured,16.05,GBP,Payment Gateway
PAY0000105,BKG000106,2024-07-09,Mastercard,835.2,Captured,10.02,GBP,Payment Gateway
PAY0000106,BKG000107,2024-01-31,Visa,94.87,Captured,1.14,GBP,Payment Gateway
PAY0000107,BKG000108,2025-02-15,Apple Pay,1234.34,Captured,17.28,GBP,Payment Gateway
PAY0000108,BKG000109,2025-09-19,Mastercard,241.18,Captured,3.38,GBP,Payment Gateway
PAY0000109,BKG000110,2024-09-21,Apple Pay,171.92,Captured,2.41,GBP,Payment Gateway
PAY0000110,BKG000112,2024-08-25,Visa,189.48,Captured,2.27,GBP,Payment Gateway
PAY0000111,BKG000113,2025-05-11,Visa,888.39,Captured,14.21,GBP,Payment Gateway
PAY0000112,BKG000114,2024-02-17,Cash,637.59,Captured,0,GBP,Front Desk/PMS
PAY0000113,BKG000115,2025-05-25,Visa,194.13,Captured,3.49,GBP,Payment Gateway
PAY0000114,BKG000115,2025-06-27,Visa,582.4,Captured,6.99,GBP,Payment Gateway
PAY0000115,BKG000116,2024-09-06,Mastercard,541.16,Captured,6.49,GBP,Payment Gateway
PAY0000116,BKG000117,2025-12-06,American Express,215.38,Captured,3.02,GBP,Payment Gateway
PAY0000117,BKG000118,2024-06-10,Visa,367.43,Captured,6.61,GBP,Payment Gateway
PAY0000118,BKG000119,2024-05-21,Visa,575.42,Captured,10.36,GBP,Payment Gateway
PAY0000119,BKG000120,2026-08-01,American Express,1738,Captured,20.86,GBP,Payment Gateway
PAY0000120,BKG000121,2024-10-01,Visa,176.33,Captured,2.47,GBP,Payment Gateway
PAY0000121,BKG000122,2025-10-01,Bank Transfer,143.01,Captured,0,GBP,Payment Gateway
PAY0000122,BKG000123,2024-06-09,Bank Transfer,278.91,Captured,0,GBP,Payment Gateway
PAY0000123,BKG000124,2024-07-02,American Express,297.8,Captured,3.57,GBP,Payment Gateway
PAY0000124,BKG000126,2025-12-09,Apple Pay,298.13,Captured,5.37,GBP,Payment Gateway
PAY0000125,BKG000127,2024-08-29,Mastercard,422.64,Captured,5.92,GBP,Payment Gateway
PAY0000126,BKG000128,2025-09-09,Mastercard,317.64,Captured,5.08,GBP,Payment Gateway
PAY0000127,BKG000129,2024-08-05,Apple Pay,187.2,Captured,3.37,GBP,Payment Gateway
PAY0000128,BKG000130,2025-05-08,Visa,308.54,Captured,3.7,GBP,Payment Gateway
PAY0000129,BKG000131,2026-06-17,Bank Transfer,106.79,Captured,0,GBP,Payment Gateway
PAY0000130,BKG000132,2024-08-30,Visa,169.32,Captured,2.03,GBP,Payment Gateway
PAY0000131,BKG000133,2024-06-26,Visa,536.49,Captured,9.66,GBP,Payment Gateway
PAY0000132,BKG000134,2024-08-04,Bank Transfer,167.16,Captured,0,GBP,Payment Gateway
PAY0000133,BKG000134,2024-11-03,Mastercard,501.5,Captured,6.02,GBP,Payment Gateway
PAY0000134,BKG000135,2026-05-28,Cash,584.61,Captured,0,GBP,Front Desk/PMS
PAY0000135,BKG000136,2025-02-23,Bank Transfer,157.28,Captured,0,GBP,Payment Gateway
PAY0000136,BKG000137,2024-03-09,Mastercard,58.41,Captured,1.05,GBP,Payment Gateway
PAY0000137,BKG000137,2024-03-11,American Express,175.22,Captured,3.15,GBP,Payment Gateway
PAY0000138,BKG000139,2024-02-14,Mastercard,705.27,Captured,12.69,GBP,Payment Gateway
PAY0000139,BKG000140,2026-07-01,Visa,519.84,Captured,7.28,GBP,Payment Gateway
PAY0000140,BKG000141,2024-07-12,American Express,624.4,Captured,7.49,GBP,Payment Gateway
PAY0000141,BKG000142,2026-03-18,Mastercard,665.06,Captured,10.64,GBP,Payment Gateway
PAY0000142,BKG000144,2026-01-25,Visa,3255.23,Captured,52.08,GBP,Payment Gateway
PAY0000143,BKG000145,2026-06-10,Mastercard,203.43,Captured,2.44,GBP,Payment Gateway
PAY0000144,BKG000148,2024-05-16,Cash,264.93,Captured,0,GBP,Front Desk/PMS
PAY0000145,BKG000149,2026-06-27,Visa,83.67,Captured,1,GBP,Payment Gateway
PAY0000146,BKG000149,2026-07-31,Visa,251.02,Captured,4.02,GBP,Payment Gateway
PAY0000147,BKG000150,2026-08-10,Visa,140.62,Captured,1.69,GBP,Payment Gateway
PAY0000148,BKG000151,2026-06-09,Visa,829.95,Captured,14.94,GBP,Payment Gateway
PAY0000149,BKG000152,2024-08-13,Google Pay,487.08,Captured,7.79,GBP,Payment Gateway
PAY0000150,BKG000153,2025-03-11,Bank Transfer,1005.71,Captured,0,GBP,Payment Gateway
PAY0000151,BKG000154,2026-08-11,Mastercard,1781.86,Captured,28.51,GBP,Payment Gateway
PAY0000152,BKG000155,2026-07-06,Visa,988.55,Captured,17.79,GBP,Payment Gateway
PAY0000153,BKG000156,2024-09-22,Visa,523.88,Captured,8.38,GBP,Payment Gateway
PAY0000154,BKG000157,2026-02-01,Mastercard,175.91,Captured,2.81,GBP,Payment Gateway
PAY0000155,BKG000159,2025-10-19,Visa,355.48,Captured,4.27,GBP,Payment Gateway
PAY0000156,BKG000160,2024-01-24,Mastercard,341.13,Captured,6.14,GBP,Payment Gateway
PAY0000157,BKG000161,2024-12-08,Mastercard,384.08,Captured,6.15,GBP,Payment Gateway
PAY0000158,BKG000162,2025-10-29,Bank Transfer,334.71,Captured,0,GBP,Payment Gateway
PAY0000159,BKG000163,2026-06-12,American Express,370.02,Captured,5.92,GBP,Payment Gateway
PAY0000160,BKG000164,2024-04-03,Mastercard,776.48,Captured,12.42,GBP,Payment Gateway
PAY0000161,BKG000165,2025-10-14,Google Pay,305.18,Captured,5.49,GBP,Payment Gateway
PAY0000162,BKG000166,2026-01-22,American Express,1461.86,Captured,20.47,GBP,Payment Gateway
PAY0000163,BKG000167,2026-07-11,Mastercard,347.27,Captured,4.86,GBP,Payment Gateway
PAY0000164,BKG000167,2026-08-19,Mastercard,1041.8,Captured,16.67,GBP,Payment Gateway
PAY0000165,BKG000168,2025-03-04,American Express,266.16,Captured,3.73,GBP,Payment Gateway
PAY0000166,BKG000169,2025-06-07,Visa,247.83,Captured,4.46,GBP,Payment Gateway
PAY0000167,BKG000170,2024-06-20,Visa,701.29,Captured,9.82,GBP,Payment Gateway
PAY0000168,BKG000171,2025-10-19,Visa,591.92,Captured,10.65,GBP,Payment Gateway
PAY0000169,BKG000172,2026-04-24,Visa,840.26,Captured,10.08,GBP,Payment Gateway
PAY0000170,BKG000173,2024-12-09,American Express,141.7,Captured,2.27,GBP,Payment Gateway
PAY0000171,BKG000174,2024-05-13,Cash,350.66,Captured,0,GBP,Front Desk/PMS
PAY0000172,BKG000175,2025-10-17,American Express,590.11,Captured,9.44,GBP,Payment Gateway
PAY0000173,BKG000176,2026-07-02,Visa,436.19,Captured,6.98,GBP,Payment Gateway
PAY0000174,BKG000177,2024-10-26,Visa,390.39,Captured,5.47,GBP,Payment Gateway
PAY0000175,BKG000178,2024-03-07,Bank Transfer,119.62,Captured,0,GBP,Payment Gateway
PAY0000176,BKG000179,2024-08-26,Mastercard,530.72,Captured,6.37,GBP,Payment Gateway
PAY0000177,BKG000180,2025-08-17,Visa,396.14,Captured,7.13,GBP,Payment Gateway
PAY0000178,BKG000181,2024-02-14,Apple Pay,103.78,Captured,1.66,GBP,Payment Gateway
PAY0000179,BKG000182,2026-04-10,Mastercard,222.59,Captured,4.01,GBP,Payment Gateway
PAY0000180,BKG000183,2024-11-06,Visa,704.68,Captured,11.27,GBP,Payment Gateway
PAY0000181,BKG000185,2026-08-22,Apple Pay,213.93,Captured,3,GBP,Payment Gateway
PAY0000182,BKG000186,2026-02-21,Mastercard,888.5,Captured,10.66,GBP,Payment Gateway
PAY0000183,BKG000187,2025-12-19,Visa,178.38,Captured,3.21,GBP,Payment Gateway
PAY0000184,BKG000188,2025-03-24,Visa,714.35,Captured,10,GBP,Payment Gateway
PAY0000185,BKG000189,2025-08-11,Visa,426.4,Captured,5.97,GBP,Payment Gateway
PAY0000186,BKG000190,2024-01-27,Visa,138.51,Captured,1.66,GBP,Payment Gateway
PAY0000187,BKG000193,2024-05-12,Apple Pay,323.53,Captured,4.53,GBP,Payment Gateway
PAY0000188,BKG000194,2026-03-18,Mastercard,912.28,Captured,10.95,GBP,Payment Gateway
PAY0000189,BKG000195,2024-07-30,Cash,93.73,Captured,0,GBP,Front Desk/PMS
PAY0000190,BKG000195,2024-08-14,Visa,281.2,Captured,3.94,GBP,Payment Gateway
PAY0000191,BKG000196,2025-07-09,Visa,467.14,Captured,6.54,GBP,Payment Gateway
PAY0000192,BKG000197,2026-08-08,Visa,669.64,Captured,12.05,GBP,Payment Gateway
PAY0000193,BKG000198,2025-08-19,Visa,713.25,Captured,9.99,GBP,Payment Gateway
PAY0000194,BKG000199,2025-12-23,Visa,178.48,Captured,2.14,GBP,Payment Gateway
PAY0000195,BKG000200,2025-08-11,Mastercard,366.86,Captured,6.6,GBP,Payment Gateway
PAY0000196,BKG000201,2024-05-26,Google Pay,182.75,Captured,3.29,GBP,Payment Gateway
PAY0000197,BKG000203,2025-10-01,Mastercard,263.2,Captured,3.16,GBP,Payment Gateway
PAY0000198,BKG000204,2024-09-26,American Express,152.99,Captured,2.14,GBP,Payment Gateway
PAY0000199,BKG000205,2026-08-22,Visa,317.07,Captured,5.71,GBP,Payment Gateway
PAY0000200,BKG000205,2026-08-26,Visa,951.22,Captured,15.22,GBP,Payment Gateway
PAY0000201,BKG000206,2024-03-18,Mastercard,1136.7,Captured,20.46,GBP,Payment Gateway
PAY0000202,BKG000207,2024-12-30,Visa,109.33,Captured,1.31,GBP,Payment Gateway
PAY0000203,BKG000207,2025-02-06,Apple Pay,328,Captured,5.9,GBP,Payment Gateway
PAY0000204,BKG000208,2025-08-12,Cash,2058.85,Captured,0,GBP,Front Desk/PMS
PAY0000205,BKG000209,2025-04-25,Visa,317.92,Captured,5.09,GBP,Payment Gateway
PAY0000206,BKG000210,2026-04-06,Mastercard,856.4,Captured,15.42,GBP,Payment Gateway
PAY0000207,BKG000211,2024-11-14,Mastercard,539.12,Captured,8.63,GBP,Payment Gateway
PAY0000208,BKG000212,2024-06-28,Bank Transfer,284.33,Captured,0,GBP,Payment Gateway
PAY0000209,BKG000213,2025-06-16,Mastercard,179.21,Captured,2.15,GBP,Payment Gateway
PAY0000210,BKG000214,2024-11-07,Visa,64.21,Captured,0.77,GBP,Payment Gateway
PAY0000211,BKG000214,2024-11-25,Mastercard,192.62,Captured,3.47,GBP,Payment Gateway
PAY0000212,BKG000215,2025-12-06,Mastercard,335.72,Captured,6.04,GBP,Payment Gateway
PAY0000213,BKG000216,2024-11-23,American Express,396.5,Captured,6.34,GBP,Payment Gateway
PAY0000214,BKG000217,2025-03-04,Visa,305.04,Captured,4.88,GBP,Payment Gateway
PAY0000215,BKG000218,2025-05-08,Visa,241.67,Captured,2.9,GBP,Payment Gateway
PAY0000216,BKG000219,2024-11-14,Visa,200.79,Captured,3.61,GBP,Payment Gateway
PAY0000217,BKG000222,2025-05-25,Visa,248.73,Captured,4.48,GBP,Payment Gateway
PAY0000218,BKG000223,2026-07-12,Apple Pay,150.88,Captured,2.41,GBP,Payment Gateway
PAY0000219,BKG000224,2025-10-03,Visa,614.2,Captured,7.37,GBP,Payment Gateway
PAY0000220,BKG000225,2024-07-13,Mastercard,431.31,Captured,6.04,GBP,Payment Gateway
PAY0000221,BKG000226,2026-04-09,Mastercard,330.4,Captured,5.29,GBP,Payment Gateway
PAY0000222,BKG000227,2026-03-10,Mastercard,172.94,Captured,2.77,GBP,Payment Gateway
PAY0000223,BKG000229,2025-12-31,Visa,506.46,Captured,7.09,GBP,Payment Gateway
PAY0000224,BKG000230,2025-09-15,Apple Pay,1173.27,Captured,21.12,GBP,Payment Gateway
PAY0000225,BKG000231,2024-02-18,Visa,233.96,Captured,2.81,GBP,Payment Gateway
PAY0000226,BKG000232,2026-08-18,Mastercard,180.38,Captured,2.53,GBP,Payment Gateway
PAY0000227,BKG000233,2025-12-04,Bank Transfer,727.83,Captured,0,GBP,Payment Gateway
PAY0000228,BKG000234,2024-01-30,Visa,210.86,Captured,3.8,GBP,Payment Gateway
PAY0000229,BKG000236,2024-01-06,Mastercard,163.68,Captured,2.62,GBP,Payment Gateway
PAY0000230,BKG000236,2024-01-06,Google Pay,491.03,Captured,8.84,GBP,Payment Gateway
PAY0000231,BKG000237,2026-02-16,Visa,564.04,Captured,7.9,GBP,Payment Gateway
PAY0000232,BKG000238,2025-05-11,Apple Pay,1191.48,Captured,16.68,GBP,Payment Gateway
PAY0000233,BKG000239,2026-03-29,Visa,1272.88,Captured,22.91,GBP,Payment Gateway
PAY0000234,BKG000240,2026-03-17,Mastercard,178.4,Captured,2.85,GBP,Payment Gateway
PAY0000235,BKG000241,2025-05-11,Visa,697.46,Captured,12.55,GBP,Payment Gateway
PAY0000236,BKG000242,2024-03-20,Google Pay,175.86,Captured,2.81,GBP,Payment Gateway
PAY0000237,BKG000243,2024-12-17,Mastercard,1853.3,Captured,33.36,GBP,Payment Gateway
PAY0000238,BKG000244,2026-08-15,American Express,418.28,Captured,7.53,GBP,Payment Gateway
PAY0000239,BKG000245,2024-03-19,Google Pay,105.72,Captured,1.48,GBP,Payment Gateway
PAY0000240,BKG000246,2025-09-28,Visa,1002.04,Captured,12.02,GBP,Payment Gateway
PAY0000241,BKG000247,2026-01-02,Visa,431.8,Captured,5.18,GBP,Payment Gateway
PAY0000242,BKG000248,2024-05-07,Visa,1162.6,Captured,16.28,GBP,Payment Gateway
PAY0000243,BKG000249,2025-02-10,Google Pay,384.78,Captured,5.39,GBP,Payment Gateway
PAY0000244,BKG000250,2024-06-10,Visa,256.9,Captured,3.6,GBP,Payment Gateway
PAY0000245,BKG000251,2024-11-19,Google Pay,118.38,Captured,2.13,GBP,Payment Gateway
PAY0000246,BKG000252,2025-04-09,Mastercard,395.86,Captured,6.33,GBP,Payment Gateway
PAY0000247,BKG000254,2026-08-02,Visa,462,Captured,5.54,GBP,Payment Gateway
PAY0000248,BKG000255,2024-01-24,Mastercard,105.33,Captured,1.69,GBP,Payment Gateway
PAY0000249,BKG000256,2026-01-22,Visa,693.2,Captured,11.09,GBP,Payment Gateway
PAY0000250,BKG000257,2024-03-31,Mastercard,96.69,Captured,1.74,GBP,Payment Gateway
PAY0000251,BKG000257,2024-04-06,Mastercard,290.08,Captured,4.06,GBP,Payment Gateway
PAY0000252,BKG000258,2025-12-25,Mastercard,380.68,Captured,5.33,GBP,Payment Gateway
PAY0000253,BKG000259,2024-02-13,Mastercard,1178.79,Captured,14.15,GBP,Payment Gateway
PAY0000254,BKG000260,2026-07-26,American Express,213.94,Captured,3,GBP,Payment Gateway
PAY0000255,BKG000261,2026-07-04,Visa,149.82,Captured,2.4,GBP,Payment Gateway
PAY0000256,BKG000263,2025-10-07,Bank Transfer,427.15,Captured,0,GBP,Payment Gateway
PAY0000257,BKG000264,2025-03-17,Mastercard,172.94,Captured,2.08,GBP,Payment Gateway
PAY0000258,BKG000266,2025-11-18,Visa,97.93,Captured,1.18,GBP,Payment Gateway
PAY0000259,BKG000267,2025-03-09,Visa,892.08,Captured,10.7,GBP,Payment Gateway
PAY0000260,BKG000268,2026-06-27,Visa,214.63,Captured,2.58,GBP,Payment Gateway
PAY0000261,BKG000269,2024-11-22,Mastercard,376.96,Captured,4.52,GBP,Payment Gateway
PAY0000262,BKG000270,2025-10-04,Mastercard,511.52,Captured,8.18,GBP,Payment Gateway
PAY0000263,BKG000271,2026-04-10,Mastercard,824.52,Captured,9.89,GBP,Payment Gateway
PAY0000264,BKG000272,2024-06-20,Visa,387.66,Captured,4.65,GBP,Payment Gateway
PAY0000265,BKG000273,2024-09-09,Cash,422.78,Captured,0,GBP,Front Desk/PMS
PAY0000266,BKG000274,2025-05-12,Apple Pay,1058.12,Captured,14.81,GBP,Payment Gateway
PAY0000267,BKG000275,2025-06-23,Visa,1013.2,Captured,16.21,GBP,Payment Gateway
PAY0000268,BKG000276,2025-07-27,Visa,484.91,Captured,5.82,GBP,Payment Gateway
PAY0000269,BKG000277,2024-08-20,Mastercard,192.6,Captured,3.08,GBP,Payment Gateway
PAY0000270,BKG000277,2024-09-11,Bank Transfer,577.79,Captured,0,GBP,Payment Gateway
PAY0000271,BKG000279,2025-01-13,Mastercard,1054.8,Captured,12.66,GBP,Payment Gateway
PAY0000272,BKG000280,2025-05-21,Mastercard,268.96,Captured,3.77,GBP,Payment Gateway
PAY0000273,BKG000281,2025-01-27,Mastercard,380.99,Captured,5.33,GBP,Payment Gateway
PAY0000274,BKG000282,2024-01-09,Mastercard,143.84,Captured,2.59,GBP,Payment Gateway
PAY0000275,BKG000283,2024-08-22,Mastercard,265.36,Captured,4.78,GBP,Payment Gateway
PAY0000276,BKG000284,2024-09-16,Visa,849.8,Captured,13.6,GBP,Payment Gateway
PAY0000277,BKG000285,2024-08-20,Mastercard,310.02,Captured,4.34,GBP,Payment Gateway
PAY0000278,BKG000289,2024-01-01,Apple Pay,255.46,Captured,4.6,GBP,Payment Gateway
PAY0000279,BKG000290,2024-07-07,Cash,266.33,Captured,0,GBP,Front Desk/PMS
PAY0000280,BKG000291,2024-10-22,Mastercard,862.02,Captured,12.07,GBP,Payment Gateway
PAY0000281,BKG000292,2024-07-27,Bank Transfer,680,Captured,0,GBP,Payment Gateway
PAY0000282,BKG000293,2026-05-31,Bank Transfer,116.21,Captured,0,GBP,Payment Gateway
PAY0000283,BKG000294,2026-03-28,Apple Pay,367.17,Captured,4.41,GBP,Payment Gateway
PAY0000284,BKG000295,2026-08-11,Visa,713.21,Captured,9.98,GBP,Payment Gateway
PAY0000285,BKG000295,2026-08-13,Visa,2139.63,Captured,25.68,GBP,Payment Gateway
PAY0000286,BKG000296,2025-06-09,Cash,139.22,Captured,0,GBP,Front Desk/PMS
PAY0000287,BKG000297,2025-09-28,Mastercard,1521.56,Captured,18.26,GBP,Payment Gateway
PAY0000288,BKG000298,2025-01-05,Mastercard,95.33,Captured,1.72,GBP,Payment Gateway
PAY0000289,BKG000298,2025-01-20,American Express,285.98,Captured,4,GBP,Payment Gateway
PAY0000290,BKG000299,2024-12-12,Visa,301.27,Captured,3.62,GBP,Payment Gateway
PAY0000291,BKG000300,2025-10-10,Visa,155.49,Captured,2.49,GBP,Payment Gateway
PAY0000292,BKG000301,2024-10-10,Visa,415.05,Captured,4.98,GBP,Payment Gateway
PAY0000293,BKG000302,2025-03-20,Visa,291.28,Captured,3.5,GBP,Payment Gateway
PAY0000294,BKG000304,2026-06-30,Visa,297.62,Captured,5.36,GBP,Payment Gateway
PAY0000295,BKG000305,2025-04-03,Visa,146.97,Captured,1.76,GBP,Payment Gateway
PAY0000296,BKG000306,2024-07-01,Visa,190.17,Captured,2.28,GBP,Payment Gateway
PAY0000297,BKG000307,2026-08-18,Visa,437.28,Captured,7.87,GBP,Payment Gateway
PAY0000298,BKG000308,2026-01-16,Bank Transfer,175.43,Captured,0,GBP,Payment Gateway
PAY0000299,BKG000309,2026-04-11,Visa,381.5,Captured,6.87,GBP,Payment Gateway
PAY0000300,BKG000310,2024-12-10,Apple Pay,206.2,Captured,2.47,GBP,Payment Gateway
PAY0000301,BKG000311,2024-06-27,Bank Transfer,159.68,Captured,0,GBP,Payment Gateway
PAY0000302,BKG000312,2025-08-20,Mastercard,624.44,Captured,8.74,GBP,Payment Gateway
PAY0000303,BKG000313,2024-05-26,Mastercard,103.01,Captured,1.85,GBP,Payment Gateway
PAY0000304,BKG000313,2024-06-15,Mastercard,309.04,Captured,5.56,GBP,Payment Gateway
PAY0000305,BKG000314,2024-07-14,Visa,133.43,Captured,2.4,GBP,Payment Gateway
PAY0000306,BKG000315,2026-04-25,Apple Pay,529.2,Captured,6.35,GBP,Payment Gateway
PAY0000307,BKG000316,2024-01-15,Visa,292.41,Captured,5.26,GBP,Payment Gateway
PAY0000308,BKG000317,2025-08-10,Bank Transfer,173.58,Captured,0,GBP,Payment Gateway
PAY0000309,BKG000318,2026-08-15,Cash,622.15,Captured,0,GBP,Front Desk/PMS
PAY0000310,BKG000319,2024-10-09,Mastercard,368.49,Captured,4.42,GBP,Payment Gateway
PAY0000311,BKG000320,2024-01-09,Mastercard,2172.28,Captured,39.1,GBP,Payment Gateway
PAY0000312,BKG000321,2024-05-21,Mastercard,1731.63,Captured,27.71,GBP,Payment Gateway
PAY0000313,BKG000322,2024-11-08,Visa,102.05,Captured,1.84,GBP,Payment Gateway
PAY0000314,BKG000322,2024-12-11,Bank Transfer,306.14,Captured,0,GBP,Payment Gateway
PAY0000315,BKG000324,2024-04-01,Mastercard,49.52,Captured,0.89,GBP,Payment Gateway
PAY0000316,BKG000324,2024-04-20,Visa,148.57,Captured,2.38,GBP,Payment Gateway
PAY0000317,BKG000325,2026-03-04,Cash,189.66,Captured,0,GBP,Front Desk/PMS
PAY0000318,BKG000326,2024-06-06,Mastercard,1115.37,Captured,13.38,GBP,Payment Gateway
PAY0000319,BKG000327,2026-07-02,Visa,190.49,Captured,3.05,GBP,Payment Gateway
PAY0000320,BKG000327,2026-07-11,Visa,571.47,Captured,10.29,GBP,Payment Gateway
PAY0000321,BKG000328,2024-05-03,Bank Transfer,133.71,Captured,0,GBP,Payment Gateway
PAY0000322,BKG000329,2026-08-01,Visa,193.99,Captured,3.1,GBP,Payment Gateway
PAY0000323,BKG000330,2025-01-10,Visa,218.08,Captured,3.49,GBP,Payment Gateway
PAY0000324,BKG000331,2026-05-07,Visa,1114.69,Captured,15.61,GBP,Payment Gateway
PAY0000325,BKG000332,2024-09-21,American Express,1070.85,Captured,14.99,GBP,Payment Gateway
PAY0000326,BKG000333,2026-01-23,Mastercard,1005.34,Captured,14.07,GBP,Payment Gateway
PAY0000327,BKG000335,2025-09-25,Google Pay,548.21,Captured,9.87,GBP,Payment Gateway
PAY0000328,BKG000336,2024-05-04,Visa,709.16,Captured,9.93,GBP,Payment Gateway
PAY0000329,BKG000337,2024-07-30,Mastercard,443.5,Captured,5.32,GBP,Payment Gateway
PAY0000330,BKG000338,2025-01-02,Visa,147.14,Captured,2.06,GBP,Payment Gateway
PAY0000331,BKG000340,2025-10-26,Bank Transfer,881.91,Captured,0,GBP,Payment Gateway
PAY0000332,BKG000341,2024-09-25,American Express,486.15,Captured,7.78,GBP,Payment Gateway
PAY0000333,BKG000342,2026-07-07,Visa,366.18,Captured,6.59,GBP,Payment Gateway
PAY0000334,BKG000343,2025-11-16,Visa,1315.29,Captured,15.78,GBP,Payment Gateway
PAY0000335,BKG000344,2026-06-13,Mastercard,377.68,Captured,4.53,GBP,Payment Gateway
PAY0000336,BKG000345,2025-03-18,Apple Pay,100.25,Captured,1.6,GBP,Payment Gateway
PAY0000337,BKG000346,2025-12-02,Mastercard,182.89,Captured,2.19,GBP,Payment Gateway
PAY0000338,BKG000347,2026-03-31,Visa,536.16,Captured,9.65,GBP,Payment Gateway
PAY0000339,BKG000348,2026-04-11,Bank Transfer,888.79,Captured,0,GBP,Payment Gateway
PAY0000340,BKG000349,2025-12-15,Visa,483.22,Captured,7.73,GBP,Payment Gateway
PAY0000341,BKG000350,2024-03-26,Mastercard,401.32,Captured,4.82,GBP,Payment Gateway
PAY0000342,BKG000353,2025-08-08,American Express,252.51,Captured,3.54,GBP,Payment Gateway
PAY0000343,BKG000354,2025-03-10,Visa,387.6,Captured,5.43,GBP,Payment Gateway
PAY0000344,BKG000355,2024-07-02,Apple Pay,884.7,Captured,15.92,GBP,Payment Gateway
PAY0000345,BKG000356,2024-04-08,American Express,66.56,Captured,0.93,GBP,Payment Gateway
PAY0000346,BKG000356,2024-04-13,American Express,199.67,Captured,3.19,GBP,Payment Gateway
PAY0000347,BKG000357,2025-12-17,Visa,194.06,Captured,3.49,GBP,Payment Gateway
PAY0000348,BKG000357,2025-12-17,Mastercard,582.17,Captured,8.15,GBP,Payment Gateway
PAY0000349,BKG000358,2024-06-19,Visa,759.66,Captured,12.15,GBP,Payment Gateway
PAY0000350,BKG000359,2025-02-10,Mastercard,136.04,Captured,1.9,GBP,Payment Gateway
PAY0000351,BKG000361,2024-06-19,Bank Transfer,1326.96,Captured,0,GBP,Payment Gateway
PAY0000352,BKG000362,2024-07-13,Visa,1461.46,Captured,23.38,GBP,Payment Gateway
PAY0000353,BKG000363,2025-03-25,Visa,732.9,Captured,10.26,GBP,Payment Gateway
PAY0000354,BKG000365,2024-12-17,American Express,220.03,Captured,2.64,GBP,Payment Gateway
PAY0000355,BKG000366,2026-05-13,Visa,1983.98,Captured,35.71,GBP,Payment Gateway
PAY0000356,BKG000367,2026-02-08,Cash,175.24,Captured,0,GBP,Front Desk/PMS
PAY0000357,BKG000368,2024-10-17,Mastercard,590.78,Captured,10.63,GBP,Payment Gateway
PAY0000358,BKG000369,2024-02-01,Cash,351.98,Captured,0,GBP,Front Desk/PMS
PAY0000359,BKG000370,2024-08-05,Visa,108.85,Captured,1.96,GBP,Payment Gateway
PAY0000360,BKG000371,2025-04-25,American Express,473.36,Captured,7.57,GBP,Payment Gateway
PAY0000361,BKG000372,2025-10-18,Apple Pay,60.09,Captured,1.08,GBP,Payment Gateway
PAY0000362,BKG000372,2025-10-18,Google Pay,180.28,Captured,2.88,GBP,Payment Gateway
PAY0000363,BKG000373,2025-09-20,American Express,213.14,Captured,3.41,GBP,Payment Gateway
PAY0000364,BKG000374,2025-03-05,Apple Pay,103.58,Captured,1.45,GBP,Payment Gateway
PAY0000365,BKG000375,2026-07-14,Bank Transfer,292.94,Captured,0,GBP,Payment Gateway
PAY0000366,BKG000376,2026-06-28,Mastercard,545.32,Captured,9.82,GBP,Payment Gateway
PAY0000367,BKG000377,2025-10-10,Mastercard,188.62,Captured,2.64,GBP,Payment Gateway
PAY0000368,BKG000378,2024-11-24,Cash,90.41,Captured,0,GBP,Front Desk/PMS
PAY0000369,BKG000379,2024-12-15,Visa,183,Captured,2.2,GBP,Payment Gateway
PAY0000370,BKG000380,2024-06-13,Apple Pay,855.51,Captured,13.69,GBP,Payment Gateway
PAY0000371,BKG000381,2024-11-30,Visa,115.63,Captured,1.62,GBP,Payment Gateway
PAY0000372,BKG000382,2026-04-12,Visa,142.75,Captured,1.71,GBP,Payment Gateway
PAY0000373,BKG000383,2025-07-16,Visa,508.02,Captured,7.11,GBP,Payment Gateway
PAY0000374,BKG000384,2025-01-26,Visa,87.34,Captured,1.05,GBP,Payment Gateway
PAY0000375,BKG000385,2025-12-22,Mastercard,421.26,Captured,7.58,GBP,Payment Gateway
PAY0000376,BKG000386,2025-05-17,Visa,168.87,Captured,2.7,GBP,Payment Gateway
PAY0000377,BKG000387,2024-10-18,Visa,136.52,Captured,1.64,GBP,Payment Gateway
PAY0000378,BKG000388,2025-09-21,Google Pay,410.82,Captured,5.75,GBP,Payment Gateway
PAY0000379,BKG000389,2024-04-19,Visa,344.13,Captured,4.82,GBP,Payment Gateway
PAY0000380,BKG000390,2024-04-14,Cash,135.44,Captured,0,GBP,Front Desk/PMS
PAY0000381,BKG000391,2024-06-07,Mastercard,132.81,Captured,1.59,GBP,Payment Gateway
PAY0000382,BKG000391,2024-07-01,Cash,398.42,Captured,0,GBP,Front Desk/PMS
PAY0000383,BKG000393,2024-09-11,Visa,1259.01,Captured,22.66,GBP,Payment Gateway
PAY0000384,BKG000394,2024-12-31,Visa,203.07,Captured,2.84,GBP,Payment Gateway
PAY0000385,BKG000395,2024-05-10,American Express,902.6,Captured,12.64,GBP,Payment Gateway
PAY0000386,BKG000397,2024-06-04,Visa,300.8,Captured,4.21,GBP,Payment Gateway
PAY0000387,BKG000399,2025-12-05,Visa,381.74,Captured,6.87,GBP,Payment Gateway
PAY0000388,BKG000400,2024-11-18,Visa,1152.28,Captured,13.83,GBP,Payment Gateway
PAY0000389,BKG000401,2025-08-21,Cash,245.5,Captured,0,GBP,Front Desk/PMS
PAY0000390,BKG000403,2024-05-29,Visa,158.96,Captured,2.54,GBP,Payment Gateway
PAY0000391,BKG000405,2025-08-05,Mastercard,120.68,Captured,1.45,GBP,Payment Gateway
PAY0000392,BKG000406,2025-09-12,Mastercard,320.1,Captured,5.12,GBP,Payment Gateway
PAY0000393,BKG000408,2025-03-13,Mastercard,69.93,Captured,1.12,GBP,Payment Gateway
PAY0000394,BKG000408,2025-04-23,Mastercard,209.79,Captured,2.94,GBP,Payment Gateway
PAY0000395,BKG000409,2024-03-04,Visa,709.04,Captured,11.34,GBP,Payment Gateway
PAY0000396,BKG000410,2026-04-04,Apple Pay,2849.22,Captured,51.29,GBP,Payment Gateway
PAY0000397,BKG000411,2026-02-02,Mastercard,316.27,Captured,3.8,GBP,Payment Gateway
PAY0000398,BKG000412,2026-05-13,Visa,527.64,Captured,6.33,GBP,Payment Gateway
PAY0000399,BKG000413,2025-01-25,American Express,172.54,Captured,2.76,GBP,Payment Gateway
PAY0000400,BKG000414,2024-11-15,American Express,466.79,Captured,8.4,GBP,Payment Gateway
PAY0000401,BKG000415,2026-07-30,Google Pay,616.35,Captured,9.86,GBP,Payment Gateway
PAY0000402,BKG000416,2025-11-22,Mastercard,161.33,Captured,2.26,GBP,Payment Gateway
PAY0000403,BKG000417,2025-07-22,Visa,124.71,Captured,1.75,GBP,Payment Gateway
PAY0000404,BKG000417,2025-09-01,Visa,374.12,Captured,4.49,GBP,Payment Gateway
PAY0000405,BKG000418,2024-08-03,Mastercard,178.16,Captured,2.14,GBP,Payment Gateway
PAY0000406,BKG000419,2025-12-22,Bank Transfer,1358.14,Captured,0,GBP,Payment Gateway
PAY0000407,BKG000420,2025-06-28,Visa,128.38,Captured,2.31,GBP,Payment Gateway
PAY0000408,BKG000421,2024-10-24,Mastercard,155,Captured,2.79,GBP,Payment Gateway
PAY0000409,BKG000422,2026-03-25,Apple Pay,296.61,Captured,5.34,GBP,Payment Gateway
PAY0000410,BKG000423,2024-10-27,American Express,186.85,Captured,2.24,GBP,Payment Gateway
PAY0000411,BKG000424,2026-04-24,Bank Transfer,300.83,Captured,0,GBP,Payment Gateway
PAY0000412,BKG000425,2026-05-07,Mastercard,226.71,Captured,3.17,GBP,Payment Gateway
PAY0000413,BKG000425,2026-06-17,Mastercard,680.14,Captured,10.88,GBP,Payment Gateway
PAY0000414,BKG000426,2025-06-18,Mastercard,166.58,Captured,2.67,GBP,Payment Gateway
PAY0000415,BKG000427,2025-11-07,Visa,99.77,Captured,1.2,GBP,Payment Gateway
PAY0000416,BKG000428,2025-10-02,Google Pay,112.69,Captured,1.58,GBP,Payment Gateway
PAY0000417,BKG000429,2025-01-22,Visa,579.78,Captured,9.28,GBP,Payment Gateway
PAY0000418,BKG000430,2026-03-16,Mastercard,102.67,Captured,1.23,GBP,Payment Gateway
PAY0000419,BKG000431,2023-12-22,Visa,112.17,Captured,1.79,GBP,Payment Gateway
PAY0000420,BKG000431,2024-01-13,Mastercard,336.51,Captured,4.71,GBP,Payment Gateway
PAY0000421,BKG000432,2026-08-20,Visa,154.45,Captured,1.85,GBP,Payment Gateway
PAY0000422,BKG000433,2024-11-29,Mastercard,172.04,Captured,3.1,GBP,Payment Gateway
PAY0000423,BKG000433,2024-12-05,Cash,516.12,Captured,0,GBP,Front Desk/PMS
PAY0000424,BKG000434,2025-07-24,Visa,545.4,Captured,9.82,GBP,Payment Gateway
PAY0000425,BKG000435,2025-07-17,Mastercard,856.6,Captured,15.42,GBP,Payment Gateway
PAY0000426,BKG000436,2026-05-30,Visa,470.52,Captured,6.59,GBP,Payment Gateway
PAY0000427,BKG000437,2025-01-21,Apple Pay,827.24,Captured,11.58,GBP,Payment Gateway
PAY0000428,BKG000438,2025-07-20,Visa,134.19,Captured,1.61,GBP,Payment Gateway
PAY0000429,BKG000439,2025-11-27,Visa,181.47,Captured,2.54,GBP,Payment Gateway
PAY0000430,BKG000440,2024-12-26,American Express,174.03,Captured,2.44,GBP,Payment Gateway
PAY0000431,BKG000441,2026-08-26,Visa,179.16,Captured,2.87,GBP,Payment Gateway
PAY0000432,BKG000443,2026-07-04,Visa,1244.36,Captured,19.91,GBP,Payment Gateway
PAY0000433,BKG000444,2024-02-01,Mastercard,715.63,Captured,11.45,GBP,Payment Gateway
PAY0000434,BKG000445,2026-08-10,Apple Pay,1003.45,Captured,18.06,GBP,Payment Gateway
PAY0000435,BKG000446,2025-04-27,Apple Pay,142.06,Captured,1.7,GBP,Payment Gateway
PAY0000436,BKG000446,2025-05-06,Mastercard,426.19,Captured,5.11,GBP,Payment Gateway
PAY0000437,BKG000447,2025-04-22,Mastercard,823.87,Captured,13.18,GBP,Payment Gateway
PAY0000438,BKG000448,2026-02-12,Mastercard,92.33,Captured,1.11,GBP,Payment Gateway
PAY0000439,BKG000448,2026-02-18,Mastercard,276.98,Captured,3.32,GBP,Payment Gateway
PAY0000440,BKG000449,2024-02-18,Mastercard,173.94,Captured,2.09,GBP,Payment Gateway
PAY0000441,BKG000451,2024-06-03,Visa,128.8,Captured,2.06,GBP,Payment Gateway
PAY0000442,BKG000452,2025-07-20,Cash,422.08,Captured,0,GBP,Front Desk/PMS
PAY0000443,BKG000453,2025-11-09,Visa,329.59,Captured,3.96,GBP,Payment Gateway
PAY0000444,BKG000454,2025-01-16,Apple Pay,378.13,Captured,5.29,GBP,Payment Gateway
PAY0000445,BKG000455,2024-03-16,Visa,1140.32,Captured,15.96,GBP,Payment Gateway
PAY0000446,BKG000456,2024-08-14,Visa,815.1,Captured,14.67,GBP,Payment Gateway
PAY0000447,BKG000457,2026-01-20,Visa,45.55,Captured,0.73,GBP,Payment Gateway
PAY0000448,BKG000457,2026-05-07,Visa,136.63,Captured,2.19,GBP,Payment Gateway
PAY0000449,BKG000458,2025-10-17,Cash,680.7,Captured,0,GBP,Front Desk/PMS
PAY0000450,BKG000459,2026-04-23,Bank Transfer,135.44,Captured,0,GBP,Payment Gateway
PAY0000451,BKG000460,2026-05-25,Visa,344.51,Captured,6.2,GBP,Payment Gateway
PAY0000452,BKG000461,2025-04-09,Mastercard,272.96,Captured,3.82,GBP,Payment Gateway
PAY0000453,BKG000462,2025-11-28,Visa,138.65,Captured,2.22,GBP,Payment Gateway
PAY0000454,BKG000463,2024-09-26,Bank Transfer,277.1,Captured,0,GBP,Payment Gateway
PAY0000455,BKG000464,2025-03-16,Bank Transfer,132.6,Captured,0,GBP,Payment Gateway
PAY0000456,BKG000465,2026-05-28,Visa,251.58,Captured,4.03,GBP,Payment Gateway
PAY0000457,BKG000466,2025-05-06,Google Pay,292.06,Captured,3.5,GBP,Payment Gateway
PAY0000458,BKG000467,2025-08-12,Mastercard,494.24,Captured,6.92,GBP,Payment Gateway
PAY0000459,BKG000468,2026-05-04,Mastercard,743.21,Captured,11.89,GBP,Payment Gateway
PAY0000460,BKG000469,2026-08-06,Visa,143.82,Captured,2.01,GBP,Payment Gateway
PAY0000461,BKG000470,2024-02-12,Google Pay,533.46,Captured,9.6,GBP,Payment Gateway
PAY0000462,BKG000471,2025-06-16,American Express,347.42,Captured,4.86,GBP,Payment Gateway
PAY0000463,BKG000473,2025-09-10,Google Pay,496.92,Captured,7.95,GBP,Payment Gateway
PAY0000464,BKG000474,2024-05-25,Bank Transfer,191.81,Captured,0,GBP,Payment Gateway
PAY0000465,BKG000475,2025-02-26,Visa,133,Captured,1.6,GBP,Payment Gateway
PAY0000466,BKG000475,2025-04-18,Visa,398.99,Captured,6.38,GBP,Payment Gateway
PAY0000467,BKG000476,2024-09-29,Visa,239.43,Captured,3.35,GBP,Payment Gateway
PAY0000468,BKG000477,2025-07-19,Visa,189.22,Captured,3.41,GBP,Payment Gateway
PAY0000469,BKG000477,2025-08-24,Visa,567.67,Captured,9.08,GBP,Payment Gateway
PAY0000470,BKG000478,2024-02-10,Mastercard,211.36,Captured,2.96,GBP,Payment Gateway
PAY0000471,BKG000479,2024-12-19,American Express,752.8,Captured,10.54,GBP,Payment Gateway
PAY0000472,BKG000480,2024-12-06,American Express,149.88,Captured,1.8,GBP,Payment Gateway
PAY0000473,BKG000481,2025-12-07,Visa,599.48,Captured,8.39,GBP,Payment Gateway
PAY0000474,BKG000482,2024-10-23,Visa,1191.34,Captured,14.3,GBP,Payment Gateway
PAY0000475,BKG000484,2025-04-13,Cash,238.79,Captured,0,GBP,Front Desk/PMS
PAY0000476,BKG000485,2025-12-25,Visa,607.28,Captured,10.93,GBP,Payment Gateway
PAY0000477,BKG000486,2026-07-14,Cash,225.93,Captured,0,GBP,Front Desk/PMS
PAY0000478,BKG000487,2024-06-09,Google Pay,60.69,Captured,0.73,GBP,Payment Gateway
PAY0000479,BKG000487,2024-06-15,American Express,182.06,Captured,2.55,GBP,Payment Gateway
PAY0000480,BKG000488,2024-02-19,Visa,250.16,Captured,3.5,GBP,Payment Gateway
PAY0000481,BKG000489,2026-04-20,Visa,312.73,Captured,5.63,GBP,Payment Gateway
PAY0000482,BKG000490,2026-07-03,Mastercard,729.45,Captured,11.67,GBP,Payment Gateway
PAY0000483,BKG000491,2025-03-30,Mastercard,119.09,Captured,2.14,GBP,Payment Gateway
PAY0000484,BKG000492,2024-11-30,Apple Pay,1095.94,Captured,17.54,GBP,Payment Gateway
PAY0000485,BKG000493,2025-12-18,American Express,116.52,Captured,2.1,GBP,Payment Gateway
PAY0000486,BKG000493,2026-03-06,Visa,349.55,Captured,4.19,GBP,Payment Gateway
PAY0000487,BKG000494,2025-02-20,Visa,308.09,Captured,3.7,GBP,Payment Gateway
PAY0000488,BKG000495,2024-08-01,Visa,221.84,Captured,3.11,GBP,Payment Gateway
PAY0000489,BKG000496,2025-05-06,Apple Pay,631.72,Captured,11.37,GBP,Payment Gateway
PAY0000490,BKG000497,2024-03-06,Cash,589.56,Captured,0,GBP,Front Desk/PMS
PAY0000491,BKG000498,2025-05-20,Visa,186.01,Captured,3.35,GBP,Payment Gateway
PAY0000492,BKG000500,2024-07-24,Mastercard,367.17,Captured,6.61,GBP,Payment Gateway
PAY0000493,BKG000501,2025-07-13,Apple Pay,309.88,Captured,4.96,GBP,Payment Gateway
PAY0000494,BKG000502,2025-10-23,Bank Transfer,492.26,Captured,0,GBP,Payment Gateway
PAY0000495,BKG000503,2024-06-23,Visa,69.78,Captured,1.12,GBP,Payment Gateway
PAY0000496,BKG000503,2024-06-25,Visa,209.34,Captured,2.93,GBP,Payment Gateway
PAY0000497,BKG000504,2024-10-23,Visa,82.89,Captured,0.99,GBP,Payment Gateway
PAY0000498,BKG000505,2025-06-18,Cash,160.96,Captured,0,GBP,Front Desk/PMS
PAY0000499,BKG000506,2025-12-13,Visa,107.6,Captured,1.29,GBP,Payment Gateway
PAY0000500,BKG000507,2024-08-01,Mastercard,79.88,Captured,0.96,GBP,Payment Gateway
PAY0000501,BKG000507,2024-09-29,Visa,239.62,Captured,4.31,GBP,Payment Gateway
PAY0000502,BKG000508,2024-09-16,Mastercard,217.97,Captured,3.49,GBP,Payment Gateway
PAY0000503,BKG000509,2025-08-14,Visa,4352.9,Captured,60.94,GBP,Payment Gateway
PAY0000504,BKG000510,2026-08-21,American Express,372.51,Captured,6.71,GBP,Payment Gateway
PAY0000505,BKG000514,2024-08-14,Visa,368.92,Captured,5.16,GBP,Payment Gateway
PAY0000506,BKG000515,2025-01-29,Mastercard,379.36,Captured,6.07,GBP,Payment Gateway
PAY0000507,BKG000516,2024-08-30,Mastercard,284.12,Captured,3.98,GBP,Payment Gateway
PAY0000508,BKG000519,2025-08-08,Bank Transfer,466.98,Captured,0,GBP,Payment Gateway
PAY0000509,BKG000521,2025-01-31,Google Pay,279.76,Captured,5.04,GBP,Payment Gateway
PAY0000510,BKG000521,2025-02-07,Mastercard,839.28,Captured,13.43,GBP,Payment Gateway
PAY0000511,BKG000524,2024-10-05,Visa,442.53,Captured,5.31,GBP,Payment Gateway
PAY0000512,BKG000525,2026-01-13,Mastercard,88.99,Captured,1.25,GBP,Payment Gateway
PAY0000513,BKG000526,2024-05-26,Google Pay,873.16,Captured,13.97,GBP,Payment Gateway
PAY0000514,BKG000528,2025-07-09,Visa,801.23,Captured,14.42,GBP,Payment Gateway
PAY0000515,BKG000529,2026-06-06,Mastercard,573.82,Captured,10.33,GBP,Payment Gateway
PAY0000516,BKG000530,2025-07-06,Visa,112.32,Captured,1.57,GBP,Payment Gateway
PAY0000517,BKG000531,2024-05-15,Mastercard,1803.9,Captured,25.25,GBP,Payment Gateway
PAY0000518,BKG000533,2024-02-09,Visa,128.68,Captured,2.06,GBP,Payment Gateway
PAY0000519,BKG000535,2026-07-25,Visa,311.93,Captured,5.61,GBP,Payment Gateway
PAY0000520,BKG000536,2024-09-29,American Express,1540.69,Captured,27.73,GBP,Payment Gateway
PAY0000521,BKG000537,2026-07-17,Visa,654.32,Captured,9.16,GBP,Payment Gateway
PAY0000522,BKG000538,2025-10-20,Apple Pay,366.8,Captured,5.87,GBP,Payment Gateway
PAY0000523,BKG000539,2026-08-12,Bank Transfer,202.72,Captured,0,GBP,Payment Gateway
PAY0000524,BKG000540,2026-08-21,Mastercard,447.42,Captured,7.16,GBP,Payment Gateway
PAY0000525,BKG000541,2024-04-19,Bank Transfer,438.61,Captured,0,GBP,Payment Gateway
PAY0000526,BKG000542,2024-08-17,Cash,506.61,Captured,0,GBP,Front Desk/PMS
PAY0000527,BKG000543,2024-08-10,Mastercard,1096.72,Captured,19.74,GBP,Payment Gateway
PAY0000528,BKG000544,2024-08-10,Visa,434.98,Captured,7.83,GBP,Payment Gateway
PAY0000529,BKG000545,2024-04-12,Visa,106.94,Captured,1.92,GBP,Payment Gateway
PAY0000530,BKG000545,2024-05-03,Visa,320.82,Captured,3.85,GBP,Payment Gateway
PAY0000531,BKG000546,2025-10-21,Cash,318.59,Captured,0,GBP,Front Desk/PMS
PAY0000532,BKG000546,2025-11-02,Cash,955.76,Captured,0,GBP,Front Desk/PMS
PAY0000533,BKG000547,2026-03-22,Visa,183.89,Captured,3.31,GBP,Payment Gateway
PAY0000534,BKG000550,2025-06-26,Visa,293.02,Captured,5.27,GBP,Payment Gateway
PAY0000535,BKG000551,2026-04-27,Visa,574.75,Captured,10.35,GBP,Payment Gateway
PAY0000536,BKG000552,2025-12-23,Mastercard,182.04,Captured,2.91,GBP,Payment Gateway
PAY0000537,BKG000553,2024-02-28,Apple Pay,199.17,Captured,2.79,GBP,Payment Gateway
PAY0000538,BKG000555,2024-06-21,Visa,115.89,Captured,1.62,GBP,Payment Gateway
PAY0000539,BKG000556,2024-01-14,Apple Pay,516.89,Captured,8.27,GBP,Payment Gateway
PAY0000540,BKG000557,2025-10-07,Visa,444.28,Captured,5.33,GBP,Payment Gateway
PAY0000541,BKG000558,2026-04-07,Mastercard,708.29,Captured,9.92,GBP,Payment Gateway
PAY0000542,BKG000559,2024-01-01,Cash,276.79,Captured,0,GBP,Front Desk/PMS
PAY0000543,BKG000560,2025-09-20,Apple Pay,1495.92,Captured,26.93,GBP,Payment Gateway
PAY0000544,BKG000562,2026-04-18,Apple Pay,143.9,Captured,2.01,GBP,Payment Gateway
PAY0000545,BKG000564,2026-05-10,Visa,860.18,Captured,10.32,GBP,Payment Gateway
PAY0000546,BKG000565,2024-08-15,Mastercard,434.86,Captured,7.83,GBP,Payment Gateway
PAY0000547,BKG000566,2025-06-29,Visa,110.4,Captured,1.55,GBP,Payment Gateway
PAY0000548,BKG000567,2024-08-10,Bank Transfer,508.49,Captured,0,GBP,Payment Gateway
PAY0000549,BKG000568,2025-10-29,Mastercard,479.16,Captured,8.62,GBP,Payment Gateway
PAY0000550,BKG000569,2024-02-29,Visa,338.7,Captured,4.06,GBP,Payment Gateway
PAY0000551,BKG000570,2024-03-01,Mastercard,1144.17,Captured,16.02,GBP,Payment Gateway
PAY0000552,BKG000571,2025-09-16,Visa,192.21,Captured,3.46,GBP,Payment Gateway
PAY0000553,BKG000572,2024-10-08,Visa,159.94,Captured,2.24,GBP,Payment Gateway
PAY0000554,BKG000574,2024-04-10,Mastercard,250.11,Captured,4.5,GBP,Payment Gateway
PAY0000555,BKG000575,2025-06-16,Google Pay,154.64,Captured,2.16,GBP,Payment Gateway
PAY0000556,BKG000577,2024-12-05,American Express,899.31,Captured,14.39,GBP,Payment Gateway
PAY0000557,BKG000578,2026-02-20,Visa,168.7,Captured,2.7,GBP,Payment Gateway
PAY0000558,BKG000579,2026-07-12,Apple Pay,145.15,Captured,1.74,GBP,Payment Gateway
PAY0000559,BKG000580,2024-09-28,Visa,847.72,Captured,15.26,GBP,Payment Gateway
PAY0000560,BKG000581,2024-08-31,Mastercard,301.72,Captured,5.43,GBP,Payment Gateway
PAY0000561,BKG000582,2024-12-29,Visa,1078.02,Captured,12.94,GBP,Payment Gateway
PAY0000562,BKG000583,2026-05-12,Mastercard,175.44,Captured,3.16,GBP,Payment Gateway
PAY0000563,BKG000584,2025-05-11,Visa,57.37,Captured,0.69,GBP,Payment Gateway
PAY0000564,BKG000584,2025-05-11,Visa,172.09,Captured,3.1,GBP,Payment Gateway
PAY0000565,BKG000585,2025-07-01,Visa,413.81,Captured,7.45,GBP,Payment Gateway
PAY0000566,BKG000586,2026-08-12,Mastercard,444.57,Captured,7.11,GBP,Payment Gateway
PAY0000567,BKG000588,2024-02-11,Bank Transfer,128.59,Captured,0,GBP,Payment Gateway
PAY0000568,BKG000589,2024-10-01,Visa,156.52,Captured,1.88,GBP,Payment Gateway
PAY0000569,BKG000590,2025-05-31,Mastercard,387.11,Captured,6.19,GBP,Payment Gateway
PAY0000570,BKG000591,2024-01-11,American Express,304.08,Captured,4.87,GBP,Payment Gateway
PAY0000571,BKG000592,2024-06-12,Apple Pay,722.16,Captured,11.55,GBP,Payment Gateway
PAY0000572,BKG000593,2025-03-04,Mastercard,85.75,Captured,1.54,GBP,Payment Gateway
PAY0000573,BKG000594,2023-12-27,Google Pay,85.5,Captured,1.2,GBP,Payment Gateway
PAY0000574,BKG000594,2024-01-12,Mastercard,256.49,Captured,3.08,GBP,Payment Gateway
PAY0000575,BKG000595,2025-10-30,Apple Pay,463.65,Captured,5.56,GBP,Payment Gateway
PAY0000576,BKG000597,2026-02-03,Mastercard,518.33,Captured,7.26,GBP,Payment Gateway
PAY0000577,BKG000598,2026-07-28,Visa,135.46,Captured,2.17,GBP,Payment Gateway
PAY0000578,BKG000598,2026-08-09,Visa,406.37,Captured,6.5,GBP,Payment Gateway
PAY0000579,BKG000599,2025-10-09,American Express,742.72,Captured,13.37,GBP,Payment Gateway
PAY0000580,BKG000600,2026-03-25,Bank Transfer,249.58,Captured,0,GBP,Payment Gateway
PAY0000581,BKG000601,2026-05-04,Visa,915.6,Captured,10.99,GBP,Payment Gateway
PAY0000582,BKG000602,2025-09-27,Mastercard,261.45,Captured,4.18,GBP,Payment Gateway
PAY0000583,BKG000603,2025-01-16,Bank Transfer,122.53,Captured,0,GBP,Payment Gateway
PAY0000584,BKG000604,2024-06-09,Apple Pay,172.46,Captured,2.07,GBP,Payment Gateway
PAY0000585,BKG000604,2024-07-25,Visa,517.39,Captured,7.24,GBP,Payment Gateway
PAY0000586,BKG000605,2025-10-13,Mastercard,160.22,Captured,2.56,GBP,Payment Gateway
PAY0000587,BKG000606,2025-07-12,Mastercard,445.66,Captured,5.35,GBP,Payment Gateway
PAY0000588,BKG000609,2024-06-09,Mastercard,443.9,Captured,7.1,GBP,Payment Gateway
PAY0000589,BKG000610,2024-08-21,Cash,744.59,Captured,0,GBP,Front Desk/PMS
PAY0000590,BKG000612,2024-06-06,American Express,125.61,Captured,2.01,GBP,Payment Gateway
PAY0000591,BKG000613,2025-08-14,Visa,152.91,Captured,2.45,GBP,Payment Gateway
PAY0000592,BKG000614,2026-06-10,Mastercard,393.87,Captured,4.73,GBP,Payment Gateway
PAY0000593,BKG000616,2026-02-21,Cash,55.97,Captured,0,GBP,Front Desk/PMS
PAY0000594,BKG000616,2026-02-28,Bank Transfer,167.91,Captured,0,GBP,Payment Gateway
PAY0000595,BKG000617,2025-05-02,Visa,240.74,Captured,2.89,GBP,Payment Gateway
PAY0000596,BKG000618,2025-05-10,Mastercard,128.79,Captured,2.06,GBP,Payment Gateway
PAY0000597,BKG000619,2026-08-07,Mastercard,711.85,Captured,12.81,GBP,Payment Gateway
PAY0000598,BKG000621,2025-05-13,Visa,205.08,Captured,2.46,GBP,Payment Gateway
PAY0000599,BKG000622,2026-01-23,Mastercard,81.57,Captured,1.31,GBP,Payment Gateway
PAY0000600,BKG000623,2026-03-04,Visa,351.88,Captured,4.93,GBP,Payment Gateway
PAY0000601,BKG000624,2025-01-02,Apple Pay,178.84,Captured,2.15,GBP,Payment Gateway
PAY0000602,BKG000625,2024-04-03,Visa,974.76,Captured,17.55,GBP,Payment Gateway
PAY0000603,BKG000626,2025-07-02,American Express,544.28,Captured,7.62,GBP,Payment Gateway
PAY0000604,BKG000627,2025-02-28,Apple Pay,723.04,Captured,8.68,GBP,Payment Gateway
PAY0000605,BKG000628,2024-12-23,Mastercard,162.41,Captured,1.95,GBP,Payment Gateway
PAY0000606,BKG000628,2024-12-23,Apple Pay,487.24,Captured,7.8,GBP,Payment Gateway
PAY0000607,BKG000629,2025-06-23,Cash,370.17,Captured,0,GBP,Front Desk/PMS
PAY0000608,BKG000630,2025-02-16,Bank Transfer,422.61,Captured,0,GBP,Payment Gateway
PAY0000609,BKG000631,2024-01-08,Mastercard,86.41,Captured,1.38,GBP,Payment Gateway
PAY0000610,BKG000631,2024-01-09,Apple Pay,259.23,Captured,4.15,GBP,Payment Gateway
PAY0000611,BKG000632,2025-06-02,Visa,213.89,Captured,3.85,GBP,Payment Gateway
PAY0000612,BKG000633,2025-11-29,Mastercard,372.4,Captured,5.21,GBP,Payment Gateway
PAY0000613,BKG000634,2024-10-22,Mastercard,82.97,Captured,1.33,GBP,Payment Gateway
PAY0000614,BKG000634,2024-11-14,Cash,248.9,Captured,0,GBP,Front Desk/PMS
PAY0000615,BKG000635,2024-10-24,Visa,409.29,Captured,5.73,GBP,Payment Gateway
PAY0000616,BKG000636,2025-06-29,Apple Pay,91.48,Captured,1.65,GBP,Payment Gateway
PAY0000617,BKG000637,2024-05-02,Cash,564.75,Captured,0,GBP,Front Desk/PMS
PAY0000618,BKG000638,2025-12-02,Visa,212.49,Captured,2.55,GBP,Payment Gateway
PAY0000619,BKG000639,2025-12-17,Visa,838.81,Captured,13.42,GBP,Payment Gateway
PAY0000620,BKG000640,2024-11-04,Apple Pay,125.62,Captured,2.01,GBP,Payment Gateway
PAY0000621,BKG000641,2025-10-06,Apple Pay,123.1,Captured,1.72,GBP,Payment Gateway
PAY0000622,BKG000641,2025-10-31,Visa,369.3,Captured,5.17,GBP,Payment Gateway
PAY0000623,BKG000642,2025-09-05,Cash,259.95,Captured,0,GBP,Front Desk/PMS
PAY0000624,BKG000643,2024-08-10,Visa,1617.92,Captured,29.12,GBP,Payment Gateway
PAY0000625,BKG000644,2025-10-30,Mastercard,131.55,Captured,2.37,GBP,Payment Gateway
PAY0000626,BKG000646,2026-05-22,Visa,508.48,Captured,7.12,GBP,Payment Gateway
PAY0000627,BKG000647,2024-05-13,Mastercard,516.85,Captured,6.2,GBP,Payment Gateway
PAY0000628,BKG000648,2026-05-28,Apple Pay,279.67,Captured,4.47,GBP,Payment Gateway
PAY0000629,BKG000649,2026-04-05,Visa,174.05,Captured,2.44,GBP,Payment Gateway
PAY0000630,BKG000650,2025-08-03,Bank Transfer,871.96,Captured,0,GBP,Payment Gateway
PAY0000631,BKG000651,2024-12-31,Visa,307.78,Captured,3.69,GBP,Payment Gateway
PAY0000632,BKG000652,2024-09-03,American Express,266.69,Captured,4.8,GBP,Payment Gateway
PAY0000633,BKG000654,2025-10-06,Apple Pay,306.08,Captured,3.67,GBP,Payment Gateway
PAY0000634,BKG000655,2024-09-26,Mastercard,107.37,Captured,1.29,GBP,Payment Gateway
PAY0000635,BKG000656,2026-05-05,Visa,180.21,Captured,2.52,GBP,Payment Gateway
PAY0000636,BKG000657,2024-01-10,Mastercard,1908.58,Captured,30.54,GBP,Payment Gateway
PAY0000637,BKG000658,2024-01-05,Visa,106.78,Captured,1.92,GBP,Payment Gateway
PAY0000638,BKG000659,2025-03-22,Visa,271.42,Captured,3.8,GBP,Payment Gateway
PAY0000639,BKG000660,2025-12-15,Bank Transfer,136.43,Captured,0,GBP,Payment Gateway
PAY0000640,BKG000661,2024-10-19,Mastercard,119.38,Captured,2.15,GBP,Payment Gateway
PAY0000641,BKG000662,2025-06-11,Mastercard,142.52,Captured,2,GBP,Payment Gateway
PAY0000642,BKG000663,2025-08-24,Mastercard,2051.89,Captured,36.93,GBP,Payment Gateway
PAY0000643,BKG000664,2024-05-30,Visa,75.27,Captured,1.35,GBP,Payment Gateway
PAY0000644,BKG000664,2024-06-15,Mastercard,225.8,Captured,3.16,GBP,Payment Gateway
PAY0000645,BKG000665,2024-06-11,American Express,161.05,Captured,1.93,GBP,Payment Gateway
PAY0000646,BKG000666,2024-11-28,Visa,775.97,Captured,12.42,GBP,Payment Gateway
PAY0000647,BKG000667,2025-02-04,Bank Transfer,304.73,Captured,0,GBP,Payment Gateway
PAY0000648,BKG000668,2024-05-03,Mastercard,114.73,Captured,1.84,GBP,Payment Gateway
PAY0000649,BKG000668,2024-05-20,Mastercard,344.2,Captured,5.51,GBP,Payment Gateway
PAY0000650,BKG000669,2024-05-30,Bank Transfer,182.03,Captured,0,GBP,Payment Gateway
PAY0000651,BKG000671,2024-12-23,Mastercard,677.68,Captured,8.13,GBP,Payment Gateway
PAY0000652,BKG000672,2026-06-25,Mastercard,667.99,Captured,10.69,GBP,Payment Gateway
PAY0000653,BKG000673,2025-06-05,Mastercard,790.68,Captured,12.65,GBP,Payment Gateway
PAY0000654,BKG000674,2024-08-01,Mastercard,1035.16,Captured,12.42,GBP,Payment Gateway
PAY0000655,BKG000675,2025-09-24,Mastercard,151.41,Captured,2.12,GBP,Payment Gateway
PAY0000656,BKG000676,2026-04-21,American Express,707.01,Captured,11.31,GBP,Payment Gateway
PAY0000657,BKG000677,2024-06-07,Visa,579.43,Captured,10.43,GBP,Payment Gateway
PAY0000658,BKG000678,2026-06-19,Bank Transfer,127.82,Captured,0,GBP,Payment Gateway
PAY0000659,BKG000678,2026-07-05,Bank Transfer,383.47,Captured,0,GBP,Payment Gateway
PAY0000660,BKG000679,2024-10-09,Visa,344.64,Captured,5.51,GBP,Payment Gateway
PAY0000661,BKG000680,2026-08-16,Visa,367.96,Captured,4.42,GBP,Payment Gateway
PAY0000662,BKG000681,2024-07-17,Visa,179.65,Captured,2.52,GBP,Payment Gateway
PAY0000663,BKG000681,2024-08-17,American Express,538.94,Captured,9.7,GBP,Payment Gateway
PAY0000664,BKG000682,2024-06-15,Visa,224.88,Captured,3.15,GBP,Payment Gateway
PAY0000665,BKG000683,2025-04-04,Bank Transfer,197.81,Captured,0,GBP,Payment Gateway
PAY0000666,BKG000684,2026-05-24,Visa,131.84,Captured,1.85,GBP,Payment Gateway
PAY0000667,BKG000689,2025-08-12,Visa,484.93,Captured,8.73,GBP,Payment Gateway
PAY0000668,BKG000690,2024-05-16,Visa,117.58,Captured,1.41,GBP,Payment Gateway
PAY0000669,BKG000691,2025-12-10,Visa,507.95,Captured,7.11,GBP,Payment Gateway
PAY0000670,BKG000692,2024-05-01,Mastercard,50.12,Captured,0.8,GBP,Payment Gateway
PAY0000671,BKG000692,2024-05-20,Visa,150.35,Captured,2.71,GBP,Payment Gateway
PAY0000672,BKG000693,2025-02-05,Visa,84.29,Captured,1.18,GBP,Payment Gateway
PAY0000673,BKG000694,2024-11-20,Cash,228.96,Captured,0,GBP,Front Desk/PMS
PAY0000674,BKG000695,2026-08-29,Cash,721.27,Captured,0,GBP,Front Desk/PMS
PAY0000675,BKG000696,2025-07-24,Cash,825.09,Captured,0,GBP,Front Desk/PMS
PAY0000676,BKG000697,2024-08-08,Mastercard,1310.1,Captured,15.72,GBP,Payment Gateway
PAY0000677,BKG000698,2024-01-16,Mastercard,362.88,Captured,6.53,GBP,Payment Gateway
PAY0000678,BKG000699,2025-06-05,Visa,167.28,Captured,3.01,GBP,Payment Gateway
PAY0000679,BKG000700,2024-12-19,Apple Pay,524.47,Captured,6.29,GBP,Payment Gateway
PAY0000680,BKG000701,2024-08-09,Mastercard,67.17,Captured,1.07,GBP,Payment Gateway
PAY0000681,BKG000701,2024-09-02,Mastercard,201.52,Captured,3.63,GBP,Payment Gateway
PAY0000682,BKG000702,2025-02-22,Bank Transfer,164.44,Captured,0,GBP,Payment Gateway
PAY0000683,BKG000703,2026-02-28,Visa,325.59,Captured,3.91,GBP,Payment Gateway
PAY0000684,BKG000704,2024-05-16,Google Pay,117.53,Captured,1.41,GBP,Payment Gateway
PAY0000685,BKG000704,2024-06-25,Visa,352.6,Captured,4.23,GBP,Payment Gateway
PAY0000686,BKG000706,2024-11-11,Apple Pay,748.63,Captured,10.48,GBP,Payment Gateway
PAY0000687,BKG000707,2026-06-26,Visa,60.06,Captured,0.84,GBP,Payment Gateway
PAY0000688,BKG000707,2026-07-28,Google Pay,180.19,Captured,2.88,GBP,Payment Gateway
PAY0000689,BKG000708,2026-05-08,Visa,602.92,Captured,9.65,GBP,Payment Gateway
PAY0000690,BKG000709,2025-06-01,Mastercard,105.04,Captured,1.47,GBP,Payment Gateway
PAY0000691,BKG000710,2024-05-05,American Express,256.9,Captured,4.62,GBP,Payment Gateway
PAY0000692,BKG000711,2026-08-06,Mastercard,511.99,Captured,6.14,GBP,Payment Gateway
PAY0000693,BKG000712,2025-06-14,Visa,49.2,Captured,0.89,GBP,Payment Gateway
PAY0000694,BKG000712,2025-07-31,Cash,147.61,Captured,0,GBP,Front Desk/PMS
PAY0000695,BKG000713,2024-05-16,Visa,352.94,Captured,4.94,GBP,Payment Gateway
PAY0000696,BKG000714,2024-08-14,Mastercard,863.4,Captured,15.54,GBP,Payment Gateway
PAY0000697,BKG000715,2024-03-15,Visa,155.54,Captured,2.8,GBP,Payment Gateway
PAY0000698,BKG000716,2024-07-04,American Express,879.36,Captured,12.31,GBP,Payment Gateway
PAY0000699,BKG000717,2026-02-13,Visa,107.64,Captured,1.94,GBP,Payment Gateway
PAY0000700,BKG000718,2024-12-06,Visa,420.12,Captured,5.04,GBP,Payment Gateway
PAY0000701,BKG000720,2025-03-22,Mastercard,304.22,Captured,3.65,GBP,Payment Gateway
PAY0000702,BKG000721,2025-08-10,Google Pay,192.89,Captured,3.09,GBP,Payment Gateway
PAY0000703,BKG000725,2025-05-08,Mastercard,163.96,Captured,2.3,GBP,Payment Gateway
PAY0000704,BKG000726,2024-07-26,Mastercard,671.01,Captured,9.39,GBP,Payment Gateway
PAY0000705,BKG000727,2026-08-20,Cash,3983.53,Captured,0,GBP,Front Desk/PMS
PAY0000706,BKG000728,2025-05-29,Visa,203.31,Captured,3.66,GBP,Payment Gateway
PAY0000707,BKG000729,2025-12-03,Mastercard,304.48,Captured,3.65,GBP,Payment Gateway
PAY0000708,BKG000730,2024-04-05,Visa,227.7,Captured,2.73,GBP,Payment Gateway
PAY0000709,BKG000731,2024-05-02,Mastercard,198.12,Captured,2.38,GBP,Payment Gateway
PAY0000710,BKG000732,2024-03-31,Apple Pay,276.56,Captured,4.42,GBP,Payment Gateway
PAY0000711,BKG000733,2026-03-05,Mastercard,172.6,Captured,3.11,GBP,Payment Gateway
PAY0000712,BKG000734,2026-08-20,Mastercard,1594.1,Captured,28.69,GBP,Payment Gateway
PAY0000713,BKG000735,2025-02-01,Apple Pay,912.15,Captured,12.77,GBP,Payment Gateway
PAY0000714,BKG000736,2024-08-04,Mastercard,985.63,Captured,11.83,GBP,Payment Gateway
PAY0000715,BKG000737,2026-05-06,Visa,860.65,Captured,13.77,GBP,Payment Gateway
PAY0000716,BKG000738,2024-04-29,American Express,278.5,Captured,3.34,GBP,Payment Gateway
PAY0000717,BKG000740,2026-07-13,Bank Transfer,117,Captured,0,GBP,Payment Gateway
PAY0000718,BKG000741,2025-01-11,Cash,196.89,Captured,0,GBP,Front Desk/PMS
PAY0000719,BKG000742,2026-04-06,Apple Pay,154.84,Captured,2.48,GBP,Payment Gateway
PAY0000720,BKG000743,2025-08-18,Apple Pay,252.4,Captured,4.54,GBP,Payment Gateway
PAY0000721,BKG000744,2026-07-05,Google Pay,300.3,Captured,4.8,GBP,Payment Gateway
PAY0000722,BKG000746,2025-07-19,Visa,3504.49,Captured,49.06,GBP,Payment Gateway
PAY0000723,BKG000747,2025-03-27,Cash,1912.02,Captured,0,GBP,Front Desk/PMS
PAY0000724,BKG000748,2024-07-12,Visa,325.93,Captured,5.87,GBP,Payment Gateway
PAY0000725,BKG000749,2026-03-19,Visa,128.81,Captured,1.8,GBP,Payment Gateway
PAY0000726,BKG000749,2026-03-19,Mastercard,386.42,Captured,5.41,GBP,Payment Gateway
PAY0000727,BKG000750,2024-05-02,Visa,159.68,Captured,2.87,GBP,Payment Gateway
PAY0000728,BKG000751,2026-01-08,Visa,193.56,Captured,2.32,GBP,Payment Gateway
PAY0000729,BKG000752,2025-12-14,Visa,155.92,Captured,2.49,GBP,Payment Gateway
PAY0000730,BKG000753,2024-11-13,Visa,91.36,Captured,1.64,GBP,Payment Gateway
PAY0000731,BKG000754,2024-10-23,Mastercard,173.96,Captured,3.13,GBP,Payment Gateway
PAY0000732,BKG000755,2024-01-19,Apple Pay,193.76,Captured,2.33,GBP,Payment Gateway
PAY0000733,BKG000756,2024-04-14,Mastercard,852.16,Captured,13.63,GBP,Payment Gateway
PAY0000734,BKG000757,2024-05-01,Mastercard,661.68,Captured,7.94,GBP,Payment Gateway
PAY0000735,BKG000758,2024-08-25,Mastercard,704.95,Captured,9.87,GBP,Payment Gateway
PAY0000736,BKG000759,2024-07-08,Visa,714.54,Captured,10,GBP,Payment Gateway
PAY0000737,BKG000760,2024-09-14,Visa,402.4,Captured,6.44,GBP,Payment Gateway
PAY0000738,BKG000761,2025-07-29,Apple Pay,159.32,Captured,1.91,GBP,Payment Gateway
PAY0000739,BKG000762,2026-07-25,Google Pay,1265.38,Captured,20.25,GBP,Payment Gateway
PAY0000740,BKG000763,2024-10-17,Bank Transfer,163.97,Captured,0,GBP,Payment Gateway
PAY0000741,BKG000764,2026-05-05,Mastercard,56.74,Captured,0.91,GBP,Payment Gateway
PAY0000742,BKG000764,2026-06-06,Cash,170.23,Captured,0,GBP,Front Desk/PMS
PAY0000743,BKG000765,2025-08-21,Visa,516.73,Captured,6.2,GBP,Payment Gateway
PAY0000744,BKG000766,2025-09-02,American Express,407.59,Captured,7.34,GBP,Payment Gateway
PAY0000745,BKG000767,2025-06-13,Mastercard,270.82,Captured,4.87,GBP,Payment Gateway
PAY0000746,BKG000768,2026-07-20,Mastercard,410.46,Captured,5.75,GBP,Payment Gateway
PAY0000747,BKG000769,2025-08-18,Visa,164.06,Captured,1.97,GBP,Payment Gateway
PAY0000748,BKG000769,2025-08-27,Visa,492.17,Captured,8.86,GBP,Payment Gateway
PAY0000749,BKG000770,2026-05-15,American Express,1031.33,Captured,12.38,GBP,Payment Gateway
PAY0000750,BKG000771,2026-08-19,Apple Pay,415.9,Captured,4.99,GBP,Payment Gateway
PAY0000751,BKG000772,2024-01-14,Visa,284.56,Captured,3.41,GBP,Payment Gateway
PAY0000752,BKG000773,2024-12-26,Mastercard,1012.2,Captured,16.2,GBP,Payment Gateway
PAY0000753,BKG000775,2025-12-28,Google Pay,899.6,Captured,12.59,GBP,Payment Gateway
PAY0000754,BKG000776,2025-01-13,Visa,168.98,Captured,3.04,GBP,Payment Gateway
PAY0000755,BKG000777,2024-01-07,Visa,264.1,Captured,4.23,GBP,Payment Gateway
PAY0000756,BKG000778,2025-06-16,Visa,691.86,Captured,8.3,GBP,Payment Gateway
PAY0000757,BKG000780,2024-02-08,American Express,146.49,Captured,2.64,GBP,Payment Gateway
PAY0000758,BKG000781,2025-08-10,Visa,746.65,Captured,13.44,GBP,Payment Gateway
PAY0000759,BKG000782,2025-12-18,Visa,495.81,Captured,7.93,GBP,Payment Gateway
PAY0000760,BKG000783,2026-03-05,Mastercard,97.92,Captured,1.37,GBP,Payment Gateway
PAY0000761,BKG000784,2026-04-26,Mastercard,139.93,Captured,1.68,GBP,Payment Gateway
PAY0000762,BKG000785,2026-04-30,Mastercard,1254.99,Captured,17.57,GBP,Payment Gateway
PAY0000763,BKG000786,2024-12-02,Visa,114.19,Captured,1.6,GBP,Payment Gateway
PAY0000764,BKG000787,2024-12-08,Google Pay,196.41,Captured,3.14,GBP,Payment Gateway
PAY0000765,BKG000788,2025-05-02,Visa,207.89,Captured,3.74,GBP,Payment Gateway
PAY0000766,BKG000790,2024-12-26,Bank Transfer,884.22,Captured,0,GBP,Payment Gateway
PAY0000767,BKG000791,2025-02-15,Apple Pay,83.09,Captured,1.5,GBP,Payment Gateway
PAY0000768,BKG000792,2025-02-27,Mastercard,403.82,Captured,7.27,GBP,Payment Gateway
PAY0000769,BKG000793,2024-01-11,Apple Pay,460.08,Captured,5.52,GBP,Payment Gateway
PAY0000770,BKG000794,2024-03-06,Visa,174.5,Captured,2.09,GBP,Payment Gateway
PAY0000771,BKG000795,2025-04-23,Mastercard,119.89,Captured,1.68,GBP,Payment Gateway
PAY0000772,BKG000796,2026-01-08,Visa,457.56,Captured,7.32,GBP,Payment Gateway
PAY0000773,BKG000797,2025-06-21,Mastercard,330.66,Captured,3.97,GBP,Payment Gateway
PAY0000774,BKG000798,2024-07-28,Google Pay,182.97,Captured,2.93,GBP,Payment Gateway
PAY0000775,BKG000798,2024-08-21,Mastercard,548.92,Captured,7.68,GBP,Payment Gateway
PAY0000776,BKG000799,2026-06-06,Mastercard,367,Captured,5.87,GBP,Payment Gateway
PAY0000777,BKG000800,2024-06-29,Apple Pay,810.36,Captured,12.97,GBP,Payment Gateway
PAY0000778,BKG000801,2025-05-21,Mastercard,125.77,Captured,1.76,GBP,Payment Gateway
PAY0000779,BKG000802,2025-07-10,Bank Transfer,304.86,Captured,0,GBP,Payment Gateway
PAY0000780,BKG000803,2024-07-11,American Express,135.39,Captured,1.9,GBP,Payment Gateway
PAY0000781,BKG000803,2024-07-17,Mastercard,406.16,Captured,5.69,GBP,Payment Gateway
PAY0000782,BKG000804,2024-04-11,Visa,677.19,Captured,10.84,GBP,Payment Gateway
PAY0000783,BKG000805,2025-05-30,Mastercard,93.4,Captured,1.49,GBP,Payment Gateway
PAY0000784,BKG000806,2025-10-27,Mastercard,132.29,Captured,1.59,GBP,Payment Gateway
PAY0000785,BKG000807,2024-06-29,Mastercard,423.13,Captured,7.62,GBP,Payment Gateway
PAY0000786,BKG000808,2024-07-19,Apple Pay,434.6,Captured,6.08,GBP,Payment Gateway
PAY0000787,BKG000809,2025-10-19,Cash,206.46,Captured,0,GBP,Front Desk/PMS
PAY0000788,BKG000812,2024-05-24,Visa,700.68,Captured,8.41,GBP,Payment Gateway
PAY0000789,BKG000813,2024-07-05,Apple Pay,554.32,Captured,6.65,GBP,Payment Gateway
PAY0000790,BKG000814,2025-09-26,Mastercard,162.7,Captured,1.95,GBP,Payment Gateway
PAY0000791,BKG000815,2025-08-14,Visa,232.12,Captured,3.71,GBP,Payment Gateway
PAY0000792,BKG000816,2024-05-07,Mastercard,396.99,Captured,5.56,GBP,Payment Gateway
PAY0000793,BKG000817,2025-03-29,Bank Transfer,2652.18,Captured,0,GBP,Payment Gateway
PAY0000794,BKG000818,2025-11-30,Mastercard,98.7,Captured,1.58,GBP,Payment Gateway
PAY0000795,BKG000819,2025-03-19,Mastercard,279.77,Captured,5.04,GBP,Payment Gateway
PAY0000796,BKG000820,2026-05-09,Mastercard,82.08,Captured,1.15,GBP,Payment Gateway
PAY0000797,BKG000820,2026-05-31,Mastercard,246.24,Captured,3.94,GBP,Payment Gateway
PAY0000798,BKG000821,2024-05-24,Cash,483.76,Captured,0,GBP,Front Desk/PMS
PAY0000799,BKG000822,2024-05-26,Cash,435.96,Captured,0,GBP,Front Desk/PMS
PAY0000800,BKG000823,2024-07-04,Google Pay,117.28,Captured,1.41,GBP,Payment Gateway
PAY0000801,BKG000826,2024-06-20,Visa,61.91,Captured,0.74,GBP,Payment Gateway
PAY0000802,BKG000826,2024-08-02,Mastercard,185.72,Captured,2.97,GBP,Payment Gateway
PAY0000803,BKG000827,2025-12-23,Visa,602.1,Captured,7.23,GBP,Payment Gateway
PAY0000804,BKG000828,2024-01-31,Mastercard,106.19,Captured,1.27,GBP,Payment Gateway
PAY0000805,BKG000829,2025-10-20,Apple Pay,234.94,Captured,2.82,GBP,Payment Gateway
PAY0000806,BKG000830,2025-05-22,Visa,166.18,Captured,2.99,GBP,Payment Gateway
PAY0000807,BKG000830,2025-06-01,Visa,498.53,Captured,5.98,GBP,Payment Gateway
PAY0000808,BKG000831,2026-03-25,Google Pay,1331.54,Captured,18.64,GBP,Payment Gateway
PAY0000809,BKG000832,2026-04-08,Visa,2906.62,Captured,34.88,GBP,Payment Gateway
PAY0000810,BKG000833,2024-06-18,Mastercard,410.97,Captured,5.75,GBP,Payment Gateway
PAY0000811,BKG000834,2024-01-23,Cash,81.94,Captured,0,GBP,Front Desk/PMS
PAY0000812,BKG000836,2024-09-30,Visa,89.62,Captured,1.08,GBP,Payment Gateway
PAY0000813,BKG000836,2024-10-27,Visa,268.85,Captured,3.76,GBP,Payment Gateway
PAY0000814,BKG000837,2025-11-03,Mastercard,225.64,Captured,2.71,GBP,Payment Gateway
PAY0000815,BKG000839,2024-10-10,Visa,314.06,Captured,4.4,GBP,Payment Gateway
PAY0000816,BKG000840,2026-04-05,Visa,155.85,Captured,1.87,GBP,Payment Gateway
PAY0000817,BKG000841,2024-01-01,Visa,296.46,Captured,4.15,GBP,Payment Gateway
PAY0000818,BKG000842,2024-09-19,American Express,1255.6,Captured,22.6,GBP,Payment Gateway
PAY0000819,BKG000844,2025-08-02,Mastercard,52.73,Captured,0.95,GBP,Payment Gateway
PAY0000820,BKG000844,2025-08-22,Mastercard,158.2,Captured,2.85,GBP,Payment Gateway
PAY0000821,BKG000845,2024-05-04,Visa,1165.12,Captured,16.31,GBP,Payment Gateway
PAY0000822,BKG000847,2024-02-10,Google Pay,101.3,Captured,1.22,GBP,Payment Gateway
PAY0000823,BKG000848,2025-05-17,Visa,594.04,Captured,8.32,GBP,Payment Gateway
PAY0000824,BKG000848,2025-05-25,Mastercard,1782.13,Captured,28.51,GBP,Payment Gateway
PAY0000825,BKG000850,2026-07-11,Apple Pay,49.38,Captured,0.69,GBP,Payment Gateway
PAY0000826,BKG000850,2026-07-12,Mastercard,148.15,Captured,2.67,GBP,Payment Gateway
PAY0000827,BKG000851,2024-07-19,Mastercard,174.71,Captured,2.8,GBP,Payment Gateway
PAY0000828,BKG000852,2024-08-08,American Express,681.37,Captured,9.54,GBP,Payment Gateway
PAY0000829,BKG000853,2025-06-12,Visa,198.53,Captured,3.18,GBP,Payment Gateway
PAY0000830,BKG000853,2025-07-06,Visa,595.58,Captured,10.72,GBP,Payment Gateway
PAY0000831,BKG000854,2024-03-20,Mastercard,113.88,Captured,2.05,GBP,Payment Gateway
PAY0000832,BKG000855,2024-07-05,Mastercard,297.24,Captured,4.76,GBP,Payment Gateway
PAY0000833,BKG000855,2024-09-29,Visa,891.72,Captured,12.48,GBP,Payment Gateway
PAY0000834,BKG000856,2025-07-06,Cash,667,Captured,0,GBP,Front Desk/PMS
PAY0000835,BKG000857,2024-05-09,Mastercard,346.77,Captured,6.24,GBP,Payment Gateway
PAY0000836,BKG000858,2025-11-15,Visa,367.05,Captured,5.87,GBP,Payment Gateway
PAY0000837,BKG000860,2025-04-16,Visa,82.39,Captured,1.15,GBP,Payment Gateway
PAY0000838,BKG000861,2024-06-27,Apple Pay,203.3,Captured,2.85,GBP,Payment Gateway
PAY0000839,BKG000862,2025-06-12,Visa,209.02,Captured,2.51,GBP,Payment Gateway
PAY0000840,BKG000863,2025-01-05,Mastercard,357.2,Captured,5.72,GBP,Payment Gateway
PAY0000841,BKG000864,2025-05-01,Mastercard,170.97,Captured,2.74,GBP,Payment Gateway
PAY0000842,BKG000865,2026-02-23,Google Pay,273.02,Captured,3.28,GBP,Payment Gateway
PAY0000843,BKG000867,2026-03-12,Mastercard,1028.12,Captured,16.45,GBP,Payment Gateway
PAY0000844,BKG000869,2024-02-01,Apple Pay,1124.33,Captured,20.24,GBP,Payment Gateway
PAY0000845,BKG000870,2025-08-12,Mastercard,521.87,Captured,6.26,GBP,Payment Gateway
PAY0000846,BKG000871,2025-01-06,Mastercard,291.11,Captured,4.08,GBP,Payment Gateway
PAY0000847,BKG000872,2024-08-12,Visa,175.89,Captured,2.81,GBP,Payment Gateway
PAY0000848,BKG000873,2024-10-11,American Express,216.68,Captured,3.9,GBP,Payment Gateway
PAY0000849,BKG000873,2024-12-02,Bank Transfer,650.04,Captured,0,GBP,Payment Gateway
PAY0000850,BKG000874,2026-05-01,Mastercard,364.24,Captured,6.56,GBP,Payment Gateway
PAY0000851,BKG000875,2025-03-12,Mastercard,67.99,Captured,0.95,GBP,Payment Gateway
PAY0000852,BKG000875,2025-03-17,Cash,203.97,Captured,0,GBP,Front Desk/PMS
PAY0000853,BKG000877,2026-07-15,Mastercard,131.15,Captured,1.57,GBP,Payment Gateway
PAY0000854,BKG000878,2025-10-11,Visa,427.72,Captured,5.13,GBP,Payment Gateway
PAY0000855,BKG000879,2026-07-01,Apple Pay,306.65,Captured,4.29,GBP,Payment Gateway
PAY0000856,BKG000880,2024-09-13,Cash,520.62,Captured,0,GBP,Front Desk/PMS
PAY0000857,BKG000881,2025-12-27,Visa,326.82,Captured,5.23,GBP,Payment Gateway
PAY0000858,BKG000882,2024-08-06,Visa,110.33,Captured,1.99,GBP,Payment Gateway
PAY0000859,BKG000882,2024-08-11,Visa,330.99,Captured,5.96,GBP,Payment Gateway
PAY0000860,BKG000883,2024-08-06,Mastercard,245.02,Captured,4.41,GBP,Payment Gateway
PAY0000861,BKG000884,2024-05-09,Visa,634.32,Captured,8.88,GBP,Payment Gateway
PAY0000862,BKG000885,2024-07-21,Visa,96.07,Captured,1.54,GBP,Payment Gateway
PAY0000863,BKG000886,2024-06-08,Mastercard,162.05,Captured,1.94,GBP,Payment Gateway
PAY0000864,BKG000888,2024-08-30,Visa,137.03,Captured,1.64,GBP,Payment Gateway
PAY0000865,BKG000888,2024-08-30,Visa,411.09,Captured,7.4,GBP,Payment Gateway
PAY0000866,BKG000889,2026-02-28,Mastercard,186.07,Captured,2.23,GBP,Payment Gateway
PAY0000867,BKG000890,2026-07-10,Bank Transfer,158.07,Captured,0,GBP,Payment Gateway
PAY0000868,BKG000891,2026-05-05,Visa,70.82,Captured,1.13,GBP,Payment Gateway
PAY0000869,BKG000891,2026-05-05,Google Pay,212.47,Captured,3.4,GBP,Payment Gateway
PAY0000870,BKG000892,2026-03-02,Apple Pay,353.11,Captured,5.65,GBP,Payment Gateway
PAY0000871,BKG000893,2025-11-11,American Express,493.23,Captured,5.92,GBP,Payment Gateway
PAY0000872,BKG000894,2025-01-21,Mastercard,75.65,Captured,1.06,GBP,Payment Gateway
PAY0000873,BKG000894,2025-01-29,American Express,226.96,Captured,2.72,GBP,Payment Gateway
PAY0000874,BKG000895,2025-07-04,Mastercard,493.59,Captured,7.9,GBP,Payment Gateway
PAY0000875,BKG000896,2025-03-24,Visa,173.08,Captured,2.08,GBP,Payment Gateway
PAY0000876,BKG000897,2024-02-16,Visa,247.11,Captured,2.97,GBP,Payment Gateway
PAY0000877,BKG000897,2024-02-21,Google Pay,741.32,Captured,11.86,GBP,Payment Gateway
PAY0000878,BKG000899,2024-08-14,Visa,521.04,Captured,6.25,GBP,Payment Gateway
PAY0000879,BKG000900,2026-07-17,Mastercard,129.87,Captured,2.08,GBP,Payment Gateway
PAY0000880,BKG000903,2025-08-02,American Express,1062.68,Captured,17,GBP,Payment Gateway
PAY0000881,BKG000904,2025-10-26,Visa,100.86,Captured,1.82,GBP,Payment Gateway
PAY0000882,BKG000904,2025-11-09,Visa,302.56,Captured,5.45,GBP,Payment Gateway
PAY0000883,BKG000905,2025-05-11,Visa,225.45,Captured,3.61,GBP,Payment Gateway
PAY0000884,BKG000906,2025-02-04,Visa,2875.87,Captured,40.26,GBP,Payment Gateway
PAY0000885,BKG000908,2024-02-25,Apple Pay,427.67,Captured,5.13,GBP,Payment Gateway
PAY0000886,BKG000908,2024-04-08,American Express,1283,Captured,23.09,GBP,Payment Gateway
PAY0000887,BKG000909,2026-04-14,Visa,146,Captured,2.04,GBP,Payment Gateway
PAY0000888,BKG000911,2024-07-29,Visa,446.04,Captured,5.35,GBP,Payment Gateway
PAY0000889,BKG000912,2025-11-02,Mastercard,143,Captured,2.57,GBP,Payment Gateway
PAY0000890,BKG000913,2026-08-21,Visa,205.76,Captured,2.47,GBP,Payment Gateway
PAY0000891,BKG000914,2024-08-25,Apple Pay,646.12,Captured,7.75,GBP,Payment Gateway
PAY0000892,BKG000915,2024-03-29,Visa,116.42,Captured,1.63,GBP,Payment Gateway
PAY0000893,BKG000916,2025-07-20,Visa,154.36,Captured,2.78,GBP,Payment Gateway
PAY0000894,BKG000917,2025-01-07,Google Pay,120.16,Captured,1.44,GBP,Payment Gateway
PAY0000895,BKG000918,2024-04-22,Bank Transfer,189.36,Captured,0,GBP,Payment Gateway
PAY0000896,BKG000919,2024-05-26,Visa,179.97,Captured,2.52,GBP,Payment Gateway
PAY0000897,BKG000920,2024-06-30,Mastercard,141.79,Captured,2.55,GBP,Payment Gateway
PAY0000898,BKG000921,2024-07-02,Apple Pay,577.37,Captured,10.39,GBP,Payment Gateway
PAY0000899,BKG000922,2025-08-19,American Express,195.75,Captured,3.13,GBP,Payment Gateway
PAY0000900,BKG000923,2026-04-06,Bank Transfer,101.73,Captured,0,GBP,Payment Gateway
PAY0000901,BKG000924,2026-02-07,Apple Pay,140.76,Captured,1.69,GBP,Payment Gateway
PAY0000902,BKG000925,2024-09-13,Mastercard,135.87,Captured,2.45,GBP,Payment Gateway
PAY0000903,BKG000926,2024-09-17,Mastercard,130.47,Captured,1.57,GBP,Payment Gateway
PAY0000904,BKG000928,2024-06-03,Mastercard,162.85,Captured,1.95,GBP,Payment Gateway
PAY0000905,BKG000928,2024-06-17,Apple Pay,488.55,Captured,5.86,GBP,Payment Gateway
PAY0000906,BKG000930,2024-08-03,Bank Transfer,1576.92,Captured,0,GBP,Payment Gateway
PAY0000907,BKG000931,2026-04-03,Mastercard,228.18,Captured,3.65,GBP,Payment Gateway
PAY0000908,BKG000932,2025-08-19,Visa,1003.67,Captured,12.04,GBP,Payment Gateway
PAY0000909,BKG000933,2026-08-14,Mastercard,690.35,Captured,11.05,GBP,Payment Gateway
PAY0000910,BKG000934,2025-12-23,Mastercard,208.56,Captured,2.5,GBP,Payment Gateway
PAY0000911,BKG000935,2026-07-15,Mastercard,153.01,Captured,2.75,GBP,Payment Gateway
PAY0000912,BKG000936,2024-11-11,Visa,104.42,Captured,1.46,GBP,Payment Gateway
PAY0000913,BKG000938,2025-11-02,American Express,407.22,Captured,7.33,GBP,Payment Gateway
PAY0000914,BKG000939,2024-12-24,Visa,285.21,Captured,4.56,GBP,Payment Gateway
PAY0000915,BKG000940,2025-04-24,Mastercard,175.23,Captured,2.8,GBP,Payment Gateway
PAY0000916,BKG000941,2024-01-10,Visa,770.31,Captured,13.87,GBP,Payment Gateway
PAY0000917,BKG000942,2026-08-04,Visa,114.41,Captured,1.83,GBP,Payment Gateway
PAY0000918,BKG000942,2026-08-23,Apple Pay,343.24,Captured,5.49,GBP,Payment Gateway
PAY0000919,BKG000943,2026-06-24,Mastercard,444.19,Captured,6.22,GBP,Payment Gateway
PAY0000920,BKG000944,2024-05-27,Mastercard,163.28,Captured,2.61,GBP,Payment Gateway
PAY0000921,BKG000945,2024-02-21,Visa,187.73,Captured,2.25,GBP,Payment Gateway
PAY0000922,BKG000946,2025-12-24,Bank Transfer,208.24,Captured,0,GBP,Payment Gateway
PAY0000923,BKG000947,2024-02-01,Mastercard,354.11,Captured,4.96,GBP,Payment Gateway
PAY0000924,BKG000948,2026-07-28,Visa,159.4,Captured,2.87,GBP,Payment Gateway
PAY0000925,BKG000948,2026-08-02,Visa,478.19,Captured,8.61,GBP,Payment Gateway
PAY0000926,BKG000949,2024-12-30,Cash,263.04,Captured,0,GBP,Front Desk/PMS
PAY0000927,BKG000950,2024-09-09,Google Pay,438.73,Captured,7.02,GBP,Payment Gateway
PAY0000928,BKG000951,2026-04-29,Mastercard,70.91,Captured,0.85,GBP,Payment Gateway
PAY0000929,BKG000951,2026-05-12,Visa,212.74,Captured,2.98,GBP,Payment Gateway
PAY0000930,BKG000952,2024-03-29,Mastercard,92.49,Captured,1.66,GBP,Payment Gateway
PAY0000931,BKG000953,2024-09-18,Google Pay,233.16,Captured,3.73,GBP,Payment Gateway
PAY0000932,BKG000953,2024-09-18,Bank Transfer,699.5,Captured,0,GBP,Payment Gateway
PAY0000933,BKG000954,2025-07-31,Mastercard,206.43,Captured,3.3,GBP,Payment Gateway
PAY0000934,BKG000956,2024-12-25,Apple Pay,394.94,Captured,4.74,GBP,Payment Gateway
PAY0000935,BKG000957,2024-07-16,Visa,111.95,Captured,1.79,GBP,Payment Gateway
PAY0000936,BKG000957,2024-08-31,Visa,335.86,Captured,6.05,GBP,Payment Gateway
PAY0000937,BKG000960,2025-11-08,Mastercard,52.32,Captured,0.63,GBP,Payment Gateway
PAY0000938,BKG000960,2025-12-25,Mastercard,156.95,Captured,2.2,GBP,Payment Gateway
PAY0000939,BKG000961,2025-04-08,Visa,382.54,Captured,4.59,GBP,Payment Gateway
PAY0000940,BKG000962,2025-05-19,Visa,153.91,Captured,2.15,GBP,Payment Gateway
PAY0000941,BKG000963,2024-07-24,Visa,102.64,Captured,1.64,GBP,Payment Gateway
PAY0000942,BKG000964,2025-09-02,Mastercard,561.75,Captured,6.74,GBP,Payment Gateway
PAY0000943,BKG000965,2025-06-21,Google Pay,184.84,Captured,3.33,GBP,Payment Gateway
PAY0000944,BKG000966,2025-10-05,Visa,106.58,Captured,1.71,GBP,Payment Gateway
PAY0000945,BKG000967,2026-01-20,Visa,88.56,Captured,1.06,GBP,Payment Gateway
PAY0000946,BKG000968,2025-10-25,Bank Transfer,145.43,Captured,0,GBP,Payment Gateway
PAY0000947,BKG000969,2025-04-23,American Express,493.53,Captured,5.92,GBP,Payment Gateway
PAY0000948,BKG000970,2025-12-11,Google Pay,332.42,Captured,5.32,GBP,Payment Gateway
PAY0000949,BKG000971,2026-01-05,Google Pay,689.57,Captured,9.65,GBP,Payment Gateway
PAY0000950,BKG000972,2026-05-07,Mastercard,227.53,Captured,3.19,GBP,Payment Gateway
PAY0000951,BKG000972,2026-05-09,Mastercard,682.6,Captured,10.92,GBP,Payment Gateway
PAY0000952,BKG000973,2024-04-21,Visa,159.99,Captured,2.24,GBP,Payment Gateway
PAY0000953,BKG000975,2024-11-29,Mastercard,290.71,Captured,4.65,GBP,Payment Gateway
PAY0000954,BKG000976,2024-08-15,Visa,245.2,Captured,3.92,GBP,Payment Gateway
PAY0000955,BKG000977,2025-03-16,Mastercard,954.15,Captured,13.36,GBP,Payment Gateway
PAY0000956,BKG000978,2025-02-10,Visa,597.81,Captured,9.56,GBP,Payment Gateway
PAY0000957,BKG000979,2026-07-20,Visa,347.55,Captured,6.26,GBP,Payment Gateway
PAY0000958,BKG000980,2026-07-18,Google Pay,351.32,Captured,5.62,GBP,Payment Gateway
PAY0000959,BKG000981,2024-03-03,Google Pay,727.18,Captured,8.73,GBP,Payment Gateway
PAY0000960,BKG000982,2026-01-20,Bank Transfer,679.45,Captured,0,GBP,Payment Gateway
PAY0000961,BKG000983,2025-06-16,Cash,273.38,Captured,0,GBP,Front Desk/PMS
PAY0000962,BKG000984,2025-10-05,Mastercard,257.6,Captured,3.61,GBP,Payment Gateway
PAY0000963,BKG000985,2024-06-04,Cash,448.8,Captured,0,GBP,Front Desk/PMS
PAY0000964,BKG000986,2026-01-04,Mastercard,173.15,Captured,2.42,GBP,Payment Gateway
PAY0000965,BKG000987,2024-11-28,Mastercard,481.59,Captured,5.78,GBP,Payment Gateway
PAY0000966,BKG000987,2024-12-10,Mastercard,1444.77,Captured,20.23,GBP,Payment Gateway
PAY0000967,BKG000988,2025-06-06,Visa,221.88,Captured,3.99,GBP,Payment Gateway
PAY0000968,BKG000989,2024-04-02,Bank Transfer,287.5,Captured,0,GBP,Payment Gateway
PAY0000969,BKG000990,2025-09-07,Bank Transfer,287.69,Captured,0,GBP,Payment Gateway
PAY0000970,BKG000991,2026-05-03,Mastercard,469.5,Captured,5.63,GBP,Payment Gateway
PAY0000971,BKG000992,2024-03-31,Apple Pay,1154.79,Captured,16.17,GBP,Payment Gateway
PAY0000972,BKG000993,2026-04-14,Visa,556.53,Captured,10.02,GBP,Payment Gateway
PAY0000973,BKG000994,2024-02-15,Mastercard,125.47,Captured,2.26,GBP,Payment Gateway
PAY0000974,BKG000995,2025-01-28,Visa,88.12,Captured,1.41,GBP,Payment Gateway
PAY0000975,BKG000995,2025-03-05,American Express,264.37,Captured,3.7,GBP,Payment Gateway
PAY0000976,BKG000996,2025-04-17,Visa,160.57,Captured,2.57,GBP,Payment Gateway
PAY0000977,BKG000998,2025-07-17,Mastercard,806.27,Captured,14.51,GBP,Payment Gateway
PAY0000978,BKG001000,2025-08-24,Visa,216.28,Captured,3.03,GBP,Payment Gateway
PAY0000979,BKG001001,2025-09-27,Mastercard,244.44,Captured,3.91,GBP,Payment Gateway
PAY0000980,BKG001002,2026-01-02,Mastercard,837.09,Captured,15.07,GBP,Payment Gateway
PAY0000981,BKG001003,2025-03-11,Mastercard,339.35,Captured,4.75,GBP,Payment Gateway
PAY0000982,BKG001004,2025-10-03,Mastercard,669.68,Captured,9.38,GBP,Payment Gateway
PAY0000983,BKG001006,2025-07-16,Apple Pay,109.56,Captured,1.53,GBP,Payment Gateway
PAY0000984,BKG001007,2026-07-30,Mastercard,443.08,Captured,5.32,GBP,Payment Gateway
PAY0000985,BKG001008,2026-06-17,Visa,398.41,Captured,4.78,GBP,Payment Gateway
PAY0000986,BKG001009,2026-02-26,Mastercard,504.33,Captured,7.06,GBP,Payment Gateway
PAY0000987,BKG001010,2024-06-10,Mastercard,51.34,Captured,0.82,GBP,Payment Gateway
PAY0000988,BKG001010,2024-06-17,Mastercard,154,Captured,2.16,GBP,Payment Gateway
PAY0000989,BKG001011,2025-05-28,American Express,354.48,Captured,5.67,GBP,Payment Gateway
PAY0000990,BKG001013,2024-08-13,Mastercard,98.14,Captured,1.57,GBP,Payment Gateway
PAY0000991,BKG001013,2024-08-13,Mastercard,294.41,Captured,3.53,GBP,Payment Gateway
PAY0000992,BKG001014,2025-04-05,Visa,509.71,Captured,6.12,GBP,Payment Gateway
PAY0000993,BKG001015,2025-10-17,Mastercard,1023.31,Captured,18.42,GBP,Payment Gateway
PAY0000994,BKG001017,2025-03-01,Visa,542.69,Captured,8.68,GBP,Payment Gateway
PAY0000995,BKG001018,2026-08-05,Visa,355.22,Captured,5.68,GBP,Payment Gateway
PAY0000996,BKG001019,2024-07-04,Mastercard,783.12,Captured,10.96,GBP,Payment Gateway
PAY0000997,BKG001020,2025-07-22,Visa,792.05,Captured,12.67,GBP,Payment Gateway
PAY0000998,BKG001021,2025-08-16,Bank Transfer,145.13,Captured,0,GBP,Payment Gateway
PAY0000999,BKG001022,2025-11-17,Bank Transfer,441.41,Captured,0,GBP,Payment Gateway
PAY0001000,BKG001023,2025-07-15,Mastercard,182,Captured,2.55,GBP,Payment Gateway
PAY0001001,BKG001023,2025-08-23,Visa,546,Captured,6.55,GBP,Payment Gateway
PAY0001002,BKG001025,2024-12-09,Mastercard,1584.78,Captured,25.36,GBP,Payment Gateway
PAY0001003,BKG001026,2025-08-02,Visa,176.47,Captured,2.47,GBP,Payment Gateway
PAY0001004,BKG001027,2026-02-02,Visa,483.72,Captured,7.74,GBP,Payment Gateway
PAY0001005,BKG001028,2026-08-04,Apple Pay,320.56,Captured,4.49,GBP,Payment Gateway
PAY0001006,BKG001029,2025-08-24,Visa,327.94,Captured,4.59,GBP,Payment Gateway
PAY0001007,BKG001030,2026-07-17,American Express,69.48,Captured,1.25,GBP,Payment Gateway
PAY0001008,BKG001030,2026-08-03,American Express,208.45,Captured,3.75,GBP,Payment Gateway
PAY0001009,BKG001031,2025-05-28,Mastercard,2830.9,Captured,45.29,GBP,Payment Gateway
PAY0001010,BKG001032,2026-04-13,Mastercard,172.06,Captured,3.1,GBP,Payment Gateway
PAY0001011,BKG001034,2026-05-30,Visa,180.46,Captured,2.17,GBP,Payment Gateway
PAY0001012,BKG001035,2026-01-21,Google Pay,138.54,Captured,2.49,GBP,Payment Gateway
PAY0001013,BKG001036,2026-03-27,Mastercard,96.62,Captured,1.55,GBP,Payment Gateway
PAY0001014,BKG001036,2026-04-29,Visa,289.87,Captured,5.22,GBP,Payment Gateway
PAY0001015,BKG001037,2024-02-05,Mastercard,132.39,Captured,1.59,GBP,Payment Gateway
PAY0001016,BKG001038,2025-09-12,Visa,1617.37,Captured,25.88,GBP,Payment Gateway
PAY0001017,BKG001038,2025-09-28,American Express,4852.11,Captured,87.34,GBP,Payment Gateway
PAY0001018,BKG001040,2025-03-27,Mastercard,377.31,Captured,5.28,GBP,Payment Gateway
PAY0001019,BKG001041,2025-09-30,Visa,107.41,Captured,1.5,GBP,Payment Gateway
PAY0001020,BKG001042,2025-06-05,Google Pay,780.24,Captured,10.92,GBP,Payment Gateway
PAY0001021,BKG001044,2025-11-07,Mastercard,111.09,Captured,1.56,GBP,Payment Gateway
PAY0001022,BKG001045,2025-07-29,Visa,354.15,Captured,5.67,GBP,Payment Gateway
PAY0001023,BKG001046,2025-08-07,Apple Pay,385.78,Captured,6.94,GBP,Payment Gateway
PAY0001024,BKG001047,2024-02-17,American Express,697.24,Captured,11.16,GBP,Payment Gateway
PAY0001025,BKG001048,2025-08-14,Bank Transfer,336.54,Captured,0,GBP,Payment Gateway
PAY0001026,BKG001049,2024-08-05,Visa,419.07,Captured,7.54,GBP,Payment Gateway
PAY0001027,BKG001050,2024-08-01,Mastercard,319.24,Captured,4.47,GBP,Payment Gateway
PAY0001028,BKG001051,2024-09-20,Google Pay,327.28,Captured,5.24,GBP,Payment Gateway
PAY0001029,BKG001052,2025-06-27,Mastercard,358.14,Captured,6.45,GBP,Payment Gateway
PAY0001030,BKG001053,2024-05-19,Visa,1186.54,Captured,16.61,GBP,Payment Gateway
PAY0001031,BKG001054,2025-02-18,Mastercard,335.22,Captured,6.03,GBP,Payment Gateway
PAY0001032,BKG001055,2024-09-25,Apple Pay,69.06,Captured,1.24,GBP,Payment Gateway
PAY0001033,BKG001055,2024-09-25,Google Pay,207.19,Captured,3.73,GBP,Payment Gateway
PAY0001034,BKG001056,2024-08-07,Apple Pay,768.31,Captured,12.29,GBP,Payment Gateway
PAY0001035,BKG001057,2024-10-19,Mastercard,405.78,Captured,5.68,GBP,Payment Gateway
PAY0001036,BKG001058,2026-01-30,Visa,377.69,Captured,4.53,GBP,Payment Gateway
PAY0001037,BKG001059,2026-08-03,Visa,187.26,Captured,2.62,GBP,Payment Gateway
PAY0001038,BKG001060,2024-07-18,Mastercard,354.86,Captured,5.68,GBP,Payment Gateway
PAY0001039,BKG001061,2024-05-25,Bank Transfer,648.05,Captured,0,GBP,Payment Gateway
PAY0001040,BKG001062,2025-08-23,Visa,2553.24,Captured,30.64,GBP,Payment Gateway
PAY0001041,BKG001063,2025-03-11,Mastercard,840.63,Captured,13.45,GBP,Payment Gateway
PAY0001042,BKG001064,2024-11-09,Visa,247.74,Captured,4.46,GBP,Payment Gateway
PAY0001043,BKG001065,2026-03-10,Bank Transfer,377.61,Captured,0,GBP,Payment Gateway
PAY0001044,BKG001066,2025-03-22,Visa,689.25,Captured,12.41,GBP,Payment Gateway
PAY0001045,BKG001067,2025-06-26,Bank Transfer,1449.86,Captured,0,GBP,Payment Gateway
PAY0001046,BKG001069,2025-07-19,Mastercard,243.27,Captured,3.89,GBP,Payment Gateway
PAY0001047,BKG001070,2025-09-01,Visa,168.03,Captured,2.35,GBP,Payment Gateway
PAY0001048,BKG001072,2024-11-06,Visa,137.42,Captured,1.65,GBP,Payment Gateway
PAY0001049,BKG001072,2024-11-06,Mastercard,412.25,Captured,4.95,GBP,Payment Gateway
PAY0001050,BKG001073,2026-02-16,Mastercard,104.39,Captured,1.88,GBP,Payment Gateway
PAY0001051,BKG001074,2025-10-28,Visa,190.52,Captured,2.67,GBP,Payment Gateway
PAY0001052,BKG001075,2026-06-30,Cash,754.16,Captured,0,GBP,Front Desk/PMS
PAY0001053,BKG001076,2025-08-26,Mastercard,167.58,Captured,2.01,GBP,Payment Gateway
PAY0001054,BKG001077,2025-01-01,Mastercard,472.56,Captured,8.51,GBP,Payment Gateway
PAY0001055,BKG001078,2024-02-06,Mastercard,113.93,Captured,2.05,GBP,Payment Gateway
PAY0001056,BKG001079,2024-11-17,Apple Pay,327.75,Captured,5.9,GBP,Payment Gateway
PAY0001057,BKG001080,2026-08-03,American Express,101.54,Captured,1.42,GBP,Payment Gateway
PAY0001058,BKG001080,2026-08-27,Visa,304.62,Captured,3.66,GBP,Payment Gateway
PAY0001059,BKG001081,2024-09-02,Visa,171.86,Captured,2.75,GBP,Payment Gateway
PAY0001060,BKG001082,2025-07-17,American Express,190.71,Captured,3.43,GBP,Payment Gateway
PAY0001061,BKG001083,2025-04-29,Mastercard,446.57,Captured,5.36,GBP,Payment Gateway
PAY0001062,BKG001084,2026-08-29,Mastercard,167.21,Captured,2.01,GBP,Payment Gateway
PAY0001063,BKG001085,2024-09-14,Mastercard,434.61,Captured,6.95,GBP,Payment Gateway
PAY0001064,BKG001086,2025-01-04,Visa,103.06,Captured,1.86,GBP,Payment Gateway
PAY0001065,BKG001087,2026-07-13,Mastercard,320.14,Captured,3.84,GBP,Payment Gateway
PAY0001066,BKG001088,2026-05-06,Apple Pay,311.12,Captured,4.36,GBP,Payment Gateway
PAY0001067,BKG001091,2024-02-01,Visa,91.17,Captured,1.64,GBP,Payment Gateway
PAY0001068,BKG001092,2026-04-27,Apple Pay,931.2,Captured,14.9,GBP,Payment Gateway
PAY0001069,BKG001093,2025-11-17,Mastercard,146.53,Captured,2.05,GBP,Payment Gateway
PAY0001070,BKG001094,2026-06-14,Cash,1055.97,Captured,0,GBP,Front Desk/PMS
PAY0001071,BKG001095,2026-05-01,Visa,168.51,Captured,3.03,GBP,Payment Gateway
PAY0001072,BKG001098,2025-12-15,Apple Pay,267.49,Captured,3.21,GBP,Payment Gateway
PAY0001073,BKG001099,2024-08-15,Mastercard,315.95,Captured,5.69,GBP,Payment Gateway
PAY0001074,BKG001100,2025-04-12,Mastercard,578.49,Captured,8.1,GBP,Payment Gateway
PAY0001075,BKG001101,2024-08-05,Mastercard,424.4,Captured,5.94,GBP,Payment Gateway
PAY0001076,BKG001102,2026-03-19,Apple Pay,521.67,Captured,9.39,GBP,Payment Gateway
PAY0001077,BKG001103,2025-10-15,Mastercard,256.78,Captured,3.59,GBP,Payment Gateway
PAY0001078,BKG001104,2026-05-15,Mastercard,467.99,Captured,7.49,GBP,Payment Gateway
PAY0001079,BKG001105,2025-07-06,Mastercard,569.48,Captured,6.83,GBP,Payment Gateway
PAY0001080,BKG001106,2024-10-01,Mastercard,67.29,Captured,1.21,GBP,Payment Gateway
PAY0001081,BKG001106,2024-10-01,Google Pay,201.88,Captured,2.83,GBP,Payment Gateway
PAY0001082,BKG001107,2025-06-19,American Express,647.16,Captured,7.77,GBP,Payment Gateway
PAY0001083,BKG001109,2026-07-20,Visa,483.4,Captured,8.7,GBP,Payment Gateway
PAY0001084,BKG001110,2025-01-01,Mastercard,566.81,Captured,7.94,GBP,Payment Gateway
PAY0001085,BKG001110,2025-01-13,Bank Transfer,1700.42,Captured,0,GBP,Payment Gateway
PAY0001086,BKG001111,2025-07-29,Apple Pay,930.16,Captured,13.02,GBP,Payment Gateway
PAY0001087,BKG001112,2024-03-06,Mastercard,187.47,Captured,3.37,GBP,Payment Gateway
PAY0001088,BKG001113,2025-05-16,Visa,218.24,Captured,2.62,GBP,Payment Gateway
PAY0001089,BKG001114,2025-09-19,American Express,648.29,Captured,10.37,GBP,Payment Gateway
PAY0001090,BKG001115,2024-03-13,Mastercard,295.67,Captured,4.73,GBP,Payment Gateway
PAY0001091,BKG001116,2025-06-26,Mastercard,264.4,Captured,4.76,GBP,Payment Gateway
PAY0001092,BKG001117,2025-03-14,Mastercard,172.25,Captured,3.1,GBP,Payment Gateway
PAY0001093,BKG001118,2026-01-10,Visa,77.96,Captured,1.4,GBP,Payment Gateway
PAY0001094,BKG001119,2025-07-21,Visa,163.87,Captured,2.62,GBP,Payment Gateway
PAY0001095,BKG001120,2024-09-01,Visa,101.93,Captured,1.83,GBP,Payment Gateway
PAY0001096,BKG001121,2024-04-17,American Express,202.6,Captured,3.65,GBP,Payment Gateway
PAY0001097,BKG001123,2024-02-23,Visa,63.99,Captured,0.77,GBP,Payment Gateway
PAY0001098,BKG001123,2024-02-23,Mastercard,191.96,Captured,2.69,GBP,Payment Gateway
PAY0001099,BKG001124,2025-08-12,Bank Transfer,151.5,Captured,0,GBP,Payment Gateway
PAY0001100,BKG001125,2024-11-27,Mastercard,298.87,Captured,5.38,GBP,Payment Gateway
PAY0001101,BKG001126,2026-08-03,Mastercard,1629.72,Captured,19.56,GBP,Payment Gateway
PAY0001102,BKG001127,2024-12-31,Visa,890.47,Captured,12.47,GBP,Payment Gateway
PAY0001103,BKG001128,2025-09-02,Cash,211.7,Captured,0,GBP,Front Desk/PMS
PAY0001104,BKG001129,2025-01-06,Visa,605.83,Captured,9.69,GBP,Payment Gateway
PAY0001105,BKG001130,2025-08-17,Mastercard,767.94,Captured,12.29,GBP,Payment Gateway
PAY0001106,BKG001131,2025-04-29,Mastercard,586.26,Captured,8.21,GBP,Payment Gateway
PAY0001107,BKG001132,2026-02-16,Apple Pay,482.68,Captured,7.72,GBP,Payment Gateway
PAY0001108,BKG001133,2024-01-29,Cash,697.1,Captured,0,GBP,Front Desk/PMS
PAY0001109,BKG001134,2026-05-10,Visa,158.91,Captured,2.22,GBP,Payment Gateway
PAY0001110,BKG001135,2026-08-22,Bank Transfer,212.48,Captured,0,GBP,Payment Gateway
PAY0001111,BKG001137,2025-05-28,Visa,1031.88,Captured,16.51,GBP,Payment Gateway
PAY0001112,BKG001138,2026-06-28,Apple Pay,136.82,Captured,1.64,GBP,Payment Gateway
PAY0001113,BKG001139,2024-05-03,Visa,656.22,Captured,11.81,GBP,Payment Gateway
PAY0001114,BKG001140,2024-11-25,American Express,137.15,Captured,1.65,GBP,Payment Gateway
PAY0001115,BKG001141,2024-02-23,Apple Pay,226.14,Captured,4.07,GBP,Payment Gateway
PAY0001116,BKG001142,2026-07-30,Visa,837.12,Captured,15.07,GBP,Payment Gateway
PAY0001117,BKG001143,2025-12-12,Mastercard,1535.89,Captured,27.65,GBP,Payment Gateway
PAY0001118,BKG001144,2024-09-10,Apple Pay,359.74,Captured,6.48,GBP,Payment Gateway
PAY0001119,BKG001145,2025-10-06,Bank Transfer,214.8,Captured,0,GBP,Payment Gateway
PAY0001120,BKG001146,2024-12-09,Visa,270.52,Captured,4.33,GBP,Payment Gateway
PAY0001121,BKG001147,2026-04-10,American Express,78.24,Captured,1.1,GBP,Payment Gateway
PAY0001122,BKG001147,2026-06-02,Visa,234.72,Captured,4.22,GBP,Payment Gateway
PAY0001123,BKG001148,2024-10-24,Visa,222.26,Captured,3.56,GBP,Payment Gateway
PAY0001124,BKG001149,2025-05-20,Bank Transfer,201.37,Captured,0,GBP,Payment Gateway
PAY0001125,BKG001150,2025-10-17,Cash,53.35,Captured,0,GBP,Front Desk/PMS
PAY0001126,BKG001150,2025-10-17,Bank Transfer,160.06,Captured,0,GBP,Payment Gateway
PAY0001127,BKG001151,2024-03-26,Bank Transfer,1155.58,Captured,0,GBP,Payment Gateway
PAY0001128,BKG001153,2024-12-22,Visa,96.03,Captured,1.73,GBP,Payment Gateway
PAY0001129,BKG001153,2025-01-02,Mastercard,288.08,Captured,5.19,GBP,Payment Gateway
PAY0001130,BKG001154,2024-08-17,American Express,304.77,Captured,4.88,GBP,Payment Gateway
PAY0001131,BKG001155,2024-07-28,Bank Transfer,237.58,Captured,0,GBP,Payment Gateway
PAY0001132,BKG001156,2026-02-16,Bank Transfer,706.68,Captured,0,GBP,Payment Gateway
PAY0001133,BKG001157,2026-03-15,Google Pay,384,Captured,5.38,GBP,Payment Gateway
PAY0001134,BKG001158,2026-08-04,Visa,409.29,Captured,7.37,GBP,Payment Gateway
PAY0001135,BKG001159,2025-12-04,Mastercard,81.89,Captured,1.47,GBP,Payment Gateway
PAY0001136,BKG001159,2025-12-07,Bank Transfer,245.69,Captured,0,GBP,Payment Gateway
PAY0001137,BKG001160,2024-01-18,Visa,377.6,Captured,6.04,GBP,Payment Gateway
PAY0001138,BKG001161,2024-05-13,Apple Pay,337.8,Captured,6.08,GBP,Payment Gateway
PAY0001139,BKG001163,2024-08-03,American Express,2193.96,Captured,30.72,GBP,Payment Gateway
PAY0001140,BKG001164,2026-01-25,Mastercard,91.84,Captured,1.29,GBP,Payment Gateway
PAY0001141,BKG001165,2025-01-23,American Express,440.99,Captured,7.94,GBP,Payment Gateway
PAY0001142,BKG001166,2025-04-27,Google Pay,185.56,Captured,2.6,GBP,Payment Gateway
PAY0001143,BKG001167,2024-04-05,Visa,368.44,Captured,5.9,GBP,Payment Gateway
PAY0001144,BKG001168,2024-01-09,Mastercard,195.23,Captured,2.73,GBP,Payment Gateway
PAY0001145,BKG001169,2025-05-07,Visa,80.55,Captured,1.29,GBP,Payment Gateway
PAY0001146,BKG001169,2025-05-28,Apple Pay,241.64,Captured,3.87,GBP,Payment Gateway
PAY0001147,BKG001170,2025-08-07,Visa,467.08,Captured,7.47,GBP,Payment Gateway
PAY0001148,BKG001171,2026-01-26,Mastercard,335.66,Captured,4.03,GBP,Payment Gateway
PAY0001149,BKG001172,2024-02-02,Cash,115.97,Captured,0,GBP,Front Desk/PMS
PAY0001150,BKG001173,2025-04-09,Mastercard,466.11,Captured,7.46,GBP,Payment Gateway
PAY0001151,BKG001174,2025-11-24,Visa,672.26,Captured,10.76,GBP,Payment Gateway
PAY0001152,BKG001177,2026-01-18,Visa,223,Captured,3.57,GBP,Payment Gateway
PAY0001153,BKG001178,2026-04-13,Visa,244.12,Captured,3.42,GBP,Payment Gateway
PAY0001154,BKG001179,2025-08-05,Visa,1232.28,Captured,17.25,GBP,Payment Gateway
PAY0001155,BKG001180,2025-08-22,Apple Pay,154.62,Captured,2.16,GBP,Payment Gateway
PAY0001156,BKG001181,2026-03-02,Mastercard,814.82,Captured,11.41,GBP,Payment Gateway
PAY0001157,BKG001182,2026-03-11,Visa,518.28,Captured,6.22,GBP,Payment Gateway
PAY0001158,BKG001183,2026-06-12,Apple Pay,542.82,Captured,6.51,GBP,Payment Gateway
PAY0001159,BKG001184,2025-03-01,American Express,257.72,Captured,3.61,GBP,Payment Gateway
PAY0001160,BKG001185,2025-09-08,American Express,673.58,Captured,10.78,GBP,Payment Gateway
PAY0001161,BKG001186,2026-04-20,Visa,1552.56,Captured,21.74,GBP,Payment Gateway
PAY0001162,BKG001187,2025-07-29,Bank Transfer,208.38,Captured,0,GBP,Payment Gateway
PAY0001163,BKG001188,2024-10-23,Visa,1022.91,Captured,18.41,GBP,Payment Gateway
PAY0001164,BKG001189,2024-07-10,Apple Pay,114.28,Captured,1.6,GBP,Payment Gateway
PAY0001165,BKG001190,2025-07-17,American Express,298.44,Captured,3.58,GBP,Payment Gateway
PAY0001166,BKG001191,2024-09-09,Mastercard,363.94,Captured,4.37,GBP,Payment Gateway
PAY0001167,BKG001192,2026-08-23,Visa,550.15,Captured,6.6,GBP,Payment Gateway
PAY0001168,BKG001193,2024-07-31,Mastercard,398.46,Captured,4.78,GBP,Payment Gateway
PAY0001169,BKG001194,2025-08-24,Visa,671.2,Captured,10.74,GBP,Payment Gateway
PAY0001170,BKG001195,2024-05-30,Visa,361.35,Captured,6.5,GBP,Payment Gateway
PAY0001171,BKG001197,2025-06-14,American Express,418.56,Captured,5.86,GBP,Payment Gateway
PAY0001172,BKG001198,2026-06-12,Mastercard,61.33,Captured,0.74,GBP,Payment Gateway
PAY0001173,BKG001198,2026-06-12,Mastercard,184,Captured,2.94,GBP,Payment Gateway
PAY0001174,BKG001199,2026-06-29,Visa,124.67,Captured,1.99,GBP,Payment Gateway
PAY0001175,BKG001200,2024-06-10,Mastercard,2044.41,Captured,24.53,GBP,Payment Gateway
PAY0001176,BKG001201,2024-01-26,Visa,263.9,Captured,4.75,GBP,Payment Gateway
PAY0001177,BKG001202,2024-04-01,Mastercard,52.09,Captured,0.94,GBP,Payment Gateway
PAY0001178,BKG001202,2024-04-15,Apple Pay,156.25,Captured,2.5,GBP,Payment Gateway
PAY0001179,BKG001203,2025-04-14,Mastercard,102.98,Captured,1.24,GBP,Payment Gateway
PAY0001180,BKG001203,2025-04-21,Visa,308.95,Captured,3.71,GBP,Payment Gateway
PAY0001181,BKG001204,2024-02-12,Mastercard,280.91,Captured,3.93,GBP,Payment Gateway
PAY0001182,BKG001205,2024-11-12,Mastercard,1069.74,Captured,12.84,GBP,Payment Gateway
PAY0001183,BKG001206,2024-05-22,Cash,211.02,Captured,0,GBP,Front Desk/PMS
PAY0001184,BKG001208,2026-02-21,Visa,167.37,Captured,3.01,GBP,Payment Gateway
PAY0001185,BKG001208,2026-03-18,American Express,502.1,Captured,8.03,GBP,Payment Gateway
PAY0001186,BKG001209,2025-11-24,American Express,1286.81,Captured,18.02,GBP,Payment Gateway
PAY0001187,BKG001210,2024-03-31,Bank Transfer,531.64,Captured,0,GBP,Payment Gateway
PAY0001188,BKG001211,2026-04-21,Visa,151.27,Captured,2.12,GBP,Payment Gateway
PAY0001189,BKG001212,2025-01-17,American Express,815.52,Captured,9.79,GBP,Payment Gateway
PAY0001190,BKG001213,2024-06-29,Mastercard,573.52,Captured,6.88,GBP,Payment Gateway
PAY0001191,BKG001215,2024-08-06,Mastercard,1528.86,Captured,21.4,GBP,Payment Gateway
PAY0001192,BKG001216,2025-07-30,Mastercard,135.24,Captured,1.89,GBP,Payment Gateway
PAY0001193,BKG001217,2024-08-24,Mastercard,246.3,Captured,4.43,GBP,Payment Gateway
PAY0001194,BKG001217,2024-09-04,Mastercard,738.91,Captured,13.3,GBP,Payment Gateway
PAY0001195,BKG001218,2026-06-20,Visa,271.57,Captured,3.8,GBP,Payment Gateway
PAY0001196,BKG001219,2024-09-06,Mastercard,172.17,Captured,3.1,GBP,Payment Gateway
PAY0001197,BKG001220,2024-08-31,Google Pay,47.02,Captured,0.66,GBP,Payment Gateway
PAY0001198,BKG001220,2024-08-31,Visa,141.07,Captured,2.54,GBP,Payment Gateway
PAY0001199,BKG001221,2024-07-08,Apple Pay,194.69,Captured,3.12,GBP,Payment Gateway
PAY0001200,BKG001221,2024-07-11,Visa,584.08,Captured,7.01,GBP,Payment Gateway
PAY0001201,BKG001222,2024-10-23,Visa,695.93,Captured,11.13,GBP,Payment Gateway
PAY0001202,BKG001223,2026-07-21,Cash,2670.23,Captured,0,GBP,Front Desk/PMS
PAY0001203,BKG001224,2025-01-01,Bank Transfer,257.79,Captured,0,GBP,Payment Gateway
PAY0001204,BKG001225,2024-06-17,Google Pay,741.46,Captured,10.38,GBP,Payment Gateway
PAY0001205,BKG001226,2024-09-04,Google Pay,293.31,Captured,4.11,GBP,Payment Gateway
PAY0001206,BKG001227,2025-06-14,Google Pay,321.04,Captured,3.85,GBP,Payment Gateway
PAY0001207,BKG001228,2025-10-20,Cash,213.66,Captured,0,GBP,Front Desk/PMS
PAY0001208,BKG001229,2025-08-08,Mastercard,646.92,Captured,7.76,GBP,Payment Gateway
PAY0001209,BKG001230,2024-05-27,Visa,396.17,Captured,4.75,GBP,Payment Gateway
PAY0001210,BKG001231,2026-06-30,Mastercard,306.73,Captured,3.68,GBP,Payment Gateway
PAY0001211,BKG001232,2026-07-16,Visa,176.69,Captured,2.47,GBP,Payment Gateway
PAY0001212,BKG001233,2026-08-25,Mastercard,592.05,Captured,8.29,GBP,Payment Gateway
PAY0001213,BKG001234,2025-08-01,Mastercard,293.52,Captured,3.52,GBP,Payment Gateway
PAY0001214,BKG001235,2024-06-20,Mastercard,394.08,Captured,6.31,GBP,Payment Gateway
PAY0001215,BKG001236,2025-09-11,Visa,184.8,Captured,2.59,GBP,Payment Gateway
PAY0001216,BKG001237,2026-08-18,Visa,934.52,Captured,14.95,GBP,Payment Gateway
PAY0001217,BKG001238,2024-10-21,Bank Transfer,720.78,Captured,0,GBP,Payment Gateway
PAY0001218,BKG001239,2025-11-23,Visa,353.91,Captured,4.95,GBP,Payment Gateway
PAY0001219,BKG001240,2024-12-29,Visa,288.8,Captured,5.2,GBP,Payment Gateway
PAY0001220,BKG001241,2025-06-02,Mastercard,296.73,Captured,4.75,GBP,Payment Gateway
PAY0001221,BKG001242,2024-06-06,Apple Pay,1232.35,Captured,14.79,GBP,Payment Gateway
PAY0001222,BKG001244,2025-12-17,Apple Pay,785.52,Captured,14.14,GBP,Payment Gateway
PAY0001223,BKG001245,2026-07-08,Visa,420.78,Captured,6.73,GBP,Payment Gateway
PAY0001224,BKG001246,2024-08-22,Bank Transfer,826.5,Captured,0,GBP,Payment Gateway
PAY0001225,BKG001247,2025-03-31,Bank Transfer,573.36,Captured,0,GBP,Payment Gateway
PAY0001226,BKG001248,2024-07-09,Apple Pay,515.88,Captured,7.22,GBP,Payment Gateway
PAY0001227,BKG001249,2025-04-29,Visa,178.79,Captured,2.5,GBP,Payment Gateway
PAY0001228,BKG001250,2025-06-28,Apple Pay,197.2,Captured,3.16,GBP,Payment Gateway
PAY0001229,BKG001251,2024-08-09,Google Pay,729.06,Captured,8.75,GBP,Payment Gateway
PAY0001230,BKG001252,2024-02-21,American Express,72.58,Captured,1.02,GBP,Payment Gateway
PAY0001231,BKG001252,2024-04-10,American Express,217.74,Captured,3.05,GBP,Payment Gateway
PAY0001232,BKG001253,2024-07-03,Mastercard,202.74,Captured,3.24,GBP,Payment Gateway
PAY0001233,BKG001254,2024-04-30,Mastercard,153.56,Captured,2.76,GBP,Payment Gateway
PAY0001234,BKG001255,2025-04-01,Mastercard,91.6,Captured,1.47,GBP,Payment Gateway
PAY0001235,BKG001255,2025-04-19,Cash,274.81,Captured,0,GBP,Front Desk/PMS
PAY0001236,BKG001256,2026-08-18,Visa,352.95,Captured,4.94,GBP,Payment Gateway
PAY0001237,BKG001257,2024-04-19,Mastercard,63.33,Captured,0.76,GBP,Payment Gateway
PAY0001238,BKG001257,2024-05-06,Apple Pay,189.98,Captured,2.66,GBP,Payment Gateway
PAY0001239,BKG001258,2025-12-04,Mastercard,310.02,Captured,4.96,GBP,Payment Gateway
PAY0001240,BKG001259,2024-06-30,Cash,119.88,Captured,0,GBP,Front Desk/PMS
PAY0001241,BKG001260,2025-12-01,Visa,459.46,Captured,8.27,GBP,Payment Gateway
PAY0001242,BKG001261,2025-12-12,Visa,190.53,Captured,2.67,GBP,Payment Gateway
PAY0001243,BKG001261,2026-01-17,Visa,571.59,Captured,8,GBP,Payment Gateway
PAY0001244,BKG001263,2025-11-27,Bank Transfer,172.62,Captured,0,GBP,Payment Gateway
PAY0001245,BKG001264,2026-06-17,Apple Pay,245.13,Captured,4.41,GBP,Payment Gateway
PAY0001246,BKG001264,2026-06-21,Visa,735.38,Captured,10.3,GBP,Payment Gateway
PAY0001247,BKG001265,2026-03-12,Mastercard,870.53,Captured,15.67,GBP,Payment Gateway
PAY0001248,BKG001266,2024-07-20,Apple Pay,486,Captured,5.83,GBP,Payment Gateway
PAY0001249,BKG001267,2024-07-21,Visa,50.3,Captured,0.6,GBP,Payment Gateway
PAY0001250,BKG001267,2024-07-21,Mastercard,150.91,Captured,2.72,GBP,Payment Gateway
PAY0001251,BKG001268,2024-09-30,Visa,149.1,Captured,1.79,GBP,Payment Gateway
PAY0001252,BKG001269,2025-03-08,Cash,191.22,Captured,0,GBP,Front Desk/PMS
PAY0001253,BKG001269,2025-03-16,Mastercard,573.65,Captured,10.33,GBP,Payment Gateway
PAY0001254,BKG001270,2026-05-13,Visa,560.59,Captured,7.85,GBP,Payment Gateway
PAY0001255,BKG001271,2024-02-13,Visa,145.44,Captured,1.75,GBP,Payment Gateway
PAY0001256,BKG001271,2024-02-13,Mastercard,436.31,Captured,6.11,GBP,Payment Gateway
PAY0001257,BKG001272,2024-07-29,Visa,185.84,Captured,2.97,GBP,Payment Gateway
PAY0001258,BKG001273,2024-10-31,American Express,176.96,Captured,2.12,GBP,Payment Gateway
PAY0001259,BKG001274,2024-06-13,American Express,474.39,Captured,5.69,GBP,Payment Gateway
PAY0001260,BKG001275,2026-08-10,Visa,506.16,Captured,7.09,GBP,Payment Gateway
PAY0001261,BKG001276,2025-11-29,Apple Pay,518.74,Captured,8.3,GBP,Payment Gateway
PAY0001262,BKG001277,2024-07-27,Google Pay,1398.04,Captured,19.57,GBP,Payment Gateway
PAY0001263,BKG001278,2026-07-06,Visa,498.45,Captured,8.97,GBP,Payment Gateway
PAY0001264,BKG001279,2025-09-30,Mastercard,760.08,Captured,9.12,GBP,Payment Gateway
PAY0001265,BKG001280,2024-07-04,Mastercard,467.41,Captured,8.41,GBP,Payment Gateway
PAY0001266,BKG001281,2025-06-20,Google Pay,175.85,Captured,3.17,GBP,Payment Gateway
PAY0001267,BKG001282,2026-01-07,Cash,3154.64,Captured,0,GBP,Front Desk/PMS
PAY0001268,BKG001283,2026-01-22,Apple Pay,313.57,Captured,4.39,GBP,Payment Gateway
PAY0001269,BKG001284,2026-02-08,Visa,154.74,Captured,2.48,GBP,Payment Gateway
PAY0001270,BKG001285,2024-11-15,Bank Transfer,373.75,Captured,0,GBP,Payment Gateway
PAY0001271,BKG001286,2026-06-25,Mastercard,485.4,Captured,7.77,GBP,Payment Gateway
PAY0001272,BKG001287,2025-02-02,Visa,659.87,Captured,10.56,GBP,Payment Gateway
PAY0001273,BKG001288,2025-12-21,Visa,1239,Captured,22.3,GBP,Payment Gateway
PAY0001274,BKG001289,2026-07-09,Apple Pay,91.6,Captured,1.47,GBP,Payment Gateway
PAY0001275,BKG001290,2026-07-21,Cash,130.53,Captured,0,GBP,Front Desk/PMS
PAY0001276,BKG001291,2026-08-20,Mastercard,984.4,Captured,13.78,GBP,Payment Gateway
PAY0001277,BKG001292,2025-04-26,American Express,302.94,Captured,4.85,GBP,Payment Gateway
PAY0001278,BKG001293,2024-12-04,Mastercard,220.4,Captured,3.53,GBP,Payment Gateway
PAY0001279,BKG001294,2024-10-11,Apple Pay,323.4,Captured,4.53,GBP,Payment Gateway
PAY0001280,BKG001295,2024-06-04,Apple Pay,363.12,Captured,4.36,GBP,Payment Gateway
PAY0001281,BKG001296,2024-09-01,Google Pay,173.03,Captured,3.11,GBP,Payment Gateway
PAY0001282,BKG001297,2025-08-12,Mastercard,132.22,Captured,1.85,GBP,Payment Gateway
PAY0001283,BKG001298,2026-08-20,Visa,532.18,Captured,9.58,GBP,Payment Gateway
PAY0001284,BKG001299,2025-05-17,Apple Pay,81.12,Captured,1.46,GBP,Payment Gateway
PAY0001285,BKG001300,2024-05-08,American Express,221.5,Captured,2.66,GBP,Payment Gateway
PAY0001286,BKG001301,2025-10-19,Mastercard,178.94,Captured,2.15,GBP,Payment Gateway
PAY0001287,BKG001301,2025-11-12,Visa,536.82,Captured,6.44,GBP,Payment Gateway
PAY0001288,BKG001302,2025-11-08,Cash,271.06,Captured,0,GBP,Front Desk/PMS
PAY0001289,BKG001303,2024-03-14,Mastercard,364.43,Captured,5.83,GBP,Payment Gateway
PAY0001290,BKG001303,2024-05-09,Mastercard,1093.29,Captured,15.31,GBP,Payment Gateway
PAY0001291,BKG001304,2024-12-30,American Express,190.66,Captured,2.29,GBP,Payment Gateway
PAY0001292,BKG001304,2025-01-28,American Express,571.99,Captured,10.3,GBP,Payment Gateway
PAY0001293,BKG001305,2026-03-17,Mastercard,143.13,Captured,2.29,GBP,Payment Gateway
PAY0001294,BKG001307,2026-07-18,Visa,315.59,Captured,3.79,GBP,Payment Gateway
PAY0001295,BKG001308,2024-02-22,Apple Pay,262.01,Captured,4.72,GBP,Payment Gateway
PAY0001296,BKG001308,2024-03-18,Apple Pay,786.04,Captured,11,GBP,Payment Gateway
PAY0001297,BKG001310,2026-06-29,Apple Pay,119.83,Captured,1.92,GBP,Payment Gateway
PAY0001298,BKG001311,2024-08-14,Visa,885.3,Captured,10.62,GBP,Payment Gateway
PAY0001299,BKG001313,2025-12-20,Visa,410.96,Captured,4.93,GBP,Payment Gateway
PAY0001300,BKG001314,2026-05-11,Apple Pay,885.13,Captured,12.39,GBP,Payment Gateway
PAY0001301,BKG001315,2024-03-31,Visa,1563.1,Captured,25.01,GBP,Payment Gateway
PAY0001302,BKG001316,2025-06-24,Mastercard,248.24,Captured,2.98,GBP,Payment Gateway
PAY0001303,BKG001317,2026-06-29,Bank Transfer,524.77,Captured,0,GBP,Payment Gateway
PAY0001304,BKG001318,2026-04-29,Mastercard,570.42,Captured,6.85,GBP,Payment Gateway
PAY0001305,BKG001319,2024-03-13,Google Pay,93.08,Captured,1.12,GBP,Payment Gateway
PAY0001306,BKG001320,2024-07-30,American Express,906.97,Captured,12.7,GBP,Payment Gateway
PAY0001307,BKG001321,2026-07-06,Mastercard,488.52,Captured,5.86,GBP,Payment Gateway
PAY0001308,BKG001322,2025-07-19,Mastercard,871.99,Captured,13.95,GBP,Payment Gateway
PAY0001309,BKG001323,2024-04-07,Mastercard,129.07,Captured,1.55,GBP,Payment Gateway
PAY0001310,BKG001324,2025-09-30,Cash,692.44,Captured,0,GBP,Front Desk/PMS
PAY0001311,BKG001325,2026-01-23,Bank Transfer,86.94,Captured,0,GBP,Payment Gateway
PAY0001312,BKG001326,2026-06-21,Visa,377.76,Captured,4.53,GBP,Payment Gateway
PAY0001313,BKG001327,2024-09-27,Mastercard,100.27,Captured,1.8,GBP,Payment Gateway
PAY0001314,BKG001327,2024-10-11,Visa,300.8,Captured,4.21,GBP,Payment Gateway
PAY0001315,BKG001328,2024-11-26,Visa,184.2,Captured,2.95,GBP,Payment Gateway
PAY0001316,BKG001329,2024-08-12,Visa,404.87,Captured,4.86,GBP,Payment Gateway
PAY0001317,BKG001330,2024-12-26,Mastercard,120.58,Captured,1.69,GBP,Payment Gateway
PAY0001318,BKG001331,2024-12-01,Visa,249.54,Captured,3.99,GBP,Payment Gateway
PAY0001319,BKG001333,2024-11-28,Mastercard,145.36,Captured,2.33,GBP,Payment Gateway
PAY0001320,BKG001334,2024-06-29,Google Pay,59.64,Captured,0.95,GBP,Payment Gateway
PAY0001321,BKG001334,2024-07-10,Visa,178.92,Captured,2.15,GBP,Payment Gateway
PAY0001322,BKG001335,2025-07-18,Visa,282.33,Captured,3.39,GBP,Payment Gateway
PAY0001323,BKG001336,2025-07-10,American Express,254.29,Captured,4.58,GBP,Payment Gateway
PAY0001324,BKG001337,2025-05-22,Bank Transfer,204.6,Captured,0,GBP,Payment Gateway
PAY0001325,BKG001338,2026-05-03,Visa,192.49,Captured,2.31,GBP,Payment Gateway
PAY0001326,BKG001339,2025-05-24,Apple Pay,187.63,Captured,2.63,GBP,Payment Gateway
PAY0001327,BKG001339,2025-06-14,Mastercard,562.89,Captured,6.75,GBP,Payment Gateway
PAY0001328,BKG001340,2024-07-28,Mastercard,80.79,Captured,0.97,GBP,Payment Gateway
PAY0001329,BKG001340,2024-07-28,Mastercard,242.37,Captured,2.91,GBP,Payment Gateway
PAY0001330,BKG001341,2025-12-26,Bank Transfer,63.65,Captured,0,GBP,Payment Gateway
PAY0001331,BKG001341,2026-01-17,Visa,190.94,Captured,3.06,GBP,Payment Gateway
PAY0001332,BKG001342,2026-06-11,Visa,339.89,Captured,4.76,GBP,Payment Gateway
PAY0001333,BKG001343,2025-05-04,Visa,296.42,Captured,4.15,GBP,Payment Gateway
PAY0001334,BKG001344,2025-11-26,Mastercard,263.97,Captured,3.7,GBP,Payment Gateway
PAY0001335,BKG001345,2024-10-07,Mastercard,92.12,Captured,1.11,GBP,Payment Gateway
PAY0001336,BKG001345,2024-10-11,Visa,276.35,Captured,4.97,GBP,Payment Gateway
PAY0001337,BKG001346,2026-03-01,Visa,246.46,Captured,3.45,GBP,Payment Gateway
PAY0001338,BKG001347,2026-01-21,Apple Pay,124.93,Captured,2.25,GBP,Payment Gateway
PAY0001339,BKG001347,2026-03-04,Cash,374.8,Captured,0,GBP,Front Desk/PMS
PAY0001340,BKG001348,2025-05-09,Mastercard,1689.12,Captured,20.27,GBP,Payment Gateway
PAY0001341,BKG001349,2025-02-14,Visa,220.57,Captured,3.53,GBP,Payment Gateway
PAY0001342,BKG001349,2025-02-16,Cash,661.72,Captured,0,GBP,Front Desk/PMS
PAY0001343,BKG001350,2025-02-27,Visa,104.97,Captured,1.89,GBP,Payment Gateway
PAY0001344,BKG001351,2025-02-23,Google Pay,541.61,Captured,9.75,GBP,Payment Gateway
PAY0001345,BKG001352,2026-02-13,Mastercard,118.38,Captured,1.66,GBP,Payment Gateway
PAY0001346,BKG001353,2025-03-18,Visa,94.8,Captured,1.14,GBP,Payment Gateway
PAY0001347,BKG001354,2024-08-19,Mastercard,181.61,Captured,2.54,GBP,Payment Gateway
PAY0001348,BKG001355,2024-11-11,Google Pay,78.7,Captured,1.1,GBP,Payment Gateway
PAY0001349,BKG001355,2024-12-12,Mastercard,236.11,Captured,4.25,GBP,Payment Gateway
PAY0001350,BKG001356,2024-05-03,Mastercard,233.42,Captured,3.27,GBP,Payment Gateway
PAY0001351,BKG001357,2025-01-08,Visa,148.62,Captured,2.38,GBP,Payment Gateway
PAY0001352,BKG001358,2025-01-26,American Express,1001.65,Captured,14.02,GBP,Payment Gateway
PAY0001353,BKG001359,2025-10-15,Visa,251.91,Captured,4.03,GBP,Payment Gateway
PAY0001354,BKG001360,2025-02-05,Apple Pay,92.13,Captured,1.29,GBP,Payment Gateway
PAY0001355,BKG001361,2024-08-15,Mastercard,323.7,Captured,5.83,GBP,Payment Gateway
PAY0001356,BKG001361,2024-08-30,Cash,971.09,Captured,0,GBP,Front Desk/PMS
PAY0001357,BKG001362,2024-12-02,Mastercard,177.98,Captured,3.2,GBP,Payment Gateway
PAY0001358,BKG001363,2025-02-21,Visa,334.11,Captured,4.68,GBP,Payment Gateway
PAY0001359,BKG001365,2024-04-16,Visa,168.48,Captured,3.03,GBP,Payment Gateway
PAY0001360,BKG001366,2024-09-22,Visa,199.29,Captured,3.19,GBP,Payment Gateway
PAY0001361,BKG001367,2025-05-27,Visa,263.9,Captured,4.22,GBP,Payment Gateway
PAY0001362,BKG001368,2026-07-11,Visa,2237.27,Captured,40.27,GBP,Payment Gateway
PAY0001363,BKG001369,2026-05-28,Mastercard,82.8,Captured,1.32,GBP,Payment Gateway
PAY0001364,BKG001369,2026-06-28,Visa,248.4,Captured,4.47,GBP,Payment Gateway
PAY0001365,BKG001370,2025-12-22,Cash,403.5,Captured,0,GBP,Front Desk/PMS
PAY0001366,BKG001371,2026-04-11,Visa,831.44,Captured,9.98,GBP,Payment Gateway
PAY0001367,BKG001372,2025-07-19,Google Pay,765.88,Captured,12.25,GBP,Payment Gateway
PAY0001368,BKG001374,2026-08-16,Bank Transfer,84.51,Captured,0,GBP,Payment Gateway
PAY0001369,BKG001375,2024-05-03,Mastercard,420.17,Captured,7.56,GBP,Payment Gateway
PAY0001370,BKG001376,2026-04-29,Mastercard,408.5,Captured,6.54,GBP,Payment Gateway
PAY0001371,BKG001377,2024-12-24,Mastercard,156.31,Captured,2.81,GBP,Payment Gateway
PAY0001372,BKG001379,2025-07-14,Visa,841.44,Captured,10.1,GBP,Payment Gateway
PAY0001373,BKG001380,2024-03-25,Visa,191.54,Captured,2.68,GBP,Payment Gateway
PAY0001374,BKG001381,2024-08-27,Google Pay,625.14,Captured,11.25,GBP,Payment Gateway
PAY0001375,BKG001382,2024-02-23,Mastercard,53.9,Captured,0.65,GBP,Payment Gateway
PAY0001376,BKG001382,2024-03-29,Mastercard,161.69,Captured,2.59,GBP,Payment Gateway
PAY0001377,BKG001383,2025-08-16,Apple Pay,375.36,Captured,6.76,GBP,Payment Gateway
PAY0001378,BKG001383,2025-08-26,Cash,1126.08,Captured,0,GBP,Front Desk/PMS
PAY0001379,BKG001384,2025-05-28,Apple Pay,131.44,Captured,1.84,GBP,Payment Gateway
PAY0001380,BKG001385,2024-09-05,Mastercard,272.96,Captured,3.28,GBP,Payment Gateway
PAY0001381,BKG001386,2026-06-16,Mastercard,113.02,Captured,1.81,GBP,Payment Gateway
PAY0001382,BKG001388,2026-08-09,Visa,220.7,Captured,3.53,GBP,Payment Gateway
PAY0001383,BKG001389,2026-05-05,Apple Pay,529.08,Captured,6.35,GBP,Payment Gateway
PAY0001384,BKG001390,2024-09-09,Mastercard,1265.1,Captured,22.77,GBP,Payment Gateway
PAY0001385,BKG001391,2024-12-01,Mastercard,398.24,Captured,7.17,GBP,Payment Gateway
PAY0001386,BKG001392,2025-01-13,Bank Transfer,265.1,Captured,0,GBP,Payment Gateway
PAY0001387,BKG001393,2025-10-26,Visa,319.28,Captured,5.75,GBP,Payment Gateway
PAY0001388,BKG001394,2024-04-17,Visa,905.77,Captured,16.3,GBP,Payment Gateway
PAY0001389,BKG001395,2024-09-19,Mastercard,145.09,Captured,2.03,GBP,Payment Gateway
PAY0001390,BKG001396,2024-02-24,Mastercard,980.68,Captured,11.77,GBP,Payment Gateway
PAY0001391,BKG001397,2024-04-09,Visa,699.31,Captured,9.79,GBP,Payment Gateway
PAY0001392,BKG001398,2024-01-22,Apple Pay,421.37,Captured,6.74,GBP,Payment Gateway
PAY0001393,BKG001399,2025-04-27,Cash,673.53,Captured,0,GBP,Front Desk/PMS
PAY0001394,BKG001401,2026-04-25,Mastercard,313.44,Captured,5.02,GBP,Payment Gateway
PAY0001395,BKG001402,2024-12-27,Mastercard,418.2,Captured,5.85,GBP,Payment Gateway
PAY0001396,BKG001403,2025-07-15,Visa,350.36,Captured,6.31,GBP,Payment Gateway
PAY0001397,BKG001404,2025-05-13,Visa,540.59,Captured,8.65,GBP,Payment Gateway
PAY0001398,BKG001405,2025-04-23,Apple Pay,787.48,Captured,11.02,GBP,Payment Gateway
PAY0001399,BKG001406,2025-07-12,American Express,219.9,Captured,3.52,GBP,Payment Gateway
PAY0001400,BKG001406,2025-07-29,Visa,659.69,Captured,9.24,GBP,Payment Gateway
PAY0001401,BKG001407,2024-12-28,Visa,606.84,Captured,10.92,GBP,Payment Gateway
PAY0001402,BKG001408,2024-03-05,Mastercard,135.48,Captured,2.17,GBP,Payment Gateway
PAY0001403,BKG001409,2025-12-25,Cash,412.39,Captured,0,GBP,Front Desk/PMS
PAY0001404,BKG001410,2025-04-20,Mastercard,195.87,Captured,3.13,GBP,Payment Gateway
PAY0001405,BKG001411,2024-08-07,Google Pay,232.57,Captured,3.72,GBP,Payment Gateway
PAY0001406,BKG001412,2024-01-12,Visa,381.25,Captured,6.86,GBP,Payment Gateway
PAY0001407,BKG001413,2025-03-07,Visa,284.06,Captured,3.41,GBP,Payment Gateway
PAY0001408,BKG001415,2024-01-18,Apple Pay,778.81,Captured,10.9,GBP,Payment Gateway
PAY0001409,BKG001416,2025-11-28,Mastercard,284.3,Captured,3.98,GBP,Payment Gateway
PAY0001410,BKG001417,2024-01-13,Google Pay,335.83,Captured,4.03,GBP,Payment Gateway
PAY0001411,BKG001419,2024-08-29,Mastercard,313.04,Captured,5.63,GBP,Payment Gateway
PAY0001412,BKG001421,2025-07-01,Apple Pay,372.5,Captured,5.21,GBP,Payment Gateway
PAY0001413,BKG001422,2024-10-15,Mastercard,423.75,Captured,5.93,GBP,Payment Gateway
PAY0001414,BKG001423,2025-08-19,Visa,1422.26,Captured,22.76,GBP,Payment Gateway
PAY0001415,BKG001425,2024-07-19,Visa,389.62,Captured,6.23,GBP,Payment Gateway
PAY0001416,BKG001426,2026-02-13,Mastercard,139.57,Captured,2.51,GBP,Payment Gateway
PAY0001417,BKG001427,2025-11-11,Bank Transfer,156.82,Captured,0,GBP,Payment Gateway
PAY0001418,BKG001428,2026-01-12,Cash,805.33,Captured,0,GBP,Front Desk/PMS
PAY0001419,BKG001429,2024-12-20,Cash,327.5,Captured,0,GBP,Front Desk/PMS
PAY0001420,BKG001430,2026-07-13,Mastercard,203.36,Captured,2.44,GBP,Payment Gateway
PAY0001421,BKG001431,2025-03-02,Visa,203.29,Captured,2.44,GBP,Payment Gateway
PAY0001422,BKG001432,2026-02-07,Mastercard,342.9,Captured,4.11,GBP,Payment Gateway
PAY0001423,BKG001433,2025-07-19,Visa,257.23,Captured,4.63,GBP,Payment Gateway
PAY0001424,BKG001434,2024-11-03,Cash,239.12,Captured,0,GBP,Front Desk/PMS
PAY0001425,BKG001435,2025-04-15,Visa,136.33,Captured,1.64,GBP,Payment Gateway
PAY0001426,BKG001435,2025-04-29,Mastercard,408.99,Captured,7.36,GBP,Payment Gateway
PAY0001427,BKG001436,2024-05-13,Cash,413.4,Captured,0,GBP,Front Desk/PMS
PAY0001428,BKG001437,2026-07-02,Visa,185.98,Captured,2.6,GBP,Payment Gateway
PAY0001429,BKG001438,2025-06-01,Mastercard,400.76,Captured,5.61,GBP,Payment Gateway
PAY0001430,BKG001440,2025-02-03,Visa,2006.06,Captured,28.08,GBP,Payment Gateway
PAY0001431,BKG001441,2026-04-04,Apple Pay,171.04,Captured,2.05,GBP,Payment Gateway
PAY0001432,BKG001443,2025-11-02,Mastercard,1222.53,Captured,17.12,GBP,Payment Gateway
PAY0001433,BKG001444,2025-04-20,Google Pay,163.96,Captured,2.3,GBP,Payment Gateway
PAY0001434,BKG001445,2025-07-29,Visa,265.3,Captured,3.18,GBP,Payment Gateway
PAY0001435,BKG001446,2023-12-31,Cash,324.78,Captured,0,GBP,Front Desk/PMS
PAY0001436,BKG001447,2025-07-15,Mastercard,989.59,Captured,15.83,GBP,Payment Gateway
PAY0001437,BKG001448,2025-01-14,Visa,202.94,Captured,2.84,GBP,Payment Gateway
PAY0001438,BKG001450,2024-02-05,Visa,612.24,Captured,9.8,GBP,Payment Gateway
PAY0001439,BKG001451,2024-03-14,Apple Pay,124.76,Captured,1.75,GBP,Payment Gateway
PAY0001440,BKG001452,2026-04-28,Visa,450.77,Captured,7.21,GBP,Payment Gateway
PAY0001441,BKG001454,2024-11-11,Visa,363.63,Captured,6.55,GBP,Payment Gateway
PAY0001442,BKG001455,2025-07-15,American Express,212.61,Captured,2.98,GBP,Payment Gateway
PAY0001443,BKG001455,2025-08-12,Cash,637.83,Captured,0,GBP,Front Desk/PMS
PAY0001444,BKG001456,2026-08-05,Mastercard,508.62,Captured,6.1,GBP,Payment Gateway
PAY0001445,BKG001457,2026-06-23,Visa,2131.19,Captured,34.1,GBP,Payment Gateway
PAY0001446,BKG001458,2026-07-29,Mastercard,382.62,Captured,4.59,GBP,Payment Gateway
PAY0001447,BKG001460,2026-04-21,Mastercard,1046.83,Captured,18.84,GBP,Payment Gateway
PAY0001448,BKG001461,2024-03-13,Visa,134.48,Captured,1.61,GBP,Payment Gateway
PAY0001449,BKG001462,2026-03-18,Google Pay,262.97,Captured,4.73,GBP,Payment Gateway
PAY0001450,BKG001463,2026-06-06,American Express,373.12,Captured,5.97,GBP,Payment Gateway
PAY0001451,BKG001464,2024-02-10,American Express,56.24,Captured,1.01,GBP,Payment Gateway
PAY0001452,BKG001464,2024-03-02,Visa,168.73,Captured,2.36,GBP,Payment Gateway
PAY0001453,BKG001465,2025-03-15,Apple Pay,152.61,Captured,2.75,GBP,Payment Gateway
PAY0001454,BKG001466,2023-12-13,Visa,65.06,Captured,1.17,GBP,Payment Gateway
PAY0001455,BKG001466,2024-01-11,Mastercard,195.19,Captured,3.51,GBP,Payment Gateway
PAY0001456,BKG001467,2025-09-03,Visa,212.49,Captured,3.4,GBP,Payment Gateway
PAY0001457,BKG001468,2024-06-20,Visa,115.13,Captured,2.07,GBP,Payment Gateway
PAY0001458,BKG001468,2024-07-26,Visa,345.39,Captured,5.53,GBP,Payment Gateway
PAY0001459,BKG001469,2026-04-14,Bank Transfer,827.14,Captured,0,GBP,Payment Gateway
PAY0001460,BKG001470,2024-05-06,Google Pay,422.73,Captured,5.07,GBP,Payment Gateway
PAY0001461,BKG001471,2025-06-27,Visa,255.24,Captured,4.08,GBP,Payment Gateway
PAY0001462,BKG001472,2024-10-21,American Express,357.12,Captured,5.71,GBP,Payment Gateway
PAY0001463,BKG001473,2024-01-31,American Express,668.72,Captured,8.02,GBP,Payment Gateway
PAY0001464,BKG001474,2025-05-31,Mastercard,92.43,Captured,1.66,GBP,Payment Gateway
PAY0001465,BKG001474,2025-07-16,Mastercard,277.29,Captured,3.88,GBP,Payment Gateway
PAY0001466,BKG001475,2025-06-09,Visa,648.5,Captured,9.08,GBP,Payment Gateway
PAY0001467,BKG001476,2025-05-09,Mastercard,1003.44,Captured,12.04,GBP,Payment Gateway
PAY0001468,BKG001477,2025-07-13,Mastercard,456.68,Captured,6.39,GBP,Payment Gateway
PAY0001469,BKG001478,2026-06-15,Visa,179.51,Captured,2.87,GBP,Payment Gateway
PAY0001470,BKG001478,2026-07-04,Bank Transfer,538.54,Captured,0,GBP,Payment Gateway
PAY0001471,BKG001479,2026-06-11,Mastercard,1094.79,Captured,15.33,GBP,Payment Gateway
PAY0001472,BKG001480,2024-07-26,American Express,186.73,Captured,2.99,GBP,Payment Gateway
PAY0001473,BKG001481,2025-10-09,Mastercard,547.86,Captured,6.57,GBP,Payment Gateway
PAY0001474,BKG001483,2026-08-26,Mastercard,861.15,Captured,15.5,GBP,Payment Gateway
PAY0001475,BKG001484,2025-04-13,Bank Transfer,358.26,Captured,0,GBP,Payment Gateway
PAY0001476,BKG001486,2025-09-18,Google Pay,167.37,Captured,3.01,GBP,Payment Gateway
PAY0001477,BKG001487,2024-09-10,Apple Pay,94.39,Captured,1.51,GBP,Payment Gateway
PAY0001478,BKG001488,2026-04-12,Apple Pay,138.72,Captured,2.22,GBP,Payment Gateway
PAY0001479,BKG001489,2025-10-02,Apple Pay,450.78,Captured,6.31,GBP,Payment Gateway
PAY0001480,BKG001490,2025-12-31,Mastercard,491.94,Captured,7.87,GBP,Payment Gateway
PAY0001481,BKG001491,2025-12-01,Bank Transfer,383.91,Captured,0,GBP,Payment Gateway
PAY0001482,BKG001492,2025-01-05,Apple Pay,51.84,Captured,0.93,GBP,Payment Gateway
PAY0001483,BKG001492,2025-01-10,Visa,155.52,Captured,2.18,GBP,Payment Gateway
PAY0001484,BKG001493,2026-07-16,Mastercard,310.95,Captured,3.73,GBP,Payment Gateway
PAY0001485,BKG001494,2025-03-21,Cash,766.16,Captured,0,GBP,Front Desk/PMS
PAY0001486,BKG001495,2024-07-03,Visa,247.53,Captured,4.46,GBP,Payment Gateway
PAY0001487,BKG001498,2025-05-28,Bank Transfer,539.4,Captured,0,GBP,Payment Gateway
PAY0001488,BKG001499,2024-12-09,Bank Transfer,495.21,Captured,0,GBP,Payment Gateway
PAY0001489,BKG001500,2025-06-07,Visa,297.28,Captured,5.35,GBP,Payment Gateway
PAY0001490,BKG001501,2024-03-24,Mastercard,115.77,Captured,1.39,GBP,Payment Gateway
PAY0001491,BKG001502,2026-05-25,Cash,384.07,Captured,0,GBP,Front Desk/PMS
PAY0001492,BKG001503,2026-04-30,Mastercard,110.84,Captured,2,GBP,Payment Gateway
PAY0001493,BKG001503,2026-05-21,Visa,332.53,Captured,5.99,GBP,Payment Gateway
PAY0001494,BKG001504,2025-05-15,Visa,418.03,Captured,5.85,GBP,Payment Gateway
PAY0001495,BKG001506,2024-01-06,Visa,807.26,Captured,12.92,GBP,Payment Gateway
PAY0001496,BKG001507,2025-06-01,Google Pay,1475.34,Captured,20.65,GBP,Payment Gateway
PAY0001497,BKG001508,2024-12-14,Apple Pay,119.64,Captured,1.44,GBP,Payment Gateway
PAY0001498,BKG001508,2025-01-14,Visa,358.91,Captured,5.74,GBP,Payment Gateway
PAY0001499,BKG001509,2025-08-22,Visa,167.26,Captured,2.34,GBP,Payment Gateway
PAY0001500,BKG001510,2024-04-13,Mastercard,730.45,Captured,11.69,GBP,Payment Gateway
PAY0001501,BKG001512,2024-09-14,Mastercard,277.78,Captured,4.44,GBP,Payment Gateway
PAY0001502,BKG001513,2025-07-15,American Express,765.74,Captured,9.19,GBP,Payment Gateway
PAY0001503,BKG001514,2025-09-27,Bank Transfer,111.85,Captured,0,GBP,Payment Gateway
PAY0001504,BKG001515,2025-06-29,Google Pay,101.3,Captured,1.22,GBP,Payment Gateway
PAY0001505,BKG001516,2024-04-17,Bank Transfer,81.11,Captured,0,GBP,Payment Gateway
PAY0001506,BKG001517,2025-07-28,Cash,61.84,Captured,0,GBP,Front Desk/PMS
PAY0001507,BKG001517,2025-08-27,Mastercard,185.51,Captured,3.34,GBP,Payment Gateway
PAY0001508,BKG001518,2026-01-01,Visa,689.16,Captured,8.27,GBP,Payment Gateway
PAY0001509,BKG001519,2024-01-24,Apple Pay,949.08,Captured,11.39,GBP,Payment Gateway
PAY0001510,BKG001520,2024-08-17,Mastercard,246.98,Captured,4.45,GBP,Payment Gateway
PAY0001511,BKG001521,2025-09-09,Visa,431.47,Captured,5.18,GBP,Payment Gateway
PAY0001512,BKG001522,2026-08-26,Mastercard,136.55,Captured,1.64,GBP,Payment Gateway
PAY0001513,BKG001523,2024-05-07,Apple Pay,960.78,Captured,17.29,GBP,Payment Gateway
PAY0001514,BKG001524,2025-10-09,Apple Pay,702.29,Captured,11.24,GBP,Payment Gateway
PAY0001515,BKG001525,2025-11-06,Visa,108.22,Captured,1.52,GBP,Payment Gateway
PAY0001516,BKG001526,2026-04-02,Mastercard,495.08,Captured,6.93,GBP,Payment Gateway
PAY0001517,BKG001527,2026-08-24,Bank Transfer,204.42,Captured,0,GBP,Payment Gateway
PAY0001518,BKG001528,2024-12-28,Visa,346.28,Captured,4.16,GBP,Payment Gateway
PAY0001519,BKG001529,2024-08-21,Visa,568.36,Captured,10.23,GBP,Payment Gateway
PAY0001520,BKG001530,2024-06-22,Visa,256.9,Captured,4.62,GBP,Payment Gateway
PAY0001521,BKG001531,2025-02-02,Visa,85.27,Captured,1.19,GBP,Payment Gateway
PAY0001522,BKG001532,2025-08-17,American Express,585.41,Captured,9.37,GBP,Payment Gateway
PAY0001523,BKG001533,2024-07-15,Visa,137.77,Captured,2.48,GBP,Payment Gateway
PAY0001524,BKG001534,2025-04-23,Mastercard,66.91,Captured,0.8,GBP,Payment Gateway
PAY0001525,BKG001534,2025-05-13,Visa,200.72,Captured,2.81,GBP,Payment Gateway
PAY0001526,BKG001535,2025-09-18,Mastercard,108.77,Captured,1.31,GBP,Payment Gateway
PAY0001527,BKG001535,2025-10-03,American Express,326.31,Captured,5.22,GBP,Payment Gateway
PAY0001528,BKG001536,2024-09-08,Mastercard,304.89,Captured,4.27,GBP,Payment Gateway
PAY0001529,BKG001537,2025-11-15,Cash,437.04,Captured,0,GBP,Front Desk/PMS
PAY0001530,BKG001539,2026-08-27,Apple Pay,374.99,Captured,6.75,GBP,Payment Gateway
PAY0001531,BKG001540,2025-05-24,Visa,375.53,Captured,6.01,GBP,Payment Gateway
PAY0001532,BKG001541,2024-07-23,Mastercard,504,Captured,6.05,GBP,Payment Gateway
PAY0001533,BKG001541,2024-08-10,Google Pay,1512.01,Captured,18.14,GBP,Payment Gateway
PAY0001534,BKG001542,2024-02-27,Mastercard,196.93,Captured,3.54,GBP,Payment Gateway
PAY0001535,BKG001543,2026-04-27,Visa,582.62,Captured,6.99,GBP,Payment Gateway
PAY0001536,BKG001544,2026-08-18,Mastercard,399.57,Captured,7.19,GBP,Payment Gateway
PAY0001537,BKG001545,2025-10-06,Visa,132.86,Captured,2.13,GBP,Payment Gateway
PAY0001538,BKG001546,2025-07-16,Apple Pay,87.82,Captured,1.41,GBP,Payment Gateway
PAY0001539,BKG001547,2026-01-15,Visa,180.53,Captured,2.89,GBP,Payment Gateway
PAY0001540,BKG001548,2026-08-03,Apple Pay,183.28,Captured,2.93,GBP,Payment Gateway
PAY0001541,BKG001549,2024-04-09,Visa,184.53,Captured,3.32,GBP,Payment Gateway
PAY0001542,BKG001551,2025-03-15,Visa,364.65,Captured,4.38,GBP,Payment Gateway
PAY0001543,BKG001552,2025-07-04,Google Pay,440.63,Captured,7.05,GBP,Payment Gateway
PAY0001544,BKG001554,2025-07-26,Mastercard,100.77,Captured,1.21,GBP,Payment Gateway
PAY0001545,BKG001554,2025-08-04,Mastercard,302.32,Captured,4.23,GBP,Payment Gateway
PAY0001546,BKG001555,2025-06-27,American Express,532.94,Captured,9.59,GBP,Payment Gateway
PAY0001547,BKG001556,2025-09-08,Mastercard,463.78,Captured,5.57,GBP,Payment Gateway
PAY0001548,BKG001557,2026-06-08,Visa,397.06,Captured,7.15,GBP,Payment Gateway
PAY0001549,BKG001558,2024-01-31,Mastercard,213.71,Captured,3.42,GBP,Payment Gateway
PAY0001550,BKG001558,2024-02-06,Mastercard,641.13,Captured,7.69,GBP,Payment Gateway
PAY0001551,BKG001559,2025-03-10,Visa,748.08,Captured,13.47,GBP,Payment Gateway
PAY0001552,BKG001560,2024-06-03,Bank Transfer,96.56,Captured,0,GBP,Payment Gateway
PAY0001553,BKG001560,2024-06-09,Mastercard,289.69,Captured,5.21,GBP,Payment Gateway
PAY0001554,BKG001561,2025-06-09,Mastercard,1020.02,Captured,18.36,GBP,Payment Gateway
PAY0001555,BKG001562,2024-03-17,Mastercard,888.31,Captured,15.99,GBP,Payment Gateway
PAY0001556,BKG001563,2024-03-01,Bank Transfer,134.95,Captured,0,GBP,Payment Gateway
PAY0001557,BKG001564,2025-01-13,Mastercard,82.57,Captured,1.16,GBP,Payment Gateway
PAY0001558,BKG001565,2024-02-02,Bank Transfer,103.77,Captured,0,GBP,Payment Gateway
PAY0001559,BKG001566,2025-12-15,Mastercard,788.93,Captured,9.47,GBP,Payment Gateway
PAY0001560,BKG001567,2025-12-14,American Express,100.57,Captured,1.81,GBP,Payment Gateway
PAY0001561,BKG001568,2025-11-10,Mastercard,630.82,Captured,7.57,GBP,Payment Gateway
PAY0001562,BKG001569,2023-12-22,Mastercard,65.93,Captured,1.05,GBP,Payment Gateway
PAY0001563,BKG001569,2024-01-08,Visa,197.79,Captured,2.77,GBP,Payment Gateway
PAY0001564,BKG001570,2026-07-26,Mastercard,108.16,Captured,1.95,GBP,Payment Gateway
PAY0001565,BKG001571,2026-07-01,Visa,2361.17,Captured,33.06,GBP,Payment Gateway
PAY0001566,BKG001572,2024-11-10,Apple Pay,138.06,Captured,1.93,GBP,Payment Gateway
PAY0001567,BKG001573,2026-07-02,Apple Pay,200.19,Captured,3.2,GBP,Payment Gateway
PAY0001568,BKG001573,2026-07-02,Mastercard,600.57,Captured,9.61,GBP,Payment Gateway
PAY0001569,BKG001574,2024-04-24,Mastercard,142.3,Captured,1.99,GBP,Payment Gateway
PAY0001570,BKG001575,2026-02-05,Apple Pay,1269.75,Captured,20.32,GBP,Payment Gateway
PAY0001571,BKG001577,2024-01-04,Visa,684.28,Captured,9.58,GBP,Payment Gateway
PAY0001572,BKG001579,2025-09-28,Mastercard,224.82,Captured,4.05,GBP,Payment Gateway
PAY0001573,BKG001580,2024-11-08,Mastercard,244.08,Captured,3.42,GBP,Payment Gateway
PAY0001574,BKG001581,2024-12-04,Apple Pay,422.35,Captured,5.91,GBP,Payment Gateway
PAY0001575,BKG001582,2025-10-10,Visa,1252.52,Captured,20.04,GBP,Payment Gateway
PAY0001576,BKG001583,2025-02-05,Visa,1106.2,Captured,15.49,GBP,Payment Gateway
PAY0001577,BKG001584,2025-07-21,Visa,386.15,Captured,5.41,GBP,Payment Gateway
PAY0001578,BKG001585,2026-01-26,Apple Pay,78.91,Captured,1.26,GBP,Payment Gateway
PAY0001579,BKG001586,2026-07-28,Google Pay,547.88,Captured,6.57,GBP,Payment Gateway
PAY0001580,BKG001587,2025-10-10,Apple Pay,126.75,Captured,1.77,GBP,Payment Gateway
PAY0001581,BKG001588,2026-07-11,Visa,353.89,Captured,5.66,GBP,Payment Gateway
PAY0001582,BKG001589,2025-04-05,Mastercard,280.59,Captured,4.49,GBP,Payment Gateway
PAY0001583,BKG001590,2026-04-23,Visa,409.45,Captured,6.55,GBP,Payment Gateway
PAY0001584,BKG001592,2025-04-18,Visa,122.21,Captured,1.96,GBP,Payment Gateway
PAY0001585,BKG001593,2025-11-30,Mastercard,690.08,Captured,9.66,GBP,Payment Gateway
PAY0001586,BKG001594,2024-04-10,Visa,362.6,Captured,5.08,GBP,Payment Gateway
PAY0001587,BKG001595,2024-12-15,Apple Pay,46.83,Captured,0.75,GBP,Payment Gateway
PAY0001588,BKG001595,2025-01-30,Bank Transfer,140.48,Captured,0,GBP,Payment Gateway
PAY0001589,BKG001596,2026-06-16,Mastercard,171.37,Captured,2.74,GBP,Payment Gateway
PAY0001590,BKG001597,2026-06-09,Visa,707.17,Captured,8.49,GBP,Payment Gateway
PAY0001591,BKG001598,2025-09-22,Visa,798.27,Captured,12.77,GBP,Payment Gateway
PAY0001592,BKG001599,2025-08-09,Mastercard,442.95,Captured,5.32,GBP,Payment Gateway
PAY0001593,BKG001600,2024-06-05,Visa,2436.96,Captured,43.87,GBP,Payment Gateway
PAY0001594,BKG001601,2025-10-25,Mastercard,135.74,Captured,2.44,GBP,Payment Gateway
PAY0001595,BKG001602,2024-05-03,Apple Pay,330.9,Captured,5.96,GBP,Payment Gateway
PAY0001596,BKG001603,2026-07-11,Visa,535.8,Captured,8.57,GBP,Payment Gateway
PAY0001597,BKG001604,2026-03-17,Cash,278.24,Captured,0,GBP,Front Desk/PMS
PAY0001598,BKG001606,2026-05-08,Visa,167.31,Captured,2.34,GBP,Payment Gateway
PAY0001599,BKG001607,2025-01-29,Mastercard,124.44,Captured,1.49,GBP,Payment Gateway
PAY0001600,BKG001608,2025-03-25,Mastercard,82.29,Captured,1.48,GBP,Payment Gateway
PAY0001601,BKG001608,2025-05-01,Apple Pay,246.87,Captured,3.46,GBP,Payment Gateway
PAY0001602,BKG001609,2025-02-15,Mastercard,466.8,Captured,8.4,GBP,Payment Gateway
PAY0001603,BKG001610,2026-03-01,Visa,123.34,Captured,2.22,GBP,Payment Gateway
PAY0001604,BKG001611,2024-01-24,Visa,299.57,Captured,5.39,GBP,Payment Gateway
PAY0001605,BKG001612,2024-06-17,Cash,129.78,Captured,0,GBP,Front Desk/PMS
PAY0001606,BKG001613,2025-05-26,Visa,313.42,Captured,5.64,GBP,Payment Gateway
PAY0001607,BKG001613,2025-08-31,Google Pay,940.27,Captured,13.16,GBP,Payment Gateway
PAY0001608,BKG001614,2026-05-23,Visa,602.27,Captured,10.84,GBP,Payment Gateway
PAY0001609,BKG001615,2023-11-20,Apple Pay,501,Captured,9.02,GBP,Payment Gateway
PAY0001610,BKG001615,2024-02-05,Mastercard,1503.01,Captured,27.05,GBP,Payment Gateway
PAY0001611,BKG001616,2026-05-14,American Express,2129.41,Captured,29.81,GBP,Payment Gateway
PAY0001612,BKG001617,2026-02-26,Mastercard,363.32,Captured,5.09,GBP,Payment Gateway
PAY0001613,BKG001618,2025-10-12,Visa,144.96,Captured,2.61,GBP,Payment Gateway
PAY0001614,BKG001618,2025-10-21,Mastercard,434.89,Captured,7.83,GBP,Payment Gateway
PAY0001615,BKG001619,2026-01-19,Mastercard,1013.76,Captured,16.22,GBP,Payment Gateway
PAY0001616,BKG001620,2025-03-24,American Express,741.56,Captured,8.9,GBP,Payment Gateway
PAY0001617,BKG001621,2025-04-06,Apple Pay,70.55,Captured,0.99,GBP,Payment Gateway
PAY0001618,BKG001621,2025-04-15,Mastercard,211.63,Captured,3.39,GBP,Payment Gateway
PAY0001619,BKG001622,2024-10-02,Mastercard,249.06,Captured,3.98,GBP,Payment Gateway
PAY0001620,BKG001623,2025-01-11,American Express,1010.7,Captured,14.15,GBP,Payment Gateway
PAY0001621,BKG001624,2025-05-10,Mastercard,171.63,Captured,2.4,GBP,Payment Gateway
PAY0001622,BKG001626,2025-07-25,Visa,746.23,Captured,11.94,GBP,Payment Gateway
PAY0001623,BKG001627,2024-08-17,Visa,433.24,Captured,6.93,GBP,Payment Gateway
PAY0001624,BKG001628,2024-08-12,Mastercard,66,Captured,0.92,GBP,Payment Gateway
PAY0001625,BKG001628,2024-08-28,Mastercard,197.99,Captured,3.56,GBP,Payment Gateway
PAY0001626,BKG001629,2024-06-15,Google Pay,790.24,Captured,14.22,GBP,Payment Gateway
PAY0001627,BKG001629,2024-07-16,Mastercard,2370.71,Captured,37.93,GBP,Payment Gateway
PAY0001628,BKG001630,2024-08-09,Google Pay,394.71,Captured,7.1,GBP,Payment Gateway
PAY0001629,BKG001631,2025-05-25,Google Pay,111.49,Captured,1.56,GBP,Payment Gateway
PAY0001630,BKG001631,2025-05-29,Visa,334.47,Captured,4.68,GBP,Payment Gateway
PAY0001631,BKG001632,2024-03-10,Visa,146.21,Captured,1.75,GBP,Payment Gateway
PAY0001632,BKG001633,2025-09-17,Apple Pay,376.35,Captured,5.27,GBP,Payment Gateway
PAY0001633,BKG001634,2024-11-15,Visa,335.55,Captured,5.37,GBP,Payment Gateway
PAY0001634,BKG001635,2025-08-06,American Express,903.32,Captured,14.45,GBP,Payment Gateway
PAY0001635,BKG001636,2024-02-26,Mastercard,151.45,Captured,1.82,GBP,Payment Gateway
PAY0001636,BKG001637,2026-07-18,Apple Pay,497.25,Captured,8.95,GBP,Payment Gateway
PAY0001637,BKG001638,2026-08-28,Cash,2318.4,Captured,0,GBP,Front Desk/PMS
PAY0001638,BKG001639,2026-05-04,Apple Pay,357.78,Captured,5.72,GBP,Payment Gateway
PAY0001639,BKG001640,2025-04-19,American Express,66.47,Captured,1.06,GBP,Payment Gateway
PAY0001640,BKG001640,2025-04-27,Bank Transfer,199.42,Captured,0,GBP,Payment Gateway
PAY0001641,BKG001641,2026-02-06,Apple Pay,93.51,Captured,1.12,GBP,Payment Gateway
PAY0001642,BKG001642,2025-07-24,Apple Pay,1200.38,Captured,19.21,GBP,Payment Gateway
PAY0001643,BKG001643,2025-02-20,Visa,53.03,Captured,0.64,GBP,Payment Gateway
PAY0001644,BKG001643,2025-03-03,Visa,159.09,Captured,2.23,GBP,Payment Gateway
PAY0001645,BKG001644,2026-07-27,Mastercard,1073.24,Captured,12.88,GBP,Payment Gateway
PAY0001646,BKG001645,2026-07-20,Mastercard,242.94,Captured,3.4,GBP,Payment Gateway
PAY0001647,BKG001647,2025-02-08,Visa,176.67,Captured,3.18,GBP,Payment Gateway
PAY0001648,BKG001647,2025-03-07,Cash,530.02,Captured,0,GBP,Front Desk/PMS
PAY0001649,BKG001649,2025-01-29,Google Pay,325.68,Captured,3.91,GBP,Payment Gateway
PAY0001650,BKG001650,2024-05-10,Bank Transfer,417.66,Captured,0,GBP,Payment Gateway
PAY0001651,BKG001651,2026-05-10,Mastercard,158.71,Captured,2.54,GBP,Payment Gateway
PAY0001652,BKG001652,2026-02-27,Mastercard,145.78,Captured,2.04,GBP,Payment Gateway
PAY0001653,BKG001653,2026-06-15,Visa,232.63,Captured,3.72,GBP,Payment Gateway
PAY0001654,BKG001654,2025-05-13,Mastercard,151.73,Captured,2.43,GBP,Payment Gateway
PAY0001655,BKG001655,2026-07-27,American Express,166.51,Captured,2,GBP,Payment Gateway
PAY0001656,BKG001657,2026-08-17,Mastercard,207.9,Captured,2.91,GBP,Payment Gateway
PAY0001657,BKG001658,2024-05-04,Visa,766.28,Captured,13.79,GBP,Payment Gateway
PAY0001658,BKG001659,2026-04-28,Visa,649.86,Captured,10.4,GBP,Payment Gateway
PAY0001659,BKG001660,2026-01-15,American Express,452.98,Captured,8.15,GBP,Payment Gateway
PAY0001660,BKG001661,2025-11-08,Visa,396.18,Captured,5.55,GBP,Payment Gateway
PAY0001661,BKG001662,2025-03-31,Bank Transfer,163.57,Captured,0,GBP,Payment Gateway
PAY0001662,BKG001663,2026-08-25,Visa,483.46,Captured,6.77,GBP,Payment Gateway
PAY0001663,BKG001664,2024-12-02,Visa,131.51,Captured,2.1,GBP,Payment Gateway
PAY0001664,BKG001665,2024-08-06,Apple Pay,519.44,Captured,8.31,GBP,Payment Gateway
PAY0001665,BKG001666,2024-10-15,Apple Pay,196.24,Captured,2.75,GBP,Payment Gateway
PAY0001666,BKG001667,2026-06-06,Mastercard,442.74,Captured,7.97,GBP,Payment Gateway
PAY0001667,BKG001668,2024-06-23,Visa,490.81,Captured,8.83,GBP,Payment Gateway
PAY0001668,BKG001668,2024-07-17,Cash,1472.43,Captured,0,GBP,Front Desk/PMS
PAY0001669,BKG001669,2024-05-20,Visa,477.76,Captured,5.73,GBP,Payment Gateway
PAY0001670,BKG001670,2025-07-23,Mastercard,732.6,Captured,13.19,GBP,Payment Gateway
PAY0001671,BKG001671,2024-08-17,Apple Pay,957.9,Captured,13.41,GBP,Payment Gateway
PAY0001672,BKG001672,2024-11-10,Mastercard,434.67,Captured,6.09,GBP,Payment Gateway
PAY0001673,BKG001673,2025-01-08,American Express,2399.5,Captured,33.59,GBP,Payment Gateway
PAY0001674,BKG001674,2025-12-23,Mastercard,562.45,Captured,6.75,GBP,Payment Gateway
PAY0001675,BKG001675,2024-07-18,Mastercard,62.69,Captured,0.75,GBP,Payment Gateway
PAY0001676,BKG001675,2024-08-01,Visa,188.07,Captured,3.39,GBP,Payment Gateway
PAY0001677,BKG001676,2026-06-03,Google Pay,750.4,Captured,9,GBP,Payment Gateway
PAY0001678,BKG001677,2025-09-17,Mastercard,70.08,Captured,1.26,GBP,Payment Gateway
PAY0001679,BKG001677,2025-10-25,Bank Transfer,210.25,Captured,0,GBP,Payment Gateway
PAY0001680,BKG001678,2025-01-17,Cash,1008.54,Captured,0,GBP,Front Desk/PMS
PAY0001681,BKG001679,2026-05-16,Visa,523.89,Captured,8.38,GBP,Payment Gateway
PAY0001682,BKG001680,2026-05-17,Mastercard,741.76,Captured,10.38,GBP,Payment Gateway
PAY0001683,BKG001681,2026-07-26,Cash,1181.27,Captured,0,GBP,Front Desk/PMS
PAY0001684,BKG001682,2024-09-08,Visa,160.81,Captured,2.89,GBP,Payment Gateway
PAY0001685,BKG001683,2026-02-09,American Express,446.16,Captured,7.14,GBP,Payment Gateway
PAY0001686,BKG001684,2025-09-27,American Express,148.59,Captured,2.08,GBP,Payment Gateway
PAY0001687,BKG001685,2026-07-29,Visa,221.79,Captured,3.99,GBP,Payment Gateway
PAY0001688,BKG001686,2025-07-23,Apple Pay,276.26,Captured,3.32,GBP,Payment Gateway
PAY0001689,BKG001687,2025-08-28,Mastercard,512.39,Captured,6.15,GBP,Payment Gateway
PAY0001690,BKG001688,2024-05-25,Mastercard,326.73,Captured,3.92,GBP,Payment Gateway
PAY0001691,BKG001689,2025-01-09,Visa,211.11,Captured,2.96,GBP,Payment Gateway
PAY0001692,BKG001690,2026-08-29,Visa,274.62,Captured,3.84,GBP,Payment Gateway
PAY0001693,BKG001691,2025-07-16,Apple Pay,756.61,Captured,10.59,GBP,Payment Gateway
PAY0001694,BKG001692,2026-06-27,Bank Transfer,616.8,Captured,0,GBP,Payment Gateway
PAY0001695,BKG001693,2024-08-24,Bank Transfer,617.64,Captured,0,GBP,Payment Gateway
PAY0001696,BKG001694,2025-11-01,Bank Transfer,228.02,Captured,0,GBP,Payment Gateway
PAY0001697,BKG001695,2025-04-20,Cash,422.55,Captured,0,GBP,Front Desk/PMS
PAY0001698,BKG001695,2025-06-16,Visa,1267.65,Captured,22.82,GBP,Payment Gateway
PAY0001699,BKG001697,2025-10-25,Mastercard,823.04,Captured,14.81,GBP,Payment Gateway
PAY0001700,BKG001698,2025-12-11,Google Pay,267.3,Captured,3.21,GBP,Payment Gateway
PAY0001701,BKG001699,2024-06-02,Mastercard,123.33,Captured,1.97,GBP,Payment Gateway
PAY0001702,BKG001699,2024-06-10,Google Pay,369.99,Captured,6.66,GBP,Payment Gateway
PAY0001703,BKG001700,2026-07-22,Mastercard,491.46,Captured,6.88,GBP,Payment Gateway
PAY0001704,BKG001701,2025-02-14,Visa,322.63,Captured,4.52,GBP,Payment Gateway
PAY0001705,BKG001702,2024-11-26,American Express,265.95,Captured,3.72,GBP,Payment Gateway
PAY0001706,BKG001702,2025-04-25,Bank Transfer,797.86,Captured,0,GBP,Payment Gateway
PAY0001707,BKG001704,2024-12-26,Visa,116.74,Captured,1.87,GBP,Payment Gateway
PAY0001708,BKG001705,2026-07-10,Mastercard,126.91,Captured,2.28,GBP,Payment Gateway
PAY0001709,BKG001706,2026-01-13,Mastercard,243.12,Captured,4.38,GBP,Payment Gateway
PAY0001710,BKG001707,2025-06-14,Visa,371.5,Captured,5.2,GBP,Payment Gateway
PAY0001711,BKG001708,2026-08-28,Visa,174.51,Captured,2.09,GBP,Payment Gateway
PAY0001712,BKG001709,2026-07-23,Apple Pay,525.02,Captured,9.45,GBP,Payment Gateway
PAY0001713,BKG001710,2024-11-15,Mastercard,165.78,Captured,2.32,GBP,Payment Gateway
PAY0001714,BKG001711,2025-02-24,Apple Pay,232.72,Captured,4.19,GBP,Payment Gateway
PAY0001715,BKG001712,2024-02-24,Bank Transfer,178.6,Captured,0,GBP,Payment Gateway
PAY0001716,BKG001712,2024-03-28,Visa,535.81,Captured,7.5,GBP,Payment Gateway
PAY0001717,BKG001713,2026-07-12,Visa,403.32,Captured,4.84,GBP,Payment Gateway
PAY0001718,BKG001714,2026-03-30,Visa,169.35,Captured,3.05,GBP,Payment Gateway
PAY0001719,BKG001714,2026-04-02,Mastercard,508.05,Captured,8.13,GBP,Payment Gateway
PAY0001720,BKG001715,2024-05-29,Mastercard,1296.96,Captured,15.56,GBP,Payment Gateway
PAY0001721,BKG001716,2025-02-14,Bank Transfer,63.45,Captured,0,GBP,Payment Gateway
PAY0001722,BKG001716,2025-03-11,Visa,190.37,Captured,2.67,GBP,Payment Gateway
PAY0001723,BKG001717,2024-10-21,Mastercard,144.6,Captured,2.6,GBP,Payment Gateway
PAY0001724,BKG001718,2025-03-18,Visa,159.85,Captured,2.24,GBP,Payment Gateway
PAY0001725,BKG001719,2026-08-14,Mastercard,1043.21,Captured,12.52,GBP,Payment Gateway
PAY0001726,BKG001720,2025-04-05,American Express,710.81,Captured,9.95,GBP,Payment Gateway
PAY0001727,BKG001721,2025-06-19,Apple Pay,290.92,Captured,4.65,GBP,Payment Gateway
PAY0001728,BKG001722,2025-11-23,Mastercard,320.26,Captured,4.48,GBP,Payment Gateway
PAY0001729,BKG001724,2025-09-08,Google Pay,491.37,Captured,7.86,GBP,Payment Gateway
PAY0001730,BKG001725,2025-02-13,Visa,135.15,Captured,1.89,GBP,Payment Gateway
PAY0001731,BKG001726,2026-08-07,Bank Transfer,700.06,Captured,0,GBP,Payment Gateway
PAY0001732,BKG001727,2024-04-17,Visa,291.04,Captured,4.07,GBP,Payment Gateway
PAY0001733,BKG001729,2025-01-29,Cash,245.61,Captured,0,GBP,Front Desk/PMS
PAY0001734,BKG001731,2024-11-14,Mastercard,549.97,Captured,6.6,GBP,Payment Gateway
PAY0001735,BKG001732,2026-02-13,Cash,166.93,Captured,0,GBP,Front Desk/PMS
PAY0001736,BKG001733,2025-04-28,Bank Transfer,70.19,Captured,0,GBP,Payment Gateway
PAY0001737,BKG001733,2025-05-12,Cash,210.56,Captured,0,GBP,Front Desk/PMS
PAY0001738,BKG001734,2026-04-20,Visa,163.16,Captured,2.61,GBP,Payment Gateway
PAY0001739,BKG001734,2026-05-16,Bank Transfer,489.5,Captured,0,GBP,Payment Gateway
PAY0001740,BKG001735,2023-12-06,Apple Pay,78.69,Captured,0.94,GBP,Payment Gateway
PAY0001741,BKG001735,2024-01-14,Visa,236.08,Captured,4.25,GBP,Payment Gateway
PAY0001742,BKG001736,2025-09-19,Apple Pay,603.14,Captured,7.24,GBP,Payment Gateway
PAY0001743,BKG001737,2026-02-18,Visa,543.14,Captured,6.52,GBP,Payment Gateway
PAY0001744,BKG001738,2024-06-24,Visa,159.13,Captured,2.55,GBP,Payment Gateway
PAY0001745,BKG001739,2024-08-02,American Express,1230.97,Captured,14.77,GBP,Payment Gateway
PAY0001746,BKG001740,2026-05-10,Google Pay,289.02,Captured,4.05,GBP,Payment Gateway
PAY0001747,BKG001741,2024-04-20,American Express,118.16,Captured,1.65,GBP,Payment Gateway
PAY0001748,BKG001743,2025-04-22,Visa,990.28,Captured,13.86,GBP,Payment Gateway
PAY0001749,BKG001744,2025-04-12,Mastercard,640.12,Captured,7.68,GBP,Payment Gateway
PAY0001750,BKG001745,2024-11-22,Mastercard,941.1,Captured,15.06,GBP,Payment Gateway
PAY0001751,BKG001746,2025-09-17,American Express,434.62,Captured,6.95,GBP,Payment Gateway
PAY0001752,BKG001748,2026-05-11,Mastercard,347.7,Captured,5.56,GBP,Payment Gateway
PAY0001753,BKG001749,2025-06-05,Bank Transfer,388.06,Captured,0,GBP,Payment Gateway
PAY0001754,BKG001750,2025-02-05,Apple Pay,161.7,Captured,1.94,GBP,Payment Gateway
PAY0001755,BKG001751,2026-06-02,Visa,207.68,Captured,3.74,GBP,Payment Gateway
PAY0001756,BKG001752,2026-08-04,Visa,708.28,Captured,12.75,GBP,Payment Gateway
PAY0001757,BKG001753,2025-08-19,American Express,216.59,Captured,2.6,GBP,Payment Gateway
PAY0001758,BKG001754,2024-06-11,Visa,274.26,Captured,3.84,GBP,Payment Gateway
PAY0001759,BKG001755,2025-05-10,Visa,712.52,Captured,8.55,GBP,Payment Gateway
PAY0001760,BKG001756,2025-11-25,Apple Pay,427.15,Captured,6.83,GBP,Payment Gateway
PAY0001761,BKG001757,2024-07-21,American Express,364.17,Captured,4.37,GBP,Payment Gateway
PAY0001762,BKG001758,2025-10-03,Mastercard,271.82,Captured,3.26,GBP,Payment Gateway
PAY0001763,BKG001758,2025-10-10,American Express,815.47,Captured,9.79,GBP,Payment Gateway
PAY0001764,BKG001759,2026-04-25,Mastercard,492.72,Captured,6.9,GBP,Payment Gateway
PAY0001765,BKG001760,2026-07-12,Visa,853.51,Captured,13.66,GBP,Payment Gateway
PAY0001766,BKG001761,2024-03-09,Mastercard,139.69,Captured,1.68,GBP,Payment Gateway
PAY0001767,BKG001763,2024-07-03,Mastercard,700.46,Captured,9.81,GBP,Payment Gateway
PAY0001768,BKG001764,2025-09-28,Bank Transfer,125.45,Captured,0,GBP,Payment Gateway
PAY0001769,BKG001765,2025-03-22,American Express,176.34,Captured,2.47,GBP,Payment Gateway
PAY0001770,BKG001766,2025-05-12,Bank Transfer,244.38,Captured,0,GBP,Payment Gateway
PAY0001771,BKG001767,2026-07-18,Google Pay,318.8,Captured,4.46,GBP,Payment Gateway
PAY0001772,BKG001768,2026-07-25,Bank Transfer,715.32,Captured,0,GBP,Payment Gateway
PAY0001773,BKG001769,2025-05-06,Apple Pay,582.64,Captured,10.49,GBP,Payment Gateway
PAY0001774,BKG001770,2025-10-28,Visa,142.26,Captured,1.71,GBP,Payment Gateway
PAY0001775,BKG001770,2025-11-05,Mastercard,426.77,Captured,5.12,GBP,Payment Gateway
PAY0001776,BKG001771,2024-03-20,Mastercard,559.67,Captured,8.95,GBP,Payment Gateway
PAY0001777,BKG001773,2025-03-16,Cash,377.91,Captured,0,GBP,Front Desk/PMS
PAY0001778,BKG001775,2025-05-23,Mastercard,743.1,Captured,11.89,GBP,Payment Gateway
PAY0001779,BKG001776,2026-03-31,Bank Transfer,109.58,Captured,0,GBP,Payment Gateway
PAY0001780,BKG001776,2026-04-09,Cash,328.73,Captured,0,GBP,Front Desk/PMS
PAY0001781,BKG001777,2025-08-22,Visa,593.52,Captured,7.12,GBP,Payment Gateway
PAY0001782,BKG001779,2026-04-03,Bank Transfer,113.99,Captured,0,GBP,Payment Gateway
PAY0001783,BKG001780,2026-03-22,Visa,129.27,Captured,1.81,GBP,Payment Gateway
PAY0001784,BKG001781,2024-02-10,Apple Pay,731.26,Captured,8.78,GBP,Payment Gateway
PAY0001785,BKG001783,2026-07-17,Mastercard,533.88,Captured,9.61,GBP,Payment Gateway
PAY0001786,BKG001784,2026-03-28,Mastercard,3095.33,Captured,43.33,GBP,Payment Gateway
PAY0001787,BKG001785,2026-03-26,Mastercard,800.56,Captured,9.61,GBP,Payment Gateway
PAY0001788,BKG001786,2025-09-11,Apple Pay,113.5,Captured,1.59,GBP,Payment Gateway
PAY0001789,BKG001787,2024-08-19,Apple Pay,79.12,Captured,1.11,GBP,Payment Gateway
PAY0001790,BKG001787,2024-09-04,American Express,237.35,Captured,2.85,GBP,Payment Gateway
PAY0001791,BKG001788,2024-02-21,Mastercard,139.94,Captured,1.68,GBP,Payment Gateway
PAY0001792,BKG001788,2024-03-10,Google Pay,419.83,Captured,5.04,GBP,Payment Gateway
PAY0001793,BKG001789,2025-06-01,Visa,422.61,Captured,6.76,GBP,Payment Gateway
PAY0001794,BKG001790,2024-03-01,American Express,282.79,Captured,3.96,GBP,Payment Gateway
PAY0001795,BKG001791,2026-06-09,American Express,774.96,Captured,9.3,GBP,Payment Gateway
PAY0001796,BKG001791,2026-08-10,Visa,2324.88,Captured,41.85,GBP,Payment Gateway
PAY0001797,BKG001792,2025-09-29,Visa,383.77,Captured,5.37,GBP,Payment Gateway
PAY0001798,BKG001793,2025-04-17,Mastercard,282.69,Captured,5.09,GBP,Payment Gateway
PAY0001799,BKG001794,2025-10-15,Visa,128,Captured,1.79,GBP,Payment Gateway
PAY0001800,BKG001795,2024-01-30,Visa,278.13,Captured,5.01,GBP,Payment Gateway
PAY0001801,BKG001796,2024-09-14,Visa,728.62,Captured,10.2,GBP,Payment Gateway
PAY0001802,BKG001797,2025-07-31,Mastercard,377.24,Captured,5.28,GBP,Payment Gateway
PAY0001803,BKG001798,2025-08-06,American Express,426.22,Captured,6.82,GBP,Payment Gateway
PAY0001804,BKG001800,2025-12-07,Visa,119.95,Captured,1.44,GBP,Payment Gateway
PAY0001805,BKG001801,2026-04-16,American Express,182.03,Captured,2.18,GBP,Payment Gateway
PAY0001806,BKG001803,2024-11-08,Visa,120.82,Captured,1.69,GBP,Payment Gateway
PAY0001807,BKG001804,2024-02-24,Visa,953.44,Captured,17.16,GBP,Payment Gateway
PAY0001808,BKG001805,2026-05-15,Cash,121.8,Captured,0,GBP,Front Desk/PMS
PAY0001809,BKG001805,2026-07-13,Visa,365.4,Captured,5.12,GBP,Payment Gateway
PAY0001810,BKG001806,2026-07-31,Visa,1763.84,Captured,21.17,GBP,Payment Gateway
PAY0001811,BKG001807,2024-09-13,Mastercard,104.77,Captured,1.68,GBP,Payment Gateway
PAY0001812,BKG001807,2024-10-20,Visa,314.31,Captured,5.03,GBP,Payment Gateway
PAY0001813,BKG001808,2025-07-16,Mastercard,297.89,Captured,5.36,GBP,Payment Gateway
PAY0001814,BKG001809,2024-05-30,Cash,205.93,Captured,0,GBP,Front Desk/PMS
PAY0001815,BKG001810,2024-06-26,American Express,439.59,Captured,6.15,GBP,Payment Gateway
PAY0001816,BKG001811,2024-05-24,American Express,370.11,Captured,5.92,GBP,Payment Gateway
PAY0001817,BKG001812,2024-06-05,Mastercard,147.92,Captured,2.66,GBP,Payment Gateway
PAY0001818,BKG001813,2024-05-10,Mastercard,144.8,Captured,2.61,GBP,Payment Gateway
PAY0001819,BKG001814,2024-08-16,Google Pay,281.24,Captured,3.37,GBP,Payment Gateway
PAY0001820,BKG001815,2024-09-06,American Express,199.58,Captured,3.19,GBP,Payment Gateway
PAY0001821,BKG001816,2026-03-02,Mastercard,280.81,Captured,4.49,GBP,Payment Gateway
PAY0001822,BKG001819,2026-05-18,Apple Pay,145.95,Captured,2.63,GBP,Payment Gateway
PAY0001823,BKG001820,2025-05-12,Mastercard,152.57,Captured,2.75,GBP,Payment Gateway
PAY0001824,BKG001822,2025-11-11,American Express,675.05,Captured,8.1,GBP,Payment Gateway
PAY0001825,BKG001823,2024-03-12,American Express,541.5,Captured,7.58,GBP,Payment Gateway
PAY0001826,BKG001824,2025-08-06,Visa,813.78,Captured,13.02,GBP,Payment Gateway
PAY0001827,BKG001825,2024-07-23,American Express,262.56,Captured,4.73,GBP,Payment Gateway
PAY0001828,BKG001826,2024-12-20,American Express,452.72,Captured,8.15,GBP,Payment Gateway
PAY0001829,BKG001827,2025-09-29,Cash,761.88,Captured,0,GBP,Front Desk/PMS
PAY0001830,BKG001828,2025-08-11,Mastercard,711.56,Captured,8.54,GBP,Payment Gateway
PAY0001831,BKG001829,2024-01-27,Apple Pay,1479.57,Captured,26.63,GBP,Payment Gateway
PAY0001832,BKG001830,2024-05-27,Mastercard,126.08,Captured,1.77,GBP,Payment Gateway
PAY0001833,BKG001830,2024-05-27,Mastercard,378.25,Captured,6.05,GBP,Payment Gateway
PAY0001834,BKG001831,2024-07-02,Bank Transfer,581.34,Captured,0,GBP,Payment Gateway
PAY0001835,BKG001832,2025-12-05,American Express,362.68,Captured,5.8,GBP,Payment Gateway
PAY0001836,BKG001833,2024-12-24,Mastercard,121.84,Captured,2.19,GBP,Payment Gateway
PAY0001837,BKG001834,2024-07-29,Visa,678.6,Captured,12.21,GBP,Payment Gateway
PAY0001838,BKG001835,2024-08-02,Apple Pay,134.43,Captured,1.61,GBP,Payment Gateway
PAY0001839,BKG001835,2024-08-18,Mastercard,403.28,Captured,5.65,GBP,Payment Gateway
PAY0001840,BKG001836,2024-04-03,Cash,126.89,Captured,0,GBP,Front Desk/PMS
PAY0001841,BKG001837,2024-03-15,Apple Pay,95.45,Captured,1.15,GBP,Payment Gateway
PAY0001842,BKG001838,2026-04-15,Visa,207.57,Captured,2.91,GBP,Payment Gateway
PAY0001843,BKG001839,2026-05-17,Visa,690.32,Captured,11.05,GBP,Payment Gateway
PAY0001844,BKG001840,2024-12-31,Visa,339.34,Captured,4.07,GBP,Payment Gateway
PAY0001845,BKG001841,2026-04-13,American Express,456.27,Captured,8.21,GBP,Payment Gateway
PAY0001846,BKG001842,2026-05-28,Mastercard,444.09,Captured,5.33,GBP,Payment Gateway
PAY0001847,BKG001843,2024-10-16,Google Pay,151.97,Captured,2.43,GBP,Payment Gateway
PAY0001848,BKG001844,2024-10-26,Mastercard,121.58,Captured,2.19,GBP,Payment Gateway
PAY0001849,BKG001846,2025-12-05,Visa,224.1,Captured,4.03,GBP,Payment Gateway
PAY0001850,BKG001849,2024-05-03,Visa,149.7,Captured,2.1,GBP,Payment Gateway
PAY0001851,BKG001850,2024-06-06,Apple Pay,75.55,Captured,1.36,GBP,Payment Gateway
PAY0001852,BKG001850,2024-07-12,Visa,226.64,Captured,2.72,GBP,Payment Gateway
PAY0001853,BKG001851,2024-12-14,American Express,107.23,Captured,1.5,GBP,Payment Gateway
PAY0001854,BKG001852,2026-07-14,Visa,734.12,Captured,13.21,GBP,Payment Gateway
PAY0001855,BKG001853,2026-08-10,Bank Transfer,337.22,Captured,0,GBP,Payment Gateway
PAY0001856,BKG001855,2025-04-04,Visa,111.29,Captured,2,GBP,Payment Gateway
PAY0001857,BKG001856,2025-06-05,Mastercard,121.38,Captured,2.18,GBP,Payment Gateway
PAY0001858,BKG001858,2024-06-02,Mastercard,109.5,Captured,1.97,GBP,Payment Gateway
PAY0001859,BKG001858,2024-06-02,Visa,328.49,Captured,5.91,GBP,Payment Gateway
PAY0001860,BKG001859,2026-06-05,Cash,332.14,Captured,0,GBP,Front Desk/PMS
PAY0001861,BKG001860,2025-08-24,Visa,156.68,Captured,1.88,GBP,Payment Gateway
PAY0001862,BKG001861,2024-07-26,Visa,322.42,Captured,3.87,GBP,Payment Gateway
PAY0001863,BKG001862,2025-10-07,Bank Transfer,268.4,Captured,0,GBP,Payment Gateway
PAY0001864,BKG001863,2025-09-15,Visa,552.28,Captured,8.84,GBP,Payment Gateway
PAY0001865,BKG001864,2025-12-18,Visa,549.2,Captured,6.59,GBP,Payment Gateway
PAY0001866,BKG001865,2024-12-12,Mastercard,242.05,Captured,4.36,GBP,Payment Gateway
PAY0001867,BKG001866,2024-03-02,Visa,692.84,Captured,11.09,GBP,Payment Gateway
PAY0001868,BKG001867,2026-04-22,Mastercard,234.52,Captured,3.75,GBP,Payment Gateway
PAY0001869,BKG001869,2024-07-06,Mastercard,228.96,Captured,2.75,GBP,Payment Gateway
PAY0001870,BKG001870,2026-08-25,American Express,150.22,Captured,2.1,GBP,Payment Gateway
PAY0001871,BKG001871,2025-12-31,Visa,147.03,Captured,2.06,GBP,Payment Gateway
PAY0001872,BKG001871,2025-12-31,Visa,441.08,Captured,7.94,GBP,Payment Gateway
PAY0001873,BKG001872,2025-04-02,Apple Pay,1404.98,Captured,16.86,GBP,Payment Gateway
PAY0001874,BKG001873,2025-04-18,Mastercard,323.25,Captured,5.17,GBP,Payment Gateway
PAY0001875,BKG001874,2026-02-05,Visa,1430.96,Captured,25.76,GBP,Payment Gateway
PAY0001876,BKG001875,2026-04-06,Visa,111.73,Captured,1.56,GBP,Payment Gateway
PAY0001877,BKG001876,2025-08-27,Bank Transfer,564.19,Captured,0,GBP,Payment Gateway
PAY0001878,BKG001877,2026-01-28,Visa,326.62,Captured,5.23,GBP,Payment Gateway
PAY0001879,BKG001878,2025-03-12,Mastercard,197.82,Captured,3.56,GBP,Payment Gateway
PAY0001880,BKG001879,2026-07-12,Cash,118.53,Captured,0,GBP,Front Desk/PMS
PAY0001881,BKG001879,2026-07-21,Cash,355.6,Captured,0,GBP,Front Desk/PMS
PAY0001882,BKG001881,2026-05-30,Visa,746.75,Captured,10.45,GBP,Payment Gateway
PAY0001883,BKG001882,2025-09-20,Mastercard,123.48,Captured,2.22,GBP,Payment Gateway
PAY0001884,BKG001883,2024-07-12,Mastercard,165.83,Captured,2.65,GBP,Payment Gateway
PAY0001885,BKG001884,2025-10-11,Mastercard,155.36,Captured,1.86,GBP,Payment Gateway
PAY0001886,BKG001886,2025-04-22,Visa,150.11,Captured,2.4,GBP,Payment Gateway
PAY0001887,BKG001888,2026-04-30,Apple Pay,196.38,Captured,3.53,GBP,Payment Gateway
PAY0001888,BKG001889,2024-08-03,Visa,167.46,Captured,2.68,GBP,Payment Gateway
PAY0001889,BKG001889,2024-11-09,Cash,502.38,Captured,0,GBP,Front Desk/PMS
PAY0001890,BKG001890,2026-02-19,Mastercard,855.66,Captured,15.4,GBP,Payment Gateway
PAY0001891,BKG001891,2025-12-17,Mastercard,343.54,Captured,4.12,GBP,Payment Gateway
PAY0001892,BKG001892,2024-08-16,Apple Pay,157.02,Captured,1.88,GBP,Payment Gateway
PAY0001893,BKG001892,2024-09-01,Visa,471.05,Captured,7.54,GBP,Payment Gateway
PAY0001894,BKG001893,2025-02-08,Visa,359.12,Captured,6.46,GBP,Payment Gateway
PAY0001895,BKG001894,2026-01-12,Apple Pay,75.54,Captured,1.06,GBP,Payment Gateway
PAY0001896,BKG001894,2026-01-27,Bank Transfer,226.62,Captured,0,GBP,Payment Gateway
PAY0001897,BKG001895,2025-02-25,Visa,102.56,Captured,1.44,GBP,Payment Gateway
PAY0001898,BKG001895,2025-03-08,Mastercard,307.67,Captured,4.31,GBP,Payment Gateway
PAY0001899,BKG001897,2025-07-09,Visa,178.61,Captured,2.86,GBP,Payment Gateway
PAY0001900,BKG001899,2025-12-16,Mastercard,146.64,Captured,1.76,GBP,Payment Gateway
PAY0001901,BKG001900,2025-05-20,Bank Transfer,337.34,Captured,0,GBP,Payment Gateway
PAY0001902,BKG001901,2024-03-02,Apple Pay,335.31,Captured,5.36,GBP,Payment Gateway
PAY0001903,BKG001902,2024-06-15,Mastercard,215.96,Captured,3.02,GBP,Payment Gateway
PAY0001904,BKG001904,2026-06-08,Mastercard,244.85,Captured,3.43,GBP,Payment Gateway
PAY0001905,BKG001904,2026-07-06,Visa,734.55,Captured,13.22,GBP,Payment Gateway
PAY0001906,BKG001905,2025-11-11,Mastercard,407.58,Captured,6.52,GBP,Payment Gateway
PAY0001907,BKG001906,2024-08-25,Cash,438.06,Captured,0,GBP,Front Desk/PMS
PAY0001908,BKG001907,2024-11-24,Mastercard,1485.47,Captured,26.74,GBP,Payment Gateway
PAY0001909,BKG001908,2025-07-20,Visa,399.88,Captured,7.2,GBP,Payment Gateway
PAY0001910,BKG001909,2024-02-10,Mastercard,348.81,Captured,4.88,GBP,Payment Gateway
PAY0001911,BKG001910,2026-03-20,Visa,174.51,Captured,3.14,GBP,Payment Gateway
PAY0001912,BKG001911,2024-11-12,Google Pay,397.93,Captured,6.37,GBP,Payment Gateway
PAY0001913,BKG001912,2025-02-14,Mastercard,147,Captured,2.65,GBP,Payment Gateway
PAY0001914,BKG001913,2026-03-25,Visa,271.67,Captured,4.89,GBP,Payment Gateway
PAY0001915,BKG001914,2026-07-18,Mastercard,364.51,Captured,5.1,GBP,Payment Gateway
PAY0001916,BKG001915,2024-01-06,Mastercard,377.64,Captured,6.8,GBP,Payment Gateway
PAY0001917,BKG001916,2025-06-01,Mastercard,491.38,Captured,6.88,GBP,Payment Gateway
PAY0001918,BKG001917,2025-02-20,Mastercard,490.62,Captured,8.83,GBP,Payment Gateway
PAY0001919,BKG001918,2024-07-01,Visa,325.99,Captured,5.87,GBP,Payment Gateway
PAY0001920,BKG001919,2024-07-03,Apple Pay,725.64,Captured,8.71,GBP,Payment Gateway
PAY0001921,BKG001920,2024-05-29,Mastercard,349.88,Captured,4.9,GBP,Payment Gateway
PAY0001922,BKG001921,2025-09-02,Cash,271.52,Captured,0,GBP,Front Desk/PMS
PAY0001923,BKG001922,2024-01-14,Visa,138.9,Captured,2.22,GBP,Payment Gateway
PAY0001924,BKG001923,2024-07-08,Visa,472.19,Captured,5.67,GBP,Payment Gateway
PAY0001925,BKG001924,2024-07-21,Visa,59.83,Captured,0.96,GBP,Payment Gateway
PAY0001926,BKG001924,2024-07-29,Apple Pay,179.48,Captured,3.23,GBP,Payment Gateway
PAY0001927,BKG001925,2025-03-26,Visa,103.19,Captured,1.44,GBP,Payment Gateway
PAY0001928,BKG001925,2025-04-14,Bank Transfer,309.56,Captured,0,GBP,Payment Gateway
PAY0001929,BKG001926,2025-06-26,Cash,217.62,Captured,0,GBP,Front Desk/PMS
PAY0001930,BKG001928,2025-05-03,Mastercard,115.03,Captured,1.38,GBP,Payment Gateway
PAY0001931,BKG001928,2025-05-28,Visa,345.08,Captured,6.21,GBP,Payment Gateway
PAY0001932,BKG001929,2024-06-05,Mastercard,213.09,Captured,3.41,GBP,Payment Gateway
PAY0001933,BKG001930,2026-07-23,Mastercard,462.21,Captured,7.4,GBP,Payment Gateway
PAY0001934,BKG001931,2026-08-18,Cash,125.81,Captured,0,GBP,Front Desk/PMS
PAY0001935,BKG001932,2026-02-10,Cash,393.36,Captured,0,GBP,Front Desk/PMS
PAY0001936,BKG001933,2025-02-03,Google Pay,147.9,Captured,2.07,GBP,Payment Gateway
PAY0001937,BKG001934,2026-05-20,Cash,310.87,Captured,0,GBP,Front Desk/PMS
PAY0001938,BKG001934,2026-07-03,Visa,932.61,Captured,14.92,GBP,Payment Gateway
PAY0001939,BKG001935,2024-03-15,Apple Pay,49.33,Captured,0.69,GBP,Payment Gateway
PAY0001940,BKG001935,2024-04-06,Visa,147.99,Captured,2.07,GBP,Payment Gateway
PAY0001941,BKG001937,2025-09-14,Mastercard,158.45,Captured,1.9,GBP,Payment Gateway
PAY0001942,BKG001938,2025-05-28,American Express,2064.31,Captured,24.77,GBP,Payment Gateway
PAY0001943,BKG001939,2025-05-31,American Express,496.3,Captured,5.96,GBP,Payment Gateway
PAY0001944,BKG001940,2025-10-28,Visa,139.89,Captured,2.24,GBP,Payment Gateway
PAY0001945,BKG001940,2025-10-28,Mastercard,419.66,Captured,7.55,GBP,Payment Gateway
PAY0001946,BKG001941,2026-03-15,Cash,274.12,Captured,0,GBP,Front Desk/PMS
PAY0001947,BKG001942,2025-03-21,American Express,312.77,Captured,5.63,GBP,Payment Gateway
PAY0001948,BKG001943,2025-06-12,Visa,291.4,Captured,4.66,GBP,Payment Gateway
PAY0001949,BKG001944,2026-01-27,Visa,56.36,Captured,0.68,GBP,Payment Gateway
PAY0001950,BKG001945,2025-09-19,Mastercard,454.56,Captured,8.18,GBP,Payment Gateway
PAY0001951,BKG001946,2026-07-25,Google Pay,356.88,Captured,5.71,GBP,Payment Gateway
PAY0001952,BKG001947,2024-07-21,Bank Transfer,405.61,Captured,0,GBP,Payment Gateway
PAY0001953,BKG001949,2025-02-26,Visa,268.77,Captured,4.3,GBP,Payment Gateway
PAY0001954,BKG001950,2025-06-14,American Express,1157.7,Captured,16.21,GBP,Payment Gateway
PAY0001955,BKG001951,2026-01-30,Mastercard,107.06,Captured,1.71,GBP,Payment Gateway
PAY0001956,BKG001952,2025-06-09,Apple Pay,244.55,Captured,4.4,GBP,Payment Gateway
PAY0001957,BKG001953,2025-05-23,Visa,615.61,Captured,11.08,GBP,Payment Gateway
PAY0001958,BKG001954,2026-03-05,Cash,147.67,Captured,0,GBP,Front Desk/PMS
PAY0001959,BKG001955,2024-11-10,American Express,99.56,Captured,1.79,GBP,Payment Gateway
PAY0001960,BKG001958,2024-08-18,Apple Pay,352.34,Captured,4.23,GBP,Payment Gateway
PAY0001961,BKG001959,2025-12-08,American Express,410.5,Captured,5.75,GBP,Payment Gateway
PAY0001962,BKG001960,2024-04-19,Bank Transfer,267.99,Captured,0,GBP,Payment Gateway
PAY0001963,BKG001962,2024-12-03,Mastercard,184.6,Captured,2.22,GBP,Payment Gateway
PAY0001964,BKG001963,2026-02-06,Mastercard,194.17,Captured,3.11,GBP,Payment Gateway
PAY0001965,BKG001964,2024-08-11,Cash,1232.7,Captured,0,GBP,Front Desk/PMS
PAY0001966,BKG001965,2025-02-26,Visa,500.52,Captured,7.01,GBP,Payment Gateway
PAY0001967,BKG001966,2025-07-28,Mastercard,176.22,Captured,3.17,GBP,Payment Gateway
PAY0001968,BKG001967,2024-09-03,Visa,218.16,Captured,3.05,GBP,Payment Gateway
PAY0001969,BKG001967,2024-10-11,Bank Transfer,654.47,Captured,0,GBP,Payment Gateway
PAY0001970,BKG001968,2024-02-26,Apple Pay,86.21,Captured,1.03,GBP,Payment Gateway
PAY0001971,BKG001969,2024-12-03,Mastercard,302.2,Captured,4.23,GBP,Payment Gateway
PAY0001972,BKG001970,2026-06-07,Visa,158.35,Captured,2.85,GBP,Payment Gateway
PAY0001973,BKG001971,2024-08-24,Visa,969.65,Captured,11.64,GBP,Payment Gateway
PAY0001974,BKG001972,2025-07-18,Google Pay,159.04,Captured,2.86,GBP,Payment Gateway
PAY0001975,BKG001973,2026-04-28,Visa,168.7,Captured,3.04,GBP,Payment Gateway
PAY0001976,BKG001975,2024-11-21,Visa,170.29,Captured,2.38,GBP,Payment Gateway
PAY0001977,BKG001976,2024-08-06,Visa,101.68,Captured,1.42,GBP,Payment Gateway
PAY0001978,BKG001977,2025-12-02,Mastercard,600.9,Captured,8.41,GBP,Payment Gateway
PAY0001979,BKG001978,2025-06-03,Visa,94.23,Captured,1.32,GBP,Payment Gateway
PAY0001980,BKG001978,2025-06-21,Visa,282.7,Captured,5.09,GBP,Payment Gateway
PAY0001981,BKG001979,2025-12-19,Visa,1172.85,Captured,18.77,GBP,Payment Gateway
PAY0001982,BKG001980,2026-06-06,American Express,173.26,Captured,2.43,GBP,Payment Gateway
PAY0001983,BKG001981,2025-05-11,Visa,157.34,Captured,2.2,GBP,Payment Gateway
PAY0001984,BKG001982,2025-08-24,American Express,511.46,Captured,6.14,GBP,Payment Gateway
PAY0001985,BKG001983,2025-08-15,Apple Pay,272.18,Captured,3.27,GBP,Payment Gateway
PAY0001986,BKG001984,2025-04-17,American Express,433.5,Captured,6.94,GBP,Payment Gateway
PAY0001987,BKG001985,2024-04-21,Apple Pay,220.72,Captured,2.65,GBP,Payment Gateway
PAY0001988,BKG001986,2026-03-18,Visa,124.19,Captured,2.24,GBP,Payment Gateway
PAY0001989,BKG001987,2024-03-17,Mastercard,258.58,Captured,4.65,GBP,Payment Gateway
PAY0001990,BKG001988,2026-03-31,Visa,320.92,Captured,3.85,GBP,Payment Gateway
PAY0001991,BKG001991,2026-07-11,Bank Transfer,137.16,Captured,0,GBP,Payment Gateway
PAY0001992,BKG001992,2026-04-12,Visa,393.54,Captured,6.3,GBP,Payment Gateway
PAY0001993,BKG001993,2025-02-25,Mastercard,79.98,Captured,1.12,GBP,Payment Gateway
PAY0001994,BKG001993,2025-03-20,Mastercard,239.94,Captured,2.88,GBP,Payment Gateway
PAY0001995,BKG001994,2024-05-01,Apple Pay,398.97,Captured,7.18,GBP,Payment Gateway
PAY0001996,BKG001995,2024-05-13,Apple Pay,448.96,Captured,6.29,GBP,Payment Gateway
PAY0001997,BKG001996,2024-10-20,Visa,270.54,Captured,3.79,GBP,Payment Gateway
PAY0001998,BKG001997,2024-02-17,Apple Pay,1106.43,Captured,13.28,GBP,Payment Gateway
PAY0001999,BKG001998,2025-03-11,Visa,634.69,Captured,7.62,GBP,Payment Gateway
PAY0002000,BKG001999,2026-06-18,Apple Pay,919.2,Captured,16.55,GBP,Payment Gateway
PAY0002001,BKG001999,2026-07-05,Visa,2757.59,Captured,33.09,GBP,Payment Gateway
PAY0002002,BKG002000,2024-07-24,American Express,152.86,Captured,2.45,GBP,Payment Gateway
PAY0002003,BKG002001,2026-07-08,Google Pay,160.51,Captured,1.93,GBP,Payment Gateway
PAY0002004,BKG002002,2025-11-15,Visa,135.01,Captured,2.16,GBP,Payment Gateway
PAY0002005,BKG002002,2025-12-13,Bank Transfer,405.02,Captured,0,GBP,Payment Gateway
PAY0002006,BKG002004,2025-10-15,Mastercard,186.47,Captured,2.24,GBP,Payment Gateway
PAY0002007,BKG002005,2024-02-02,Apple Pay,136.3,Captured,1.91,GBP,Payment Gateway
PAY0002008,BKG002005,2024-02-03,Bank Transfer,408.9,Captured,0,GBP,Payment Gateway
PAY0002009,BKG002006,2025-11-09,Visa,254.66,Captured,4.58,GBP,Payment Gateway
PAY0002010,BKG002008,2026-03-13,Google Pay,480.63,Captured,8.65,GBP,Payment Gateway
PAY0002011,BKG002010,2026-03-06,Google Pay,136.4,Captured,1.64,GBP,Payment Gateway
PAY0002012,BKG002011,2024-02-20,American Express,60.2,Captured,1.08,GBP,Payment Gateway
PAY0002013,BKG002011,2024-03-19,Cash,180.59,Captured,0,GBP,Front Desk/PMS
PAY0002014,BKG002013,2024-08-01,Visa,2611.63,Captured,47.01,GBP,Payment Gateway
PAY0002015,BKG002014,2024-06-16,Visa,231.29,Captured,4.16,GBP,Payment Gateway
PAY0002016,BKG002015,2025-04-14,Visa,192.53,Captured,2.7,GBP,Payment Gateway
PAY0002017,BKG002015,2025-04-30,Mastercard,577.59,Captured,8.09,GBP,Payment Gateway
PAY0002018,BKG002016,2024-12-24,Bank Transfer,141.64,Captured,0,GBP,Payment Gateway
PAY0002019,BKG002017,2024-07-30,Google Pay,430.47,Captured,6.03,GBP,Payment Gateway
PAY0002020,BKG002018,2024-06-29,Visa,126.06,Captured,1.51,GBP,Payment Gateway
PAY0002021,BKG002019,2025-09-13,Apple Pay,556.32,Captured,8.9,GBP,Payment Gateway
PAY0002022,BKG002020,2025-12-21,Mastercard,73.97,Captured,1.33,GBP,Payment Gateway
PAY0002023,BKG002020,2025-12-25,Cash,221.92,Captured,0,GBP,Front Desk/PMS
PAY0002024,BKG002022,2025-07-06,Visa,75.45,Captured,1.06,GBP,Payment Gateway
PAY0002025,BKG002022,2025-07-17,Visa,226.35,Captured,2.72,GBP,Payment Gateway
PAY0002026,BKG002023,2025-12-03,Mastercard,819.6,Captured,11.47,GBP,Payment Gateway
PAY0002027,BKG002025,2024-12-08,Apple Pay,456.17,Captured,5.47,GBP,Payment Gateway
PAY0002028,BKG002026,2026-04-23,Visa,831.4,Captured,11.64,GBP,Payment Gateway
PAY0002029,BKG002027,2025-08-29,Visa,522.03,Captured,6.26,GBP,Payment Gateway
PAY0002030,BKG002028,2024-03-27,Google Pay,523.94,Captured,6.29,GBP,Payment Gateway
PAY0002031,BKG002029,2024-09-08,Mastercard,287.18,Captured,5.17,GBP,Payment Gateway
PAY0002032,BKG002030,2026-06-19,Mastercard,61.2,Captured,1.1,GBP,Payment Gateway
PAY0002033,BKG002030,2026-07-14,Apple Pay,183.59,Captured,2.94,GBP,Payment Gateway
PAY0002034,BKG002032,2025-05-18,Visa,356.44,Captured,4.99,GBP,Payment Gateway
PAY0002035,BKG002033,2024-07-14,Cash,154.31,Captured,0,GBP,Front Desk/PMS
PAY0002036,BKG002035,2026-07-10,Bank Transfer,606.98,Captured,0,GBP,Payment Gateway
PAY0002037,BKG002036,2026-04-11,Visa,755.76,Captured,12.09,GBP,Payment Gateway
PAY0002038,BKG002038,2025-06-12,Visa,1494.2,Captured,17.93,GBP,Payment Gateway
PAY0002039,BKG002039,2024-05-08,Google Pay,140.67,Captured,2.25,GBP,Payment Gateway
PAY0002040,BKG002040,2024-05-21,Visa,1291.68,Captured,18.08,GBP,Payment Gateway
PAY0002041,BKG002041,2025-01-28,Mastercard,76.88,Captured,1.08,GBP,Payment Gateway
PAY0002042,BKG002041,2025-01-29,Bank Transfer,230.62,Captured,0,GBP,Payment Gateway
PAY0002043,BKG002042,2024-06-15,Visa,62.32,Captured,0.75,GBP,Payment Gateway
PAY0002044,BKG002042,2024-06-24,Visa,186.97,Captured,2.24,GBP,Payment Gateway
PAY0002045,BKG002043,2025-09-06,Mastercard,678.25,Captured,8.14,GBP,Payment Gateway
PAY0002046,BKG002044,2025-12-02,Cash,294.66,Captured,0,GBP,Front Desk/PMS
PAY0002047,BKG002045,2024-10-16,Mastercard,141.68,Captured,1.98,GBP,Payment Gateway
PAY0002048,BKG002045,2024-11-12,Visa,425.03,Captured,5.1,GBP,Payment Gateway
PAY0002049,BKG002047,2024-02-05,Apple Pay,327.32,Captured,5.24,GBP,Payment Gateway
PAY0002050,BKG002048,2024-03-16,Visa,430.95,Captured,6.03,GBP,Payment Gateway
PAY0002051,BKG002049,2025-05-29,Mastercard,259.81,Captured,4.16,GBP,Payment Gateway
PAY0002052,BKG002050,2025-08-31,Mastercard,447.89,Captured,5.37,GBP,Payment Gateway
PAY0002053,BKG002054,2024-05-26,Apple Pay,382.19,Captured,6.88,GBP,Payment Gateway
PAY0002054,BKG002055,2024-03-11,Visa,675.36,Captured,12.16,GBP,Payment Gateway
PAY0002055,BKG002056,2025-06-03,Mastercard,86.52,Captured,1.04,GBP,Payment Gateway
PAY0002056,BKG002056,2025-06-23,Apple Pay,259.55,Captured,4.67,GBP,Payment Gateway
PAY0002057,BKG002058,2024-12-25,Mastercard,624.4,Captured,11.24,GBP,Payment Gateway
PAY0002058,BKG002059,2026-04-30,Mastercard,435.98,Captured,6.1,GBP,Payment Gateway
PAY0002059,BKG002060,2025-03-21,Bank Transfer,1129.83,Captured,0,GBP,Payment Gateway
PAY0002060,BKG002061,2024-12-02,Visa,60.67,Captured,0.85,GBP,Payment Gateway
PAY0002061,BKG002061,2024-12-22,Visa,182.01,Captured,2.18,GBP,Payment Gateway
PAY0002062,BKG002062,2024-06-26,American Express,204.95,Captured,3.69,GBP,Payment Gateway
PAY0002063,BKG002063,2026-05-30,Visa,644.68,Captured,11.6,GBP,Payment Gateway
PAY0002064,BKG002064,2025-08-08,Visa,87.73,Captured,1.05,GBP,Payment Gateway
PAY0002065,BKG002064,2025-08-08,Apple Pay,263.2,Captured,4.21,GBP,Payment Gateway
PAY0002066,BKG002065,2025-04-13,Visa,319.3,Captured,3.83,GBP,Payment Gateway
PAY0002067,BKG002066,2024-08-31,Mastercard,60.94,Captured,0.98,GBP,Payment Gateway
PAY0002068,BKG002066,2024-09-19,Visa,182.81,Captured,2.56,GBP,Payment Gateway
PAY0002069,BKG002067,2024-08-25,Mastercard,890.03,Captured,10.68,GBP,Payment Gateway
PAY0002070,BKG002068,2026-06-28,Cash,815.07,Captured,0,GBP,Front Desk/PMS
PAY0002071,BKG002069,2024-04-16,American Express,528.76,Captured,9.52,GBP,Payment Gateway
PAY0002072,BKG002070,2024-03-12,Mastercard,182.5,Captured,2.92,GBP,Payment Gateway
PAY0002073,BKG002071,2024-09-25,Mastercard,3975.9,Captured,63.61,GBP,Payment Gateway
PAY0002074,BKG002072,2024-02-08,Visa,188.79,Captured,2.64,GBP,Payment Gateway
PAY0002075,BKG002073,2024-09-18,Mastercard,412.26,Captured,4.95,GBP,Payment Gateway
PAY0002076,BKG002074,2025-12-05,Visa,281.7,Captured,5.07,GBP,Payment Gateway
PAY0002077,BKG002075,2024-01-21,Mastercard,284.95,Captured,5.13,GBP,Payment Gateway
PAY0002078,BKG002075,2024-03-06,Mastercard,854.86,Captured,11.97,GBP,Payment Gateway
PAY0002079,BKG002076,2026-06-02,Apple Pay,1177.56,Captured,14.13,GBP,Payment Gateway
PAY0002080,BKG002077,2024-10-11,Bank Transfer,504.53,Captured,0,GBP,Payment Gateway
PAY0002081,BKG002078,2024-09-18,Cash,512.93,Captured,0,GBP,Front Desk/PMS
PAY0002082,BKG002079,2025-05-31,Visa,259.38,Captured,4.15,GBP,Payment Gateway
PAY0002083,BKG002080,2024-01-08,Cash,807.39,Captured,0,GBP,Front Desk/PMS
PAY0002084,BKG002081,2024-10-29,Visa,525.53,Captured,6.31,GBP,Payment Gateway
PAY0002085,BKG002082,2024-09-27,Mastercard,359.71,Captured,4.32,GBP,Payment Gateway
PAY0002086,BKG002083,2024-01-25,Bank Transfer,386.16,Captured,0,GBP,Payment Gateway
PAY0002087,BKG002084,2024-07-19,Apple Pay,887.97,Captured,10.66,GBP,Payment Gateway
PAY0002088,BKG002085,2026-07-05,Bank Transfer,333.55,Captured,0,GBP,Payment Gateway
PAY0002089,BKG002086,2024-06-25,Apple Pay,143.14,Captured,1.72,GBP,Payment Gateway
PAY0002090,BKG002086,2024-07-08,Cash,429.41,Captured,0,GBP,Front Desk/PMS
PAY0002091,BKG002087,2025-10-26,Cash,1351.11,Captured,0,GBP,Front Desk/PMS
PAY0002092,BKG002088,2024-09-25,American Express,133.06,Captured,1.86,GBP,Payment Gateway
PAY0002093,BKG002089,2025-04-02,Mastercard,871.88,Captured,15.69,GBP,Payment Gateway
PAY0002094,BKG002090,2024-08-12,Apple Pay,482.56,Captured,5.79,GBP,Payment Gateway
PAY0002095,BKG002091,2026-05-22,Visa,1268,Captured,20.29,GBP,Payment Gateway
PAY0002096,BKG002092,2024-07-23,Visa,96.25,Captured,1.35,GBP,Payment Gateway
PAY0002097,BKG002092,2024-08-20,Cash,288.76,Captured,0,GBP,Front Desk/PMS
PAY0002098,BKG002093,2024-11-14,Visa,492.52,Captured,6.9,GBP,Payment Gateway
PAY0002099,BKG002094,2025-08-09,Visa,1045.48,Captured,14.64,GBP,Payment Gateway
PAY0002100,BKG002095,2026-01-05,Visa,78.02,Captured,1.4,GBP,Payment Gateway
PAY0002101,BKG002096,2025-10-26,Visa,299.32,Captured,5.39,GBP,Payment Gateway
PAY0002102,BKG002097,2024-06-23,Mastercard,224.25,Captured,4.04,GBP,Payment Gateway
PAY0002103,BKG002098,2026-08-13,Mastercard,736.19,Captured,11.78,GBP,Payment Gateway
PAY0002104,BKG002099,2026-07-06,Apple Pay,240.26,Captured,3.84,GBP,Payment Gateway
PAY0002105,BKG002100,2026-04-20,Mastercard,183.8,Captured,2.21,GBP,Payment Gateway
PAY0002106,BKG002101,2024-06-10,Visa,147.68,Captured,2.36,GBP,Payment Gateway
PAY0002107,BKG002102,2024-10-17,Visa,601.6,Captured,8.42,GBP,Payment Gateway
PAY0002108,BKG002103,2025-01-22,Mastercard,1276.06,Captured,20.42,GBP,Payment Gateway
PAY0002109,BKG002105,2026-04-15,Mastercard,682.77,Captured,9.56,GBP,Payment Gateway
PAY0002110,BKG002106,2025-01-25,Visa,318.16,Captured,4.45,GBP,Payment Gateway
PAY0002111,BKG002107,2026-08-08,Mastercard,179.91,Captured,2.88,GBP,Payment Gateway
PAY0002112,BKG002108,2026-06-14,Mastercard,292.43,Captured,5.26,GBP,Payment Gateway
PAY0002113,BKG002109,2026-07-01,Google Pay,570.08,Captured,7.98,GBP,Payment Gateway
PAY0002114,BKG002110,2024-04-13,Google Pay,111.06,Captured,1.33,GBP,Payment Gateway
PAY0002115,BKG002111,2026-04-19,Apple Pay,462.66,Captured,7.4,GBP,Payment Gateway
PAY0002116,BKG002112,2025-08-09,Mastercard,87.6,Captured,1.23,GBP,Payment Gateway
PAY0002117,BKG002113,2025-06-07,Mastercard,1241.77,Captured,19.87,GBP,Payment Gateway
PAY0002118,BKG002114,2024-04-05,Visa,203.46,Captured,3.66,GBP,Payment Gateway
PAY0002119,BKG002115,2025-08-03,Mastercard,152.7,Captured,1.83,GBP,Payment Gateway
PAY0002120,BKG002115,2025-09-04,Google Pay,458.09,Captured,5.5,GBP,Payment Gateway
PAY0002121,BKG002116,2026-07-01,Visa,363.5,Captured,6.54,GBP,Payment Gateway
PAY0002122,BKG002117,2025-10-15,Google Pay,529.89,Captured,6.36,GBP,Payment Gateway
PAY0002123,BKG002118,2025-10-17,Mastercard,165.26,Captured,2.31,GBP,Payment Gateway
PAY0002124,BKG002118,2025-10-17,Mastercard,495.78,Captured,7.93,GBP,Payment Gateway
PAY0002125,BKG002119,2024-05-22,Visa,346.82,Captured,6.24,GBP,Payment Gateway
PAY0002126,BKG002120,2025-09-16,Google Pay,817.16,Captured,14.71,GBP,Payment Gateway
PAY0002127,BKG002121,2025-06-10,Mastercard,455.66,Captured,5.47,GBP,Payment Gateway
PAY0002128,BKG002122,2025-08-06,Mastercard,81.41,Captured,1.14,GBP,Payment Gateway
PAY0002129,BKG002122,2025-08-15,Visa,244.22,Captured,3.42,GBP,Payment Gateway
PAY0002130,BKG002123,2026-05-29,Mastercard,401.08,Captured,5.62,GBP,Payment Gateway
PAY0002131,BKG002125,2024-07-22,Mastercard,500.7,Captured,6.01,GBP,Payment Gateway
PAY0002132,BKG002126,2025-12-09,Apple Pay,701.73,Captured,9.82,GBP,Payment Gateway
PAY0002133,BKG002127,2026-08-20,Mastercard,164.56,Captured,2.96,GBP,Payment Gateway
PAY0002134,BKG002128,2026-03-07,Visa,238.47,Captured,4.29,GBP,Payment Gateway
PAY0002135,BKG002128,2026-05-02,Visa,715.39,Captured,12.88,GBP,Payment Gateway
PAY0002136,BKG002129,2026-01-22,Visa,159.66,Captured,2.87,GBP,Payment Gateway
PAY0002137,BKG002130,2024-05-06,Bank Transfer,467.58,Captured,0,GBP,Payment Gateway
PAY0002138,BKG002131,2024-08-11,Apple Pay,227.8,Captured,4.1,GBP,Payment Gateway
PAY0002139,BKG002133,2024-02-27,Mastercard,1197.07,Captured,21.55,GBP,Payment Gateway
PAY0002140,BKG002134,2024-10-04,Mastercard,81.9,Captured,1.31,GBP,Payment Gateway
PAY0002141,BKG002135,2024-01-30,Cash,852.04,Captured,0,GBP,Front Desk/PMS
PAY0002142,BKG002136,2025-08-27,Visa,128.83,Captured,1.55,GBP,Payment Gateway
PAY0002143,BKG002136,2025-08-28,American Express,386.5,Captured,6.18,GBP,Payment Gateway
PAY0002144,BKG002137,2025-08-25,Mastercard,150.23,Captured,1.8,GBP,Payment Gateway
PAY0002145,BKG002138,2024-08-24,Mastercard,229.96,Captured,3.22,GBP,Payment Gateway
PAY0002146,BKG002139,2024-06-04,Visa,671.93,Captured,9.41,GBP,Payment Gateway
PAY0002147,BKG002142,2025-08-17,Mastercard,373.82,Captured,5.98,GBP,Payment Gateway
PAY0002148,BKG002143,2025-11-16,Mastercard,272.44,Captured,4.9,GBP,Payment Gateway
PAY0002149,BKG002144,2024-07-31,Mastercard,456.79,Captured,5.48,GBP,Payment Gateway
PAY0002150,BKG002145,2026-06-17,Mastercard,886.5,Captured,14.18,GBP,Payment Gateway
PAY0002151,BKG002146,2024-05-01,American Express,213.52,Captured,3.84,GBP,Payment Gateway
PAY0002152,BKG002147,2024-07-03,Mastercard,480.2,Captured,6.72,GBP,Payment Gateway
PAY0002153,BKG002148,2025-07-24,American Express,281.74,Captured,3.38,GBP,Payment Gateway
PAY0002154,BKG002149,2025-08-27,Cash,453.7,Captured,0,GBP,Front Desk/PMS
PAY0002155,BKG002150,2025-03-14,Cash,318.62,Captured,0,GBP,Front Desk/PMS
PAY0002156,BKG002151,2025-05-09,Visa,570.39,Captured,9.13,GBP,Payment Gateway
PAY0002157,BKG002152,2025-01-20,Apple Pay,518.13,Captured,7.25,GBP,Payment Gateway
PAY0002158,BKG002153,2025-01-10,Visa,210.18,Captured,2.52,GBP,Payment Gateway
PAY0002159,BKG002154,2025-06-17,Cash,165.1,Captured,0,GBP,Front Desk/PMS
PAY0002160,BKG002154,2025-06-17,Bank Transfer,495.3,Captured,0,GBP,Payment Gateway
PAY0002161,BKG002155,2024-06-15,Google Pay,596.56,Captured,8.35,GBP,Payment Gateway
PAY0002162,BKG002157,2024-09-09,Mastercard,866.1,Captured,12.13,GBP,Payment Gateway
PAY0002163,BKG002159,2024-04-23,Visa,162.86,Captured,1.95,GBP,Payment Gateway
PAY0002164,BKG002160,2025-09-25,American Express,372.56,Captured,4.47,GBP,Payment Gateway
PAY0002165,BKG002163,2024-10-30,Visa,202.64,Captured,3.65,GBP,Payment Gateway
PAY0002166,BKG002164,2024-11-01,American Express,821.2,Captured,11.5,GBP,Payment Gateway
PAY0002167,BKG002165,2026-07-13,Mastercard,120.28,Captured,1.92,GBP,Payment Gateway
PAY0002168,BKG002165,2026-08-10,American Express,360.83,Captured,5.05,GBP,Payment Gateway
PAY0002169,BKG002166,2026-03-02,Mastercard,587.56,Captured,8.23,GBP,Payment Gateway
PAY0002170,BKG002168,2025-11-03,Google Pay,182.66,Captured,2.56,GBP,Payment Gateway
PAY0002171,BKG002171,2026-04-14,Visa,398.89,Captured,6.38,GBP,Payment Gateway
PAY0002172,BKG002172,2024-12-31,Visa,2231.32,Captured,35.7,GBP,Payment Gateway
PAY0002173,BKG002173,2026-06-09,Mastercard,466.83,Captured,5.6,GBP,Payment Gateway
PAY0002174,BKG002174,2025-05-21,Mastercard,891.78,Captured,14.27,GBP,Payment Gateway
PAY0002175,BKG002175,2024-07-10,Visa,120.95,Captured,2.18,GBP,Payment Gateway
PAY0002176,BKG002176,2024-08-25,Bank Transfer,167.86,Captured,0,GBP,Payment Gateway
PAY0002177,BKG002177,2025-12-21,Apple Pay,358.87,Captured,6.46,GBP,Payment Gateway
PAY0002178,BKG002178,2026-06-11,American Express,628.41,Captured,10.05,GBP,Payment Gateway
PAY0002179,BKG002179,2025-03-25,Mastercard,456.58,Captured,5.48,GBP,Payment Gateway
PAY0002180,BKG002180,2025-07-14,Apple Pay,772.7,Captured,12.36,GBP,Payment Gateway
PAY0002181,BKG002181,2025-11-05,Mastercard,85.52,Captured,1.54,GBP,Payment Gateway
PAY0002182,BKG002181,2025-12-05,Mastercard,256.57,Captured,3.08,GBP,Payment Gateway
PAY0002183,BKG002182,2026-07-20,Mastercard,161.56,Captured,2.26,GBP,Payment Gateway
PAY0002184,BKG002183,2025-10-25,Visa,1198.62,Captured,21.58,GBP,Payment Gateway
PAY0002185,BKG002184,2024-08-29,Apple Pay,1066.01,Captured,17.06,GBP,Payment Gateway
PAY0002186,BKG002185,2024-06-09,American Express,126.68,Captured,2.28,GBP,Payment Gateway
PAY0002187,BKG002186,2024-04-19,Mastercard,362.58,Captured,4.35,GBP,Payment Gateway
PAY0002188,BKG002187,2024-07-27,Bank Transfer,398.22,Captured,0,GBP,Payment Gateway
PAY0002189,BKG002188,2025-08-22,Bank Transfer,226.32,Captured,0,GBP,Payment Gateway
PAY0002190,BKG002189,2026-06-16,Apple Pay,331,Captured,5.3,GBP,Payment Gateway
PAY0002191,BKG002190,2025-04-25,Mastercard,336.48,Captured,4.71,GBP,Payment Gateway
PAY0002192,BKG002191,2026-04-13,Cash,157.75,Captured,0,GBP,Front Desk/PMS
PAY0002193,BKG002192,2025-10-25,Bank Transfer,880.75,Captured,0,GBP,Payment Gateway
PAY0002194,BKG002193,2025-04-13,Apple Pay,90.94,Captured,1.27,GBP,Payment Gateway
PAY0002195,BKG002195,2026-08-23,Cash,592.48,Captured,0,GBP,Front Desk/PMS
PAY0002196,BKG002196,2025-09-26,Mastercard,601.49,Captured,8.42,GBP,Payment Gateway
PAY0002197,BKG002197,2024-06-19,Visa,778.47,Captured,9.34,GBP,Payment Gateway
PAY0002198,BKG002198,2025-05-06,Visa,948.12,Captured,15.17,GBP,Payment Gateway
PAY0002199,BKG002199,2024-05-11,Visa,441.71,Captured,7.07,GBP,Payment Gateway
PAY0002200,BKG002200,2024-07-16,Mastercard,1131.93,Captured,18.11,GBP,Payment Gateway
PAY0002201,BKG002201,2025-04-08,American Express,138.25,Captured,1.66,GBP,Payment Gateway
PAY0002202,BKG002202,2025-12-27,Mastercard,286.16,Captured,3.43,GBP,Payment Gateway
PAY0002203,BKG002203,2024-05-17,Cash,140.68,Captured,0,GBP,Front Desk/PMS
PAY0002204,BKG002204,2025-11-12,Visa,209.1,Captured,2.93,GBP,Payment Gateway
PAY0002205,BKG002205,2025-05-31,Apple Pay,266.38,Captured,3.73,GBP,Payment Gateway
PAY0002206,BKG002206,2024-12-29,Visa,201.25,Captured,2.42,GBP,Payment Gateway
PAY0002207,BKG002208,2025-03-05,Bank Transfer,174.41,Captured,0,GBP,Payment Gateway
PAY0002208,BKG002209,2024-09-11,Apple Pay,906.56,Captured,12.69,GBP,Payment Gateway
PAY0002209,BKG002210,2025-06-30,Bank Transfer,182.91,Captured,0,GBP,Payment Gateway
PAY0002210,BKG002211,2025-12-30,Bank Transfer,246.07,Captured,0,GBP,Payment Gateway
PAY0002211,BKG002212,2026-06-20,Visa,562,Captured,10.12,GBP,Payment Gateway
PAY0002212,BKG002213,2025-08-28,Mastercard,538.5,Captured,9.69,GBP,Payment Gateway
PAY0002213,BKG002214,2024-12-09,Visa,584.61,Captured,10.52,GBP,Payment Gateway
PAY0002214,BKG002215,2024-04-29,Visa,536.4,Captured,8.58,GBP,Payment Gateway
PAY0002215,BKG002216,2024-10-25,Google Pay,59.03,Captured,0.71,GBP,Payment Gateway
PAY0002216,BKG002216,2024-11-09,Mastercard,177.1,Captured,2.83,GBP,Payment Gateway
PAY0002217,BKG002217,2025-04-07,Visa,1023.12,Captured,16.37,GBP,Payment Gateway
PAY0002218,BKG002219,2025-05-07,Visa,50.19,Captured,0.7,GBP,Payment Gateway
PAY0002219,BKG002219,2025-05-28,Mastercard,150.56,Captured,2.71,GBP,Payment Gateway
PAY0002220,BKG002220,2026-07-06,Bank Transfer,461.7,Captured,0,GBP,Payment Gateway
PAY0002221,BKG002222,2024-12-20,Visa,266.62,Captured,4.8,GBP,Payment Gateway
PAY0002222,BKG002223,2024-05-24,Visa,455.4,Captured,7.29,GBP,Payment Gateway
PAY0002223,BKG002224,2025-03-03,Mastercard,97.86,Captured,1.76,GBP,Payment Gateway
PAY0002224,BKG002225,2024-08-29,Visa,207.74,Captured,3.74,GBP,Payment Gateway
PAY0002225,BKG002226,2026-04-14,Visa,115.54,Captured,1.85,GBP,Payment Gateway
PAY0002226,BKG002227,2026-05-11,Apple Pay,240.8,Captured,4.33,GBP,Payment Gateway
PAY0002227,BKG002228,2026-03-05,Visa,215.59,Captured,2.59,GBP,Payment Gateway
PAY0002228,BKG002228,2026-04-17,Cash,646.77,Captured,0,GBP,Front Desk/PMS
PAY0002229,BKG002229,2025-07-07,Mastercard,164.74,Captured,2.31,GBP,Payment Gateway
PAY0002230,BKG002230,2026-04-09,American Express,522.62,Captured,8.36,GBP,Payment Gateway
PAY0002231,BKG002231,2025-06-14,Mastercard,776.79,Captured,13.98,GBP,Payment Gateway
PAY0002232,BKG002232,2026-06-18,Visa,2187.94,Captured,26.26,GBP,Payment Gateway
PAY0002233,BKG002233,2026-06-11,Visa,482.17,Captured,8.68,GBP,Payment Gateway
PAY0002234,BKG002234,2026-04-11,Apple Pay,358.78,Captured,6.46,GBP,Payment Gateway
PAY0002235,BKG002235,2025-09-09,Visa,113.37,Captured,2.04,GBP,Payment Gateway
PAY0002236,BKG002235,2025-09-17,Visa,340.11,Captured,4.08,GBP,Payment Gateway
PAY0002237,BKG002236,2024-04-24,Visa,209.97,Captured,2.52,GBP,Payment Gateway
PAY0002238,BKG002237,2025-01-31,Google Pay,675.04,Captured,8.1,GBP,Payment Gateway
PAY0002239,BKG002238,2024-07-12,Mastercard,441.76,Captured,5.3,GBP,Payment Gateway
PAY0002240,BKG002239,2025-03-23,Mastercard,392.42,Captured,4.71,GBP,Payment Gateway
PAY0002241,BKG002240,2024-07-27,Cash,397.84,Captured,0,GBP,Front Desk/PMS
PAY0002242,BKG002241,2024-05-14,Mastercard,163.73,Captured,2.29,GBP,Payment Gateway
PAY0002243,BKG002242,2026-02-06,American Express,176.6,Captured,3.18,GBP,Payment Gateway
PAY0002244,BKG002242,2026-03-02,Mastercard,529.8,Captured,6.36,GBP,Payment Gateway
PAY0002245,BKG002243,2026-03-18,Cash,144.12,Captured,0,GBP,Front Desk/PMS
PAY0002246,BKG002244,2025-10-07,American Express,239.96,Captured,4.32,GBP,Payment Gateway
PAY0002247,BKG002245,2025-11-15,Visa,350.9,Captured,4.21,GBP,Payment Gateway
PAY0002248,BKG002246,2024-04-10,Visa,703.99,Captured,9.86,GBP,Payment Gateway
PAY0002249,BKG002247,2024-09-05,Visa,203.73,Captured,2.44,GBP,Payment Gateway
PAY0002250,BKG002249,2026-07-03,Visa,1610.18,Captured,25.76,GBP,Payment Gateway
PAY0002251,BKG002250,2026-07-07,Mastercard,836.66,Captured,10.04,GBP,Payment Gateway
PAY0002252,BKG002251,2026-04-25,Visa,536.22,Captured,6.43,GBP,Payment Gateway
PAY0002253,BKG002252,2024-10-06,Visa,382.73,Captured,6.12,GBP,Payment Gateway
PAY0002254,BKG002253,2024-08-12,Cash,266.52,Captured,0,GBP,Front Desk/PMS
PAY0002255,BKG002253,2024-08-12,Mastercard,799.57,Captured,9.59,GBP,Payment Gateway
PAY0002256,BKG002254,2024-04-04,Mastercard,172.55,Captured,2.07,GBP,Payment Gateway
PAY0002257,BKG002255,2025-09-29,Visa,929.8,Captured,16.74,GBP,Payment Gateway
PAY0002258,BKG002256,2024-08-24,Bank Transfer,303.32,Captured,0,GBP,Payment Gateway
PAY0002259,BKG002257,2025-09-18,Visa,536.15,Captured,6.43,GBP,Payment Gateway
PAY0002260,BKG002258,2024-01-24,American Express,623.68,Captured,7.48,GBP,Payment Gateway
PAY0002261,BKG002259,2025-08-12,Visa,747.36,Captured,10.46,GBP,Payment Gateway
PAY0002262,BKG002260,2025-10-02,Visa,98.49,Captured,1.18,GBP,Payment Gateway
PAY0002263,BKG002260,2025-10-14,Google Pay,295.47,Captured,4.73,GBP,Payment Gateway
PAY0002264,BKG002261,2025-04-10,Mastercard,878.71,Captured,10.54,GBP,Payment Gateway
PAY0002265,BKG002262,2025-08-11,Visa,567.2,Captured,7.94,GBP,Payment Gateway
PAY0002266,BKG002263,2026-04-14,Visa,249.64,Captured,3.99,GBP,Payment Gateway
PAY0002267,BKG002264,2024-04-14,Visa,366.8,Captured,4.4,GBP,Payment Gateway
PAY0002268,BKG002265,2026-07-04,Visa,670.83,Captured,10.73,GBP,Payment Gateway
PAY0002269,BKG002266,2026-08-14,Visa,133.36,Captured,2.13,GBP,Payment Gateway
PAY0002270,BKG002268,2024-04-21,Cash,389.93,Captured,0,GBP,Front Desk/PMS
PAY0002271,BKG002269,2026-02-01,Google Pay,506.12,Captured,6.07,GBP,Payment Gateway
PAY0002272,BKG002270,2026-05-09,Mastercard,268.83,Captured,3.23,GBP,Payment Gateway
PAY0002273,BKG002271,2024-12-11,Apple Pay,168.06,Captured,2.35,GBP,Payment Gateway
PAY0002274,BKG002272,2026-05-14,Google Pay,165.98,Captured,2.32,GBP,Payment Gateway
PAY0002275,BKG002273,2026-07-08,Apple Pay,436.56,Captured,5.24,GBP,Payment Gateway
PAY0002276,BKG002274,2024-08-16,Bank Transfer,894.2,Captured,0,GBP,Payment Gateway
PAY0002277,BKG002275,2024-10-15,Bank Transfer,433.05,Captured,0,GBP,Payment Gateway
PAY0002278,BKG002276,2025-08-01,Apple Pay,1162.77,Captured,20.93,GBP,Payment Gateway
PAY0002279,BKG002277,2024-05-30,Visa,147.52,Captured,2.07,GBP,Payment Gateway
PAY0002280,BKG002278,2025-11-26,Visa,315.47,Captured,5.68,GBP,Payment Gateway
PAY0002281,BKG002279,2025-06-25,Visa,313.28,Captured,5.64,GBP,Payment Gateway
PAY0002282,BKG002280,2024-08-15,Cash,289.4,Captured,0,GBP,Front Desk/PMS
PAY0002283,BKG002281,2024-10-31,Mastercard,130.24,Captured,2.08,GBP,Payment Gateway
PAY0002284,BKG002281,2024-12-05,Bank Transfer,390.71,Captured,0,GBP,Payment Gateway
PAY0002285,BKG002282,2025-04-05,Apple Pay,498.42,Captured,5.98,GBP,Payment Gateway
PAY0002286,BKG002283,2025-08-26,Google Pay,101.25,Captured,1.22,GBP,Payment Gateway
PAY0002287,BKG002283,2025-08-28,Apple Pay,303.74,Captured,4.25,GBP,Payment Gateway
PAY0002288,BKG002284,2025-06-30,Cash,230.83,Captured,0,GBP,Front Desk/PMS
PAY0002289,BKG002284,2025-08-29,Google Pay,692.49,Captured,12.46,GBP,Payment Gateway
PAY0002290,BKG002285,2025-12-10,Bank Transfer,128.33,Captured,0,GBP,Payment Gateway
PAY0002291,BKG002285,2026-01-11,Visa,385,Captured,4.62,GBP,Payment Gateway
PAY0002292,BKG002286,2025-09-07,Visa,142.14,Captured,1.71,GBP,Payment Gateway
PAY0002293,BKG002287,2025-08-13,Mastercard,150.28,Captured,2.71,GBP,Payment Gateway
PAY0002294,BKG002288,2025-07-25,Mastercard,149.26,Captured,2.69,GBP,Payment Gateway
PAY0002295,BKG002289,2025-09-09,Mastercard,227.53,Captured,3.19,GBP,Payment Gateway
PAY0002296,BKG002290,2024-12-07,Visa,997.57,Captured,15.96,GBP,Payment Gateway
PAY0002297,BKG002291,2024-03-01,Visa,457.26,Captured,7.32,GBP,Payment Gateway
PAY0002298,BKG002292,2023-12-23,Visa,74,Captured,1.18,GBP,Payment Gateway
PAY0002299,BKG002292,2024-01-16,Apple Pay,222.01,Captured,2.66,GBP,Payment Gateway
PAY0002300,BKG002296,2026-07-13,Google Pay,403.71,Captured,6.46,GBP,Payment Gateway
PAY0002301,BKG002297,2025-08-05,Apple Pay,281.94,Captured,4.51,GBP,Payment Gateway
PAY0002302,BKG002298,2025-07-06,Mastercard,653.58,Captured,9.15,GBP,Payment Gateway
PAY0002303,BKG002299,2026-02-25,Visa,389.8,Captured,5.46,GBP,Payment Gateway
PAY0002304,BKG002300,2024-11-29,Visa,1083.95,Captured,13.01,GBP,Payment Gateway
PAY0002305,BKG002301,2024-07-04,Google Pay,115.8,Captured,1.62,GBP,Payment Gateway
PAY0002306,BKG002303,2025-04-03,Mastercard,409.52,Captured,6.55,GBP,Payment Gateway
PAY0002307,BKG002304,2024-08-17,Mastercard,2134.64,Captured,25.62,GBP,Payment Gateway
PAY0002308,BKG002305,2024-04-30,Visa,63.27,Captured,0.89,GBP,Payment Gateway
PAY0002309,BKG002305,2024-05-26,Visa,189.82,Captured,2.28,GBP,Payment Gateway
PAY0002310,BKG002306,2025-07-13,Google Pay,634.5,Captured,10.15,GBP,Payment Gateway
PAY0002311,BKG002307,2024-02-14,Mastercard,824.16,Captured,14.83,GBP,Payment Gateway
PAY0002312,BKG002308,2025-11-30,Mastercard,45.1,Captured,0.81,GBP,Payment Gateway
PAY0002313,BKG002308,2025-12-19,Mastercard,135.31,Captured,2.44,GBP,Payment Gateway
PAY0002314,BKG002309,2024-06-05,Visa,47.93,Captured,0.77,GBP,Payment Gateway
PAY0002315,BKG002309,2024-06-21,Google Pay,143.78,Captured,2.3,GBP,Payment Gateway
PAY0002316,BKG002310,2024-06-24,Google Pay,184,Captured,3.31,GBP,Payment Gateway
PAY0002317,BKG002311,2025-02-09,Mastercard,51.92,Captured,0.93,GBP,Payment Gateway
PAY0002318,BKG002311,2025-02-21,Mastercard,155.77,Captured,1.87,GBP,Payment Gateway
PAY0002319,BKG002312,2024-11-23,Visa,222.43,Captured,3.11,GBP,Payment Gateway
PAY0002320,BKG002312,2024-12-18,Bank Transfer,667.28,Captured,0,GBP,Payment Gateway
PAY0002321,BKG002313,2024-07-08,American Express,593.25,Captured,9.49,GBP,Payment Gateway
PAY0002322,BKG002314,2024-07-01,Google Pay,466.25,Captured,5.59,GBP,Payment Gateway
PAY0002323,BKG002316,2026-04-27,Cash,315.11,Captured,0,GBP,Front Desk/PMS
PAY0002324,BKG002317,2025-11-26,Visa,132.78,Captured,2.39,GBP,Payment Gateway
PAY0002325,BKG002317,2025-11-27,Visa,398.34,Captured,7.17,GBP,Payment Gateway
PAY0002326,BKG002318,2026-04-20,Mastercard,243.75,Captured,2.93,GBP,Payment Gateway
PAY0002327,BKG002319,2025-08-02,Cash,891.66,Captured,0,GBP,Front Desk/PMS
PAY0002328,BKG002320,2024-06-10,Google Pay,248.65,Captured,3.48,GBP,Payment Gateway
PAY0002329,BKG002321,2024-09-09,Mastercard,171.08,Captured,2.74,GBP,Payment Gateway
PAY0002330,BKG002323,2024-03-08,Cash,284.8,Captured,0,GBP,Front Desk/PMS
PAY0002331,BKG002324,2024-05-06,Mastercard,204.94,Captured,2.87,GBP,Payment Gateway
PAY0002332,BKG002325,2024-01-31,Mastercard,592.72,Captured,8.3,GBP,Payment Gateway
PAY0002333,BKG002327,2026-08-05,Bank Transfer,95.45,Captured,0,GBP,Payment Gateway
PAY0002334,BKG002328,2024-10-30,Visa,302.04,Captured,4.23,GBP,Payment Gateway
PAY0002335,BKG002329,2026-08-03,Google Pay,978,Captured,15.65,GBP,Payment Gateway
PAY0002336,BKG002330,2024-04-27,Visa,71.77,Captured,1,GBP,Payment Gateway
PAY0002337,BKG002330,2024-07-03,Mastercard,215.3,Captured,3.44,GBP,Payment Gateway
PAY0002338,BKG002331,2025-08-06,Visa,447.34,Captured,8.05,GBP,Payment Gateway
PAY0002339,BKG002332,2025-10-05,Visa,692.01,Captured,9.69,GBP,Payment Gateway
PAY0002340,BKG002333,2026-08-25,Mastercard,279.59,Captured,3.36,GBP,Payment Gateway
PAY0002341,BKG002334,2026-06-14,Visa,625.16,Captured,10,GBP,Payment Gateway
PAY0002342,BKG002335,2026-06-04,Mastercard,777.84,Captured,14,GBP,Payment Gateway
PAY0002343,BKG002336,2026-08-11,Mastercard,158.11,Captured,2.85,GBP,Payment Gateway
PAY0002344,BKG002338,2024-10-21,Visa,442.48,Captured,5.31,GBP,Payment Gateway
PAY0002345,BKG002339,2025-12-31,Mastercard,162.82,Captured,1.95,GBP,Payment Gateway
PAY0002346,BKG002340,2025-10-06,Visa,323.61,Captured,4.53,GBP,Payment Gateway
PAY0002347,BKG002342,2024-08-10,Visa,821.52,Captured,13.14,GBP,Payment Gateway
PAY0002348,BKG002343,2025-10-06,Mastercard,368.01,Captured,5.15,GBP,Payment Gateway
PAY0002349,BKG002344,2024-10-25,American Express,417.74,Captured,5.85,GBP,Payment Gateway
PAY0002350,BKG002345,2025-05-03,Mastercard,253.08,Captured,4.05,GBP,Payment Gateway
PAY0002351,BKG002347,2026-06-23,American Express,1145.55,Captured,13.75,GBP,Payment Gateway
PAY0002352,BKG002348,2024-08-24,Visa,506.66,Captured,6.08,GBP,Payment Gateway
PAY0002353,BKG002350,2026-07-13,Mastercard,149.43,Captured,2.09,GBP,Payment Gateway
PAY0002354,BKG002351,2026-07-31,Apple Pay,237.16,Captured,4.27,GBP,Payment Gateway
PAY0002355,BKG002352,2026-07-15,Apple Pay,135.72,Captured,2.44,GBP,Payment Gateway
PAY0002356,BKG002353,2024-09-17,American Express,115.15,Captured,1.84,GBP,Payment Gateway
PAY0002357,BKG002354,2025-02-06,Visa,1967.05,Captured,23.6,GBP,Payment Gateway
PAY0002358,BKG002356,2026-04-02,Cash,378.19,Captured,0,GBP,Front Desk/PMS
PAY0002359,BKG002357,2026-06-26,American Express,595.52,Captured,9.53,GBP,Payment Gateway
PAY0002360,BKG002358,2025-08-07,Mastercard,196.69,Captured,2.36,GBP,Payment Gateway
PAY0002361,BKG002358,2025-08-20,Mastercard,590.09,Captured,9.44,GBP,Payment Gateway
PAY0002362,BKG002360,2026-04-24,Visa,290.82,Captured,4.07,GBP,Payment Gateway
PAY0002363,BKG002361,2026-08-17,Visa,807.52,Captured,11.31,GBP,Payment Gateway
PAY0002364,BKG002362,2025-12-01,Visa,232.29,Captured,2.79,GBP,Payment Gateway
PAY0002365,BKG002363,2026-08-28,Mastercard,401.84,Captured,7.23,GBP,Payment Gateway
PAY0002366,BKG002364,2026-05-18,Cash,144.83,Captured,0,GBP,Front Desk/PMS
PAY0002367,BKG002366,2024-02-14,Visa,158.56,Captured,2.54,GBP,Payment Gateway
PAY0002368,BKG002367,2024-08-12,Visa,1364.09,Captured,16.37,GBP,Payment Gateway
PAY0002369,BKG002368,2026-08-17,Visa,692.94,Captured,12.47,GBP,Payment Gateway
PAY0002370,BKG002369,2025-09-14,Apple Pay,238.39,Captured,4.29,GBP,Payment Gateway
PAY0002371,BKG002370,2024-04-13,Apple Pay,164.03,Captured,1.97,GBP,Payment Gateway
PAY0002372,BKG002371,2025-12-26,American Express,147.46,Captured,2.65,GBP,Payment Gateway
PAY0002373,BKG002372,2025-09-14,Mastercard,159.44,Captured,2.87,GBP,Payment Gateway
PAY0002374,BKG002373,2025-09-01,Google Pay,195.36,Captured,2.74,GBP,Payment Gateway
PAY0002375,BKG002374,2025-08-16,Mastercard,232.18,Captured,3.71,GBP,Payment Gateway
PAY0002376,BKG002375,2026-04-20,Bank Transfer,156.87,Captured,0,GBP,Payment Gateway
PAY0002377,BKG002377,2025-09-10,Bank Transfer,683.07,Captured,0,GBP,Payment Gateway
PAY0002378,BKG002378,2026-01-19,Visa,246.35,Captured,3.94,GBP,Payment Gateway
PAY0002379,BKG002379,2024-12-15,Mastercard,328.76,Captured,5.26,GBP,Payment Gateway
PAY0002380,BKG002380,2025-10-22,Bank Transfer,294.26,Captured,0,GBP,Payment Gateway
PAY0002381,BKG002381,2026-07-18,Google Pay,153.65,Captured,2.77,GBP,Payment Gateway
PAY0002382,BKG002382,2026-03-03,Mastercard,180.38,Captured,2.53,GBP,Payment Gateway
PAY0002383,BKG002383,2024-04-12,Mastercard,153.8,Captured,2.77,GBP,Payment Gateway
PAY0002384,BKG002384,2024-07-13,Visa,133.64,Captured,2.14,GBP,Payment Gateway
PAY0002385,BKG002386,2024-03-10,Google Pay,250.83,Captured,4.51,GBP,Payment Gateway
PAY0002386,BKG002388,2024-07-11,Mastercard,2108.16,Captured,37.95,GBP,Payment Gateway
PAY0002387,BKG002389,2024-01-22,Cash,621.53,Captured,0,GBP,Front Desk/PMS
PAY0002388,BKG002390,2024-10-21,Visa,534.27,Captured,6.41,GBP,Payment Gateway
PAY0002389,BKG002391,2024-03-26,Visa,228.75,Captured,3.66,GBP,Payment Gateway
PAY0002390,BKG002392,2025-05-17,Apple Pay,112,Captured,1.34,GBP,Payment Gateway
PAY0002391,BKG002392,2025-06-07,Visa,336,Captured,6.05,GBP,Payment Gateway
PAY0002392,BKG002393,2024-02-14,Cash,263.94,Captured,0,GBP,Front Desk/PMS
PAY0002393,BKG002394,2026-02-02,Visa,125.39,Captured,1.76,GBP,Payment Gateway
PAY0002394,BKG002394,2026-02-18,Apple Pay,376.17,Captured,4.51,GBP,Payment Gateway
PAY0002395,BKG002395,2025-08-23,Visa,389.61,Captured,4.68,GBP,Payment Gateway
PAY0002396,BKG002396,2026-03-06,Visa,1111.32,Captured,20,GBP,Payment Gateway
PAY0002397,BKG002397,2025-07-07,American Express,530.22,Captured,7.42,GBP,Payment Gateway
PAY0002398,BKG002398,2025-08-15,Mastercard,951.93,Captured,15.23,GBP,Payment Gateway
PAY0002399,BKG002399,2025-12-10,American Express,210.56,Captured,3.79,GBP,Payment Gateway
PAY0002400,BKG002400,2026-03-07,Mastercard,148.54,Captured,2.08,GBP,Payment Gateway
PAY0002401,BKG002401,2025-10-26,Mastercard,259.18,Captured,4.15,GBP,Payment Gateway
PAY0002402,BKG002402,2024-02-14,American Express,323.85,Captured,3.89,GBP,Payment Gateway
PAY0002403,BKG002403,2026-05-30,Mastercard,1590.31,Captured,19.08,GBP,Payment Gateway
PAY0002404,BKG002404,2026-05-05,Mastercard,132.42,Captured,1.85,GBP,Payment Gateway
PAY0002405,BKG002406,2025-12-10,Mastercard,427.2,Captured,5.13,GBP,Payment Gateway
PAY0002406,BKG002407,2025-04-21,Cash,656.43,Captured,0,GBP,Front Desk/PMS
PAY0002407,BKG002408,2025-06-09,Visa,299.71,Captured,4.8,GBP,Payment Gateway
PAY0002408,BKG002409,2025-08-29,Visa,664.51,Captured,9.3,GBP,Payment Gateway
PAY0002409,BKG002410,2025-02-06,American Express,731.87,Captured,13.17,GBP,Payment Gateway
PAY0002410,BKG002411,2025-09-11,Mastercard,603.38,Captured,9.65,GBP,Payment Gateway
PAY0002411,BKG002412,2025-07-13,Visa,149.96,Captured,1.8,GBP,Payment Gateway
PAY0002412,BKG002413,2024-07-08,Cash,195.35,Captured,0,GBP,Front Desk/PMS
PAY0002413,BKG002414,2024-06-04,Google Pay,101.07,Captured,1.82,GBP,Payment Gateway
PAY0002414,BKG002415,2025-09-28,Visa,1925.84,Captured,23.11,GBP,Payment Gateway
PAY0002415,BKG002416,2024-05-23,Visa,932.07,Captured,16.78,GBP,Payment Gateway
PAY0002416,BKG002417,2026-04-07,Mastercard,1080.65,Captured,15.13,GBP,Payment Gateway
PAY0002417,BKG002418,2025-04-17,Mastercard,595.6,Captured,9.53,GBP,Payment Gateway
PAY0002418,BKG002419,2026-04-12,American Express,90.81,Captured,1.45,GBP,Payment Gateway
PAY0002419,BKG002420,2024-12-04,Google Pay,217.73,Captured,3.92,GBP,Payment Gateway
PAY0002420,BKG002421,2025-06-27,Visa,124.64,Captured,1.5,GBP,Payment Gateway
PAY0002421,BKG002422,2025-10-01,Bank Transfer,128.41,Captured,0,GBP,Payment Gateway
PAY0002422,BKG002423,2026-05-05,Visa,943.63,Captured,16.99,GBP,Payment Gateway
PAY0002423,BKG002424,2025-07-29,Mastercard,468.89,Captured,6.56,GBP,Payment Gateway
PAY0002424,BKG002426,2024-11-19,Mastercard,73.66,Captured,0.88,GBP,Payment Gateway
PAY0002425,BKG002427,2025-06-30,Visa,480.67,Captured,5.77,GBP,Payment Gateway
PAY0002426,BKG002428,2024-12-07,Mastercard,142.1,Captured,1.99,GBP,Payment Gateway
PAY0002427,BKG002428,2024-12-07,Visa,426.31,Captured,5.12,GBP,Payment Gateway
PAY0002428,BKG002430,2025-01-02,Apple Pay,139.72,Captured,1.96,GBP,Payment Gateway
PAY0002429,BKG002431,2024-07-25,Visa,198.51,Captured,3.57,GBP,Payment Gateway
PAY0002430,BKG002432,2024-10-12,Apple Pay,1065.37,Captured,12.78,GBP,Payment Gateway
PAY0002431,BKG002433,2024-10-10,Mastercard,1342.71,Captured,21.48,GBP,Payment Gateway
PAY0002432,BKG002434,2025-12-30,Mastercard,68.02,Captured,1.22,GBP,Payment Gateway
PAY0002433,BKG002434,2026-04-20,Mastercard,204.05,Captured,3.67,GBP,Payment Gateway
PAY0002434,BKG002435,2025-07-02,Visa,485.3,Captured,8.74,GBP,Payment Gateway
PAY0002435,BKG002436,2024-07-25,American Express,544.41,Captured,7.62,GBP,Payment Gateway
PAY0002436,BKG002437,2026-05-25,Visa,178.52,Captured,3.21,GBP,Payment Gateway
PAY0002437,BKG002438,2025-07-22,Mastercard,262.31,Captured,4.2,GBP,Payment Gateway
PAY0002438,BKG002439,2026-02-28,Mastercard,366.29,Captured,6.59,GBP,Payment Gateway
PAY0002439,BKG002442,2025-08-10,Google Pay,1002.74,Captured,12.03,GBP,Payment Gateway
PAY0002440,BKG002443,2025-08-13,Cash,120.45,Captured,0,GBP,Front Desk/PMS
PAY0002441,BKG002446,2024-01-11,Visa,79.57,Captured,1.11,GBP,Payment Gateway
PAY0002442,BKG002447,2025-02-21,Apple Pay,117.05,Captured,2.11,GBP,Payment Gateway
PAY0002443,BKG002448,2026-02-16,Google Pay,87.48,Captured,1.22,GBP,Payment Gateway
PAY0002444,BKG002450,2026-08-27,Visa,224.74,Captured,3.15,GBP,Payment Gateway
PAY0002445,BKG002451,2025-08-08,American Express,609.87,Captured,10.98,GBP,Payment Gateway
PAY0002446,BKG002452,2024-02-02,Bank Transfer,477.56,Captured,0,GBP,Payment Gateway
PAY0002447,BKG002453,2024-07-24,Visa,1085.56,Captured,19.54,GBP,Payment Gateway
PAY0002448,BKG002455,2025-06-14,Visa,186.94,Captured,2.99,GBP,Payment Gateway
PAY0002449,BKG002456,2025-07-09,Google Pay,1204.7,Captured,14.46,GBP,Payment Gateway
PAY0002450,BKG002457,2025-09-03,American Express,116.99,Captured,1.87,GBP,Payment Gateway
PAY0002451,BKG002458,2024-07-15,Visa,82.9,Captured,1.33,GBP,Payment Gateway
PAY0002452,BKG002459,2026-04-15,Visa,233.16,Captured,4.2,GBP,Payment Gateway
PAY0002453,BKG002460,2024-08-23,Visa,298.91,Captured,4.78,GBP,Payment Gateway
PAY0002454,BKG002461,2024-05-20,Apple Pay,315.22,Captured,4.41,GBP,Payment Gateway
PAY0002455,BKG002462,2025-03-04,Mastercard,348.7,Captured,6.28,GBP,Payment Gateway
PAY0002456,BKG002463,2024-08-24,Bank Transfer,191.58,Captured,0,GBP,Payment Gateway
PAY0002457,BKG002464,2024-07-28,Apple Pay,425.81,Captured,6.81,GBP,Payment Gateway
PAY0002458,BKG002465,2026-04-22,Visa,116.2,Captured,2.09,GBP,Payment Gateway
PAY0002459,BKG002466,2026-08-03,Mastercard,404.73,Captured,7.29,GBP,Payment Gateway
PAY0002460,BKG002469,2026-01-31,Apple Pay,260.4,Captured,3.12,GBP,Payment Gateway
PAY0002461,BKG002470,2026-02-10,Visa,402.8,Captured,4.83,GBP,Payment Gateway
PAY0002462,BKG002471,2024-06-09,Bank Transfer,188.7,Captured,0,GBP,Payment Gateway
PAY0002463,BKG002472,2026-08-03,Mastercard,343.3,Captured,4.81,GBP,Payment Gateway
PAY0002464,BKG002475,2025-02-24,Google Pay,129.98,Captured,1.82,GBP,Payment Gateway
PAY0002465,BKG002475,2025-03-24,Mastercard,389.93,Captured,4.68,GBP,Payment Gateway
PAY0002466,BKG002476,2026-08-09,Visa,348.9,Captured,4.88,GBP,Payment Gateway
PAY0002467,BKG002478,2026-04-23,Apple Pay,86.77,Captured,1.04,GBP,Payment Gateway
PAY0002468,BKG002478,2026-05-16,Mastercard,260.3,Captured,4.16,GBP,Payment Gateway
PAY0002469,BKG002479,2024-09-21,Visa,205.25,Captured,2.87,GBP,Payment Gateway
PAY0002470,BKG002480,2025-06-02,Google Pay,144.84,Captured,2.32,GBP,Payment Gateway
PAY0002471,BKG002481,2025-08-22,Mastercard,1276.55,Captured,20.42,GBP,Payment Gateway
PAY0002472,BKG002482,2025-04-23,Visa,537.59,Captured,9.68,GBP,Payment Gateway
PAY0002473,BKG002483,2024-10-22,Mastercard,145.44,Captured,1.75,GBP,Payment Gateway
PAY0002474,BKG002484,2026-04-15,Mastercard,46.4,Captured,0.74,GBP,Payment Gateway
PAY0002475,BKG002484,2026-05-09,Visa,139.21,Captured,2.23,GBP,Payment Gateway
PAY0002476,BKG002485,2025-11-30,Visa,185.21,Captured,2.22,GBP,Payment Gateway
PAY0002477,BKG002486,2024-10-02,Mastercard,162.52,Captured,2.6,GBP,Payment Gateway
PAY0002478,BKG002488,2026-06-04,Visa,424.77,Captured,6.8,GBP,Payment Gateway
PAY0002479,BKG002489,2024-07-04,Mastercard,479.37,Captured,7.67,GBP,Payment Gateway
PAY0002480,BKG002490,2026-07-08,Apple Pay,587.49,Captured,10.57,GBP,Payment Gateway
PAY0002481,BKG002492,2025-01-27,Visa,329.67,Captured,3.96,GBP,Payment Gateway
PAY0002482,BKG002492,2025-05-11,Mastercard,989,Captured,13.85,GBP,Payment Gateway
PAY0002483,BKG002493,2024-12-29,Bank Transfer,460.32,Captured,0,GBP,Payment Gateway
PAY0002484,BKG002494,2025-08-23,Mastercard,45.3,Captured,0.63,GBP,Payment Gateway
PAY0002485,BKG002494,2025-08-23,Apple Pay,135.91,Captured,1.9,GBP,Payment Gateway
PAY0002486,BKG002495,2026-04-05,Visa,77.55,Captured,1.4,GBP,Payment Gateway
PAY0002487,BKG002495,2026-04-20,Apple Pay,232.63,Captured,3.26,GBP,Payment Gateway
PAY0002488,BKG002496,2024-02-27,American Express,190.47,Captured,2.67,GBP,Payment Gateway
PAY0002489,BKG002498,2026-04-17,Cash,131.1,Captured,0,GBP,Front Desk/PMS
PAY0002490,BKG002498,2026-05-29,Visa,393.3,Captured,5.51,GBP,Payment Gateway
PAY0002491,BKG002499,2025-11-23,Visa,318.06,Captured,4.45,GBP,Payment Gateway
PAY0002492,BKG002500,2024-04-13,Mastercard,784.94,Captured,10.99,GBP,Payment Gateway
PAY0002493,BKG002502,2026-08-19,Mastercard,228.79,Captured,4.12,GBP,Payment Gateway
PAY0002494,BKG002503,2026-03-27,Mastercard,202.34,Captured,3.24,GBP,Payment Gateway
PAY0002495,BKG002504,2026-07-05,Google Pay,692.36,Captured,12.46,GBP,Payment Gateway
PAY0002496,BKG002506,2024-03-01,Visa,843.28,Captured,10.12,GBP,Payment Gateway
PAY0002497,BKG002507,2024-08-04,Visa,103.57,Captured,1.45,GBP,Payment Gateway
PAY0002498,BKG002508,2025-06-19,Mastercard,393.01,Captured,4.72,GBP,Payment Gateway
PAY0002499,BKG002508,2025-07-11,Mastercard,1179.02,Captured,16.51,GBP,Payment Gateway
PAY0002500,BKG002509,2026-04-20,Visa,822.88,Captured,14.81,GBP,Payment Gateway
PAY0002501,BKG002510,2025-05-19,Visa,375.38,Captured,4.5,GBP,Payment Gateway
PAY0002502,BKG002513,2024-08-24,Bank Transfer,745.44,Captured,0,GBP,Payment Gateway
PAY0002503,BKG002514,2024-04-19,Mastercard,507.07,Captured,7.1,GBP,Payment Gateway
PAY0002504,BKG002515,2026-04-23,American Express,46.26,Captured,0.74,GBP,Payment Gateway
PAY0002505,BKG002515,2026-05-01,Visa,138.77,Captured,1.94,GBP,Payment Gateway
PAY0002506,BKG002516,2025-12-17,Cash,189.65,Captured,0,GBP,Front Desk/PMS
PAY0002507,BKG002517,2024-06-30,Visa,421.7,Captured,7.59,GBP,Payment Gateway
PAY0002508,BKG002520,2024-12-01,Visa,325.57,Captured,5.21,GBP,Payment Gateway
PAY0002509,BKG002521,2026-08-26,Visa,158.8,Captured,2.86,GBP,Payment Gateway
PAY0002510,BKG002522,2025-12-01,Mastercard,468.76,Captured,7.5,GBP,Payment Gateway
PAY0002511,BKG002523,2024-03-30,Bank Transfer,308.84,Captured,0,GBP,Payment Gateway
PAY0002512,BKG002524,2025-08-15,Apple Pay,559.05,Captured,10.06,GBP,Payment Gateway
PAY0002513,BKG002526,2026-05-28,Cash,48.46,Captured,0,GBP,Front Desk/PMS
PAY0002514,BKG002526,2026-05-31,Mastercard,145.37,Captured,2.04,GBP,Payment Gateway
PAY0002515,BKG002527,2025-07-28,Visa,176,Captured,3.17,GBP,Payment Gateway
PAY0002516,BKG002528,2024-02-17,Mastercard,489.09,Captured,6.85,GBP,Payment Gateway
PAY0002517,BKG002529,2026-05-02,Visa,768.08,Captured,10.75,GBP,Payment Gateway
PAY0002518,BKG002530,2024-01-08,Cash,98.72,Captured,0,GBP,Front Desk/PMS
PAY0002519,BKG002532,2025-07-21,Visa,648.34,Captured,9.08,GBP,Payment Gateway
PAY0002520,BKG002533,2024-10-02,Mastercard,876.49,Captured,15.78,GBP,Payment Gateway
PAY0002521,BKG002534,2026-05-24,Visa,544.15,Captured,6.53,GBP,Payment Gateway
PAY0002522,BKG002535,2025-05-12,Mastercard,720.1,Captured,10.08,GBP,Payment Gateway
PAY0002523,BKG002536,2025-01-29,Apple Pay,112.03,Captured,1.79,GBP,Payment Gateway
PAY0002524,BKG002537,2024-02-06,Cash,864.76,Captured,0,GBP,Front Desk/PMS
PAY0002525,BKG002538,2025-06-26,Bank Transfer,584,Captured,0,GBP,Payment Gateway
PAY0002526,BKG002539,2024-01-04,Bank Transfer,1996.63,Captured,0,GBP,Payment Gateway
PAY0002527,BKG002540,2024-12-22,Visa,205.16,Captured,2.46,GBP,Payment Gateway
PAY0002528,BKG002541,2026-04-16,American Express,683.48,Captured,8.2,GBP,Payment Gateway
PAY0002529,BKG002542,2024-12-03,Apple Pay,201.3,Captured,3.22,GBP,Payment Gateway
PAY0002530,BKG002543,2026-08-04,Visa,173.97,Captured,2.78,GBP,Payment Gateway
PAY0002531,BKG002544,2024-01-03,Visa,212.28,Captured,2.97,GBP,Payment Gateway
PAY0002532,BKG002544,2024-01-22,Mastercard,636.84,Captured,8.92,GBP,Payment Gateway
PAY0002533,BKG002545,2025-06-23,American Express,266.1,Captured,3.73,GBP,Payment Gateway
PAY0002534,BKG002546,2025-01-16,Visa,91.72,Captured,1.28,GBP,Payment Gateway
PAY0002535,BKG002547,2024-06-27,Mastercard,1285.13,Captured,17.99,GBP,Payment Gateway
PAY0002536,BKG002548,2024-10-16,Apple Pay,526.16,Captured,7.37,GBP,Payment Gateway
PAY0002537,BKG002549,2024-04-01,Apple Pay,853.2,Captured,10.24,GBP,Payment Gateway
PAY0002538,BKG002550,2024-05-08,Visa,145.47,Captured,1.75,GBP,Payment Gateway
PAY0002539,BKG002551,2024-06-07,American Express,808.11,Captured,12.93,GBP,Payment Gateway
PAY0002540,BKG002552,2024-04-25,Apple Pay,967.49,Captured,11.61,GBP,Payment Gateway
PAY0002541,BKG002553,2026-06-09,American Express,223.1,Captured,3.12,GBP,Payment Gateway
PAY0002542,BKG002554,2026-06-26,Bank Transfer,254.3,Captured,0,GBP,Payment Gateway
PAY0002543,BKG002555,2024-07-15,Mastercard,421.92,Captured,5.06,GBP,Payment Gateway
PAY0002544,BKG002556,2025-12-06,American Express,207.7,Captured,2.49,GBP,Payment Gateway
PAY0002545,BKG002557,2026-06-27,Visa,654.72,Captured,7.86,GBP,Payment Gateway
PAY0002546,BKG002558,2024-03-14,Mastercard,108.32,Captured,1.95,GBP,Payment Gateway
PAY0002547,BKG002558,2024-04-17,American Express,324.96,Captured,5.85,GBP,Payment Gateway
PAY0002548,BKG002559,2026-06-24,Cash,136.46,Captured,0,GBP,Front Desk/PMS
PAY0002549,BKG002560,2026-03-22,American Express,248.92,Captured,2.99,GBP,Payment Gateway
PAY0002550,BKG002562,2026-08-15,Visa,542.92,Captured,8.69,GBP,Payment Gateway
PAY0002551,BKG002563,2025-02-18,Visa,1374.47,Captured,16.49,GBP,Payment Gateway
PAY0002552,BKG002564,2024-11-27,American Express,595.12,Captured,10.71,GBP,Payment Gateway
PAY0002553,BKG002565,2026-07-22,Apple Pay,66.77,Captured,0.93,GBP,Payment Gateway
PAY0002554,BKG002565,2026-08-15,Visa,200.3,Captured,2.4,GBP,Payment Gateway
PAY0002555,BKG002566,2024-09-18,Visa,115.53,Captured,1.39,GBP,Payment Gateway
PAY0002556,BKG002567,2026-07-08,Visa,129.92,Captured,1.82,GBP,Payment Gateway
PAY0002557,BKG002568,2025-03-24,Apple Pay,49.16,Captured,0.59,GBP,Payment Gateway
PAY0002558,BKG002568,2025-04-15,Mastercard,147.48,Captured,2.06,GBP,Payment Gateway
PAY0002559,BKG002569,2025-08-19,Mastercard,737.37,Captured,10.32,GBP,Payment Gateway
PAY0002560,BKG002570,2024-08-07,Mastercard,136.26,Captured,1.91,GBP,Payment Gateway
PAY0002561,BKG002571,2026-05-15,Google Pay,121.65,Captured,1.7,GBP,Payment Gateway
PAY0002562,BKG002572,2026-06-30,Mastercard,222.91,Captured,2.67,GBP,Payment Gateway
PAY0002563,BKG002573,2025-07-26,Bank Transfer,115.27,Captured,0,GBP,Payment Gateway
PAY0002564,BKG002573,2025-08-05,Apple Pay,345.81,Captured,4.84,GBP,Payment Gateway
PAY0002565,BKG002574,2026-03-31,Visa,403.73,Captured,6.46,GBP,Payment Gateway
PAY0002566,BKG002575,2025-12-23,Mastercard,897.78,Captured,10.77,GBP,Payment Gateway
PAY0002567,BKG002576,2025-05-31,Mastercard,342.82,Captured,4.8,GBP,Payment Gateway
PAY0002568,BKG002577,2024-06-22,Mastercard,689.31,Captured,12.41,GBP,Payment Gateway
PAY0002569,BKG002578,2026-08-05,Visa,214.98,Captured,2.58,GBP,Payment Gateway
PAY0002570,BKG002579,2024-08-19,Visa,1315.41,Captured,21.05,GBP,Payment Gateway
PAY0002571,BKG002580,2026-03-06,American Express,148.31,Captured,2.37,GBP,Payment Gateway
PAY0002572,BKG002581,2026-06-22,Visa,105.3,Captured,1.47,GBP,Payment Gateway
PAY0002573,BKG002582,2024-08-03,Google Pay,365.94,Captured,5.86,GBP,Payment Gateway
PAY0002574,BKG002583,2026-05-12,Google Pay,133.22,Captured,1.87,GBP,Payment Gateway
PAY0002575,BKG002584,2026-04-12,Google Pay,157.15,Captured,2.83,GBP,Payment Gateway
PAY0002576,BKG002584,2026-05-09,Visa,471.44,Captured,8.49,GBP,Payment Gateway
PAY0002577,BKG002585,2024-06-19,Bank Transfer,114.5,Captured,0,GBP,Payment Gateway
PAY0002578,BKG002586,2025-03-15,Cash,251.99,Captured,0,GBP,Front Desk/PMS
PAY0002579,BKG002587,2024-08-18,Visa,674.11,Captured,8.09,GBP,Payment Gateway
PAY0002580,BKG002588,2024-07-07,Mastercard,84.77,Captured,1.19,GBP,Payment Gateway
PAY0002581,BKG002588,2024-08-27,Mastercard,254.31,Captured,3.05,GBP,Payment Gateway
PAY0002582,BKG002589,2024-12-18,Bank Transfer,702.51,Captured,0,GBP,Payment Gateway
PAY0002583,BKG002590,2024-06-28,Visa,598.74,Captured,8.38,GBP,Payment Gateway
PAY0002584,BKG002592,2026-04-11,American Express,248.46,Captured,3.98,GBP,Payment Gateway
PAY0002585,BKG002593,2026-06-25,Visa,235.54,Captured,4.24,GBP,Payment Gateway
PAY0002586,BKG002594,2024-07-05,Visa,177.71,Captured,2.49,GBP,Payment Gateway
PAY0002587,BKG002595,2026-03-13,American Express,400.04,Captured,4.8,GBP,Payment Gateway
PAY0002588,BKG002596,2024-09-30,Visa,280.41,Captured,4.49,GBP,Payment Gateway
PAY0002589,BKG002597,2025-08-02,Mastercard,239.54,Captured,2.87,GBP,Payment Gateway
PAY0002590,BKG002598,2024-07-16,Visa,190.04,Captured,2.28,GBP,Payment Gateway
PAY0002591,BKG002601,2025-04-21,American Express,446.83,Captured,6.26,GBP,Payment Gateway
PAY0002592,BKG002602,2026-02-03,Bank Transfer,365.48,Captured,0,GBP,Payment Gateway
PAY0002593,BKG002603,2026-06-04,Visa,1110.99,Captured,17.78,GBP,Payment Gateway
PAY0002594,BKG002604,2025-03-05,Cash,731.8,Captured,0,GBP,Front Desk/PMS
PAY0002595,BKG002605,2025-06-14,Mastercard,187.55,Captured,2.25,GBP,Payment Gateway
PAY0002596,BKG002606,2024-04-20,Visa,198.96,Captured,2.39,GBP,Payment Gateway
PAY0002597,BKG002607,2025-05-14,Google Pay,130.72,Captured,2.35,GBP,Payment Gateway
PAY0002598,BKG002608,2024-05-13,Visa,143.29,Captured,2.58,GBP,Payment Gateway
PAY0002599,BKG002608,2024-05-22,Bank Transfer,429.86,Captured,0,GBP,Payment Gateway
PAY0002600,BKG002609,2024-11-06,Visa,283.56,Captured,5.1,GBP,Payment Gateway
PAY0002601,BKG002610,2024-12-17,Mastercard,460.56,Captured,5.53,GBP,Payment Gateway
PAY0002602,BKG002611,2026-08-09,Google Pay,546.3,Captured,9.83,GBP,Payment Gateway
PAY0002603,BKG002612,2025-11-23,Bank Transfer,134.9,Captured,0,GBP,Payment Gateway
PAY0002604,BKG002613,2026-03-21,Apple Pay,354.06,Captured,6.37,GBP,Payment Gateway
PAY0002605,BKG002613,2026-04-18,Visa,1062.16,Captured,12.75,GBP,Payment Gateway
PAY0002606,BKG002614,2026-06-13,Visa,263.02,Captured,3.68,GBP,Payment Gateway
PAY0002607,BKG002615,2026-08-17,Mastercard,167.94,Captured,2.35,GBP,Payment Gateway
PAY0002608,BKG002616,2025-03-01,Visa,159.28,Captured,1.91,GBP,Payment Gateway
PAY0002609,BKG002617,2025-01-20,Visa,353.66,Captured,4.95,GBP,Payment Gateway
PAY0002610,BKG002618,2024-09-02,American Express,336.83,Captured,5.39,GBP,Payment Gateway
PAY0002611,BKG002619,2025-12-13,Cash,320.42,Captured,0,GBP,Front Desk/PMS
PAY0002612,BKG002620,2026-03-24,Mastercard,309.14,Captured,3.71,GBP,Payment Gateway
PAY0002613,BKG002621,2025-02-17,Visa,1068.15,Captured,17.09,GBP,Payment Gateway
PAY0002614,BKG002622,2024-09-22,Cash,73.67,Captured,0,GBP,Front Desk/PMS
PAY0002615,BKG002622,2024-09-22,Mastercard,221,Captured,3.09,GBP,Payment Gateway
PAY0002616,BKG002623,2024-09-14,Mastercard,1034.6,Captured,12.42,GBP,Payment Gateway
PAY0002617,BKG002624,2026-06-15,Visa,509.19,Captured,8.15,GBP,Payment Gateway
PAY0002618,BKG002625,2025-02-09,Google Pay,792.45,Captured,12.68,GBP,Payment Gateway
PAY0002619,BKG002626,2025-05-12,Visa,580.99,Captured,9.3,GBP,Payment Gateway
PAY0002620,BKG002628,2024-01-08,Visa,294.33,Captured,3.53,GBP,Payment Gateway
PAY0002621,BKG002629,2024-11-15,Visa,149.97,Captured,2.4,GBP,Payment Gateway
PAY0002622,BKG002629,2024-12-21,Visa,449.92,Captured,8.1,GBP,Payment Gateway
PAY0002623,BKG002630,2024-10-17,Bank Transfer,381.44,Captured,0,GBP,Payment Gateway
PAY0002624,BKG002631,2024-05-30,Bank Transfer,326.04,Captured,0,GBP,Payment Gateway
PAY0002625,BKG002633,2025-05-10,Google Pay,53.59,Captured,0.75,GBP,Payment Gateway
PAY0002626,BKG002633,2025-05-18,Bank Transfer,160.78,Captured,0,GBP,Payment Gateway
PAY0002627,BKG002634,2024-06-10,Visa,205.43,Captured,2.47,GBP,Payment Gateway
PAY0002628,BKG002635,2025-05-22,Mastercard,445.36,Captured,6.24,GBP,Payment Gateway
PAY0002629,BKG002636,2025-01-27,Visa,481.53,Captured,7.7,GBP,Payment Gateway
PAY0002630,BKG002637,2024-05-15,Apple Pay,238.36,Captured,4.29,GBP,Payment Gateway
PAY0002631,BKG002638,2026-08-07,Mastercard,197.22,Captured,3.55,GBP,Payment Gateway
PAY0002632,BKG002639,2025-08-01,Visa,374.48,Captured,6.74,GBP,Payment Gateway
PAY0002633,BKG002639,2025-08-20,Apple Pay,1123.43,Captured,20.22,GBP,Payment Gateway
PAY0002634,BKG002640,2024-05-09,Mastercard,430.53,Captured,6.89,GBP,Payment Gateway
PAY0002635,BKG002641,2025-08-30,Mastercard,614.88,Captured,7.38,GBP,Payment Gateway
PAY0002636,BKG002642,2026-08-29,Visa,83.96,Captured,1.51,GBP,Payment Gateway
PAY0002637,BKG002643,2024-10-19,Visa,92.82,Captured,1.3,GBP,Payment Gateway
PAY0002638,BKG002646,2026-01-23,Bank Transfer,186.52,Captured,0,GBP,Payment Gateway
PAY0002639,BKG002647,2026-07-29,Visa,973.76,Captured,11.69,GBP,Payment Gateway
PAY0002640,BKG002648,2024-10-24,Bank Transfer,175.7,Captured,0,GBP,Payment Gateway
PAY0002641,BKG002648,2025-01-06,American Express,527.11,Captured,7.38,GBP,Payment Gateway
PAY0002642,BKG002650,2026-04-27,Apple Pay,960.57,Captured,17.29,GBP,Payment Gateway
PAY0002643,BKG002651,2025-03-06,Visa,871.14,Captured,15.68,GBP,Payment Gateway
PAY0002644,BKG002652,2025-09-03,Mastercard,1446.88,Captured,20.26,GBP,Payment Gateway
PAY0002645,BKG002654,2024-07-26,Cash,651.2,Captured,0,GBP,Front Desk/PMS
PAY0002646,BKG002655,2024-03-07,Apple Pay,544.8,Captured,7.63,GBP,Payment Gateway
PAY0002647,BKG002656,2024-06-01,Mastercard,215.27,Captured,3.01,GBP,Payment Gateway
PAY0002648,BKG002657,2025-03-27,Visa,443.73,Captured,6.21,GBP,Payment Gateway
PAY0002649,BKG002658,2026-08-02,Bank Transfer,87.79,Captured,0,GBP,Payment Gateway
PAY0002650,BKG002659,2025-08-03,Mastercard,4364.24,Captured,69.83,GBP,Payment Gateway
PAY0002651,BKG002660,2024-06-03,Visa,631.08,Captured,10.1,GBP,Payment Gateway
PAY0002652,BKG002661,2026-08-25,Visa,258.51,Captured,4.65,GBP,Payment Gateway
PAY0002653,BKG002662,2025-08-22,Mastercard,414.32,Captured,6.63,GBP,Payment Gateway
PAY0002654,BKG002663,2024-07-04,American Express,1046.8,Captured,14.66,GBP,Payment Gateway
PAY0002655,BKG002664,2025-08-24,Visa,50.49,Captured,0.71,GBP,Payment Gateway
PAY0002656,BKG002664,2025-10-03,American Express,151.47,Captured,1.82,GBP,Payment Gateway
PAY0002657,BKG002665,2026-03-14,Visa,159.66,Captured,1.92,GBP,Payment Gateway
PAY0002658,BKG002666,2024-03-13,Mastercard,359.21,Captured,6.47,GBP,Payment Gateway
PAY0002659,BKG002667,2026-05-22,Mastercard,338.58,Captured,6.09,GBP,Payment Gateway
PAY0002660,BKG002668,2026-07-14,Apple Pay,427.45,Captured,5.13,GBP,Payment Gateway
PAY0002661,BKG002669,2024-12-01,Bank Transfer,871.25,Captured,0,GBP,Payment Gateway
PAY0002662,BKG002670,2024-11-17,Bank Transfer,156.2,Captured,0,GBP,Payment Gateway
PAY0002663,BKG002671,2025-12-15,Google Pay,204.44,Captured,3.68,GBP,Payment Gateway
PAY0002664,BKG002672,2026-02-20,Visa,212.46,Captured,2.97,GBP,Payment Gateway
PAY0002665,BKG002673,2024-07-15,Mastercard,248.93,Captured,3.98,GBP,Payment Gateway
PAY0002666,BKG002673,2024-08-06,Mastercard,746.78,Captured,13.44,GBP,Payment Gateway
PAY0002667,BKG002674,2024-08-23,Visa,365.04,Captured,5.84,GBP,Payment Gateway
PAY0002668,BKG002675,2024-06-30,Mastercard,173.98,Captured,2.78,GBP,Payment Gateway
PAY0002669,BKG002676,2024-09-01,Google Pay,425.07,Captured,5.95,GBP,Payment Gateway
PAY0002670,BKG002677,2025-04-05,American Express,962.01,Captured,11.54,GBP,Payment Gateway
PAY0002671,BKG002678,2025-02-04,American Express,85.67,Captured,1.37,GBP,Payment Gateway
PAY0002672,BKG002678,2025-02-04,Mastercard,257.01,Captured,4.63,GBP,Payment Gateway
PAY0002673,BKG002679,2026-05-29,American Express,51.01,Captured,0.82,GBP,Payment Gateway
PAY0002674,BKG002679,2026-07-02,Apple Pay,153.02,Captured,2.14,GBP,Payment Gateway
PAY0002675,BKG002680,2025-09-26,Visa,333.48,Captured,6,GBP,Payment Gateway
PAY0002676,BKG002680,2025-10-26,Bank Transfer,1000.45,Captured,0,GBP,Payment Gateway
PAY0002677,BKG002681,2026-08-13,Mastercard,807.51,Captured,11.31,GBP,Payment Gateway
PAY0002678,BKG002682,2025-10-26,Visa,623.32,Captured,8.73,GBP,Payment Gateway
PAY0002679,BKG002683,2026-08-19,Mastercard,577.35,Captured,8.08,GBP,Payment Gateway
PAY0002680,BKG002684,2024-11-16,Bank Transfer,741.26,Captured,0,GBP,Payment Gateway
PAY0002681,BKG002685,2024-08-05,Bank Transfer,502.1,Captured,0,GBP,Payment Gateway
PAY0002682,BKG002686,2025-05-11,Mastercard,508.39,Captured,8.13,GBP,Payment Gateway
PAY0002683,BKG002687,2025-06-12,Visa,336.93,Captured,5.39,GBP,Payment Gateway
PAY0002684,BKG002688,2026-03-15,Visa,291.51,Captured,5.25,GBP,Payment Gateway
PAY0002685,BKG002689,2024-09-24,Mastercard,513.03,Captured,8.21,GBP,Payment Gateway
PAY0002686,BKG002691,2026-07-07,Cash,534.3,Captured,0,GBP,Front Desk/PMS
PAY0002687,BKG002692,2026-04-30,Mastercard,378.04,Captured,5.29,GBP,Payment Gateway
PAY0002688,BKG002693,2025-05-18,Cash,2100.47,Captured,0,GBP,Front Desk/PMS
PAY0002689,BKG002695,2026-06-16,Mastercard,346.61,Captured,4.85,GBP,Payment Gateway
PAY0002690,BKG002695,2026-06-25,Bank Transfer,1039.84,Captured,0,GBP,Payment Gateway
PAY0002691,BKG002696,2024-08-25,Visa,170.82,Captured,2.39,GBP,Payment Gateway
PAY0002692,BKG002697,2025-07-02,Visa,381.25,Captured,5.34,GBP,Payment Gateway
PAY0002693,BKG002698,2026-03-16,American Express,145.01,Captured,1.74,GBP,Payment Gateway
PAY0002694,BKG002699,2026-01-12,Visa,844.07,Captured,10.13,GBP,Payment Gateway
PAY0002695,BKG002700,2025-03-11,Mastercard,884.25,Captured,15.92,GBP,Payment Gateway
PAY0002696,BKG002701,2026-07-07,Apple Pay,610.28,Captured,10.99,GBP,Payment Gateway
PAY0002697,BKG002702,2025-12-14,Mastercard,102.71,Captured,1.23,GBP,Payment Gateway
PAY0002698,BKG002703,2026-06-28,Mastercard,510.36,Captured,9.19,GBP,Payment Gateway
PAY0002699,BKG002705,2025-04-05,Visa,222.42,Captured,3.11,GBP,Payment Gateway
PAY0002700,BKG002706,2025-08-31,Visa,391.57,Captured,7.05,GBP,Payment Gateway
PAY0002701,BKG002707,2025-09-14,Mastercard,156.47,Captured,2.5,GBP,Payment Gateway
PAY0002702,BKG002708,2024-03-10,Visa,601.86,Captured,10.83,GBP,Payment Gateway
PAY0002703,BKG002709,2025-01-01,Cash,210.75,Captured,0,GBP,Front Desk/PMS
PAY0002704,BKG002710,2025-11-02,American Express,132.9,Captured,1.59,GBP,Payment Gateway
PAY0002705,BKG002711,2025-03-13,Visa,413.03,Captured,6.61,GBP,Payment Gateway
PAY0002706,BKG002712,2024-09-24,Visa,1831.3,Captured,25.64,GBP,Payment Gateway
PAY0002707,BKG002713,2024-09-03,Mastercard,1363.33,Captured,24.54,GBP,Payment Gateway
PAY0002708,BKG002714,2026-08-17,Mastercard,302.71,Captured,4.84,GBP,Payment Gateway
PAY0002709,BKG002715,2024-01-21,Visa,197.62,Captured,3.16,GBP,Payment Gateway
PAY0002710,BKG002719,2026-05-26,Mastercard,365.2,Captured,5.11,GBP,Payment Gateway
PAY0002711,BKG002721,2025-01-03,Bank Transfer,372.2,Captured,0,GBP,Payment Gateway
PAY0002712,BKG002722,2024-03-20,Mastercard,166.72,Captured,2.67,GBP,Payment Gateway
PAY0002713,BKG002723,2026-07-04,Visa,347.1,Captured,4.86,GBP,Payment Gateway
PAY0002714,BKG002724,2024-06-08,American Express,64.48,Captured,1.16,GBP,Payment Gateway
PAY0002715,BKG002724,2024-06-17,Bank Transfer,193.45,Captured,0,GBP,Payment Gateway
PAY0002716,BKG002725,2024-11-13,Google Pay,125.73,Captured,2.01,GBP,Payment Gateway
PAY0002717,BKG002725,2024-12-09,Mastercard,377.2,Captured,6.04,GBP,Payment Gateway
PAY0002718,BKG002727,2024-03-28,Mastercard,131.1,Captured,2.1,GBP,Payment Gateway
PAY0002719,BKG002728,2026-08-08,Mastercard,182.11,Captured,2.91,GBP,Payment Gateway
PAY0002720,BKG002729,2024-02-20,Visa,290.65,Captured,3.49,GBP,Payment Gateway
PAY0002721,BKG002731,2024-11-07,Mastercard,382.09,Captured,5.35,GBP,Payment Gateway
PAY0002722,BKG002733,2025-11-02,Visa,64.55,Captured,0.77,GBP,Payment Gateway
PAY0002723,BKG002733,2025-11-10,Visa,193.65,Captured,2.32,GBP,Payment Gateway
PAY0002724,BKG002734,2025-03-03,Mastercard,107.49,Captured,1.5,GBP,Payment Gateway
PAY0002725,BKG002734,2025-03-19,Mastercard,322.46,Captured,5.8,GBP,Payment Gateway
PAY0002726,BKG002735,2025-03-11,Apple Pay,265.72,Captured,3.72,GBP,Payment Gateway
PAY0002727,BKG002736,2025-08-03,Mastercard,1010.66,Captured,12.13,GBP,Payment Gateway
PAY0002728,BKG002737,2025-04-01,Mastercard,80.17,Captured,1.44,GBP,Payment Gateway
PAY0002729,BKG002737,2025-04-25,Mastercard,240.51,Captured,3.85,GBP,Payment Gateway
PAY0002730,BKG002738,2024-05-04,Mastercard,90.87,Captured,1.27,GBP,Payment Gateway
PAY0002731,BKG002739,2024-10-19,Bank Transfer,1658.72,Captured,0,GBP,Payment Gateway
PAY0002732,BKG002740,2025-06-02,American Express,124.33,Captured,1.49,GBP,Payment Gateway
PAY0002733,BKG002741,2025-03-10,Mastercard,217.57,Captured,3.48,GBP,Payment Gateway
PAY0002734,BKG002743,2026-05-21,Apple Pay,575.64,Captured,6.91,GBP,Payment Gateway
PAY0002735,BKG002744,2026-07-16,Mastercard,1181.48,Captured,16.54,GBP,Payment Gateway
PAY0002736,BKG002745,2025-02-16,Visa,216.49,Captured,3.03,GBP,Payment Gateway
PAY0002737,BKG002746,2024-03-04,Mastercard,294.49,Captured,4.71,GBP,Payment Gateway
PAY0002738,BKG002747,2024-12-14,Cash,88.78,Captured,0,GBP,Front Desk/PMS
PAY0002739,BKG002747,2024-12-14,Apple Pay,266.34,Captured,4.79,GBP,Payment Gateway
PAY0002740,BKG002748,2026-06-06,Mastercard,363.04,Captured,6.53,GBP,Payment Gateway
PAY0002741,BKG002749,2024-06-21,Cash,159.06,Captured,0,GBP,Front Desk/PMS
PAY0002742,BKG002749,2024-06-27,Visa,477.18,Captured,7.63,GBP,Payment Gateway
PAY0002743,BKG002751,2025-03-04,Mastercard,2534.82,Captured,45.63,GBP,Payment Gateway
PAY0002744,BKG002752,2024-05-01,Cash,393.84,Captured,0,GBP,Front Desk/PMS
PAY0002745,BKG002753,2026-02-07,Mastercard,682.31,Captured,8.19,GBP,Payment Gateway
PAY0002746,BKG002754,2024-11-22,Visa,108.35,Captured,1.73,GBP,Payment Gateway
PAY0002747,BKG002754,2024-12-04,Cash,325.05,Captured,0,GBP,Front Desk/PMS
PAY0002748,BKG002755,2024-06-13,Mastercard,137.5,Captured,2.47,GBP,Payment Gateway
PAY0002749,BKG002756,2024-08-09,Cash,300.35,Captured,0,GBP,Front Desk/PMS
PAY0002750,BKG002757,2024-07-10,Cash,547.48,Captured,0,GBP,Front Desk/PMS
PAY0002751,BKG002758,2026-08-07,Mastercard,1084.2,Captured,19.52,GBP,Payment Gateway
PAY0002752,BKG002759,2025-01-14,Mastercard,108.68,Captured,1.3,GBP,Payment Gateway
PAY0002753,BKG002760,2024-05-08,Cash,3667.19,Captured,0,GBP,Front Desk/PMS
PAY0002754,BKG002761,2025-06-26,Visa,646.16,Captured,9.05,GBP,Payment Gateway
PAY0002755,BKG002762,2026-04-28,Apple Pay,326.06,Captured,5.22,GBP,Payment Gateway
PAY0002756,BKG002763,2026-01-01,Cash,74.81,Captured,0,GBP,Front Desk/PMS
PAY0002757,BKG002763,2026-01-12,Cash,224.43,Captured,0,GBP,Front Desk/PMS
PAY0002758,BKG002764,2025-10-04,Mastercard,72.13,Captured,0.87,GBP,Payment Gateway
PAY0002759,BKG002764,2025-10-06,Visa,216.4,Captured,3.46,GBP,Payment Gateway
PAY0002760,BKG002765,2026-05-27,Mastercard,181.69,Captured,3.27,GBP,Payment Gateway
PAY0002761,BKG002766,2024-05-15,Cash,392.69,Captured,0,GBP,Front Desk/PMS
PAY0002762,BKG002767,2025-09-12,American Express,473.99,Captured,5.69,GBP,Payment Gateway
PAY0002763,BKG002768,2024-04-17,Mastercard,639.03,Captured,8.95,GBP,Payment Gateway
PAY0002764,BKG002769,2024-05-12,Mastercard,1058.68,Captured,16.94,GBP,Payment Gateway
PAY0002765,BKG002770,2025-09-25,Bank Transfer,350.16,Captured,0,GBP,Payment Gateway
PAY0002766,BKG002771,2026-07-03,Apple Pay,153.07,Captured,1.84,GBP,Payment Gateway
PAY0002767,BKG002772,2025-02-08,Mastercard,141.92,Captured,1.7,GBP,Payment Gateway
PAY0002768,BKG002774,2024-07-17,Bank Transfer,228.98,Captured,0,GBP,Payment Gateway
PAY0002769,BKG002775,2026-04-20,Mastercard,610.21,Captured,10.98,GBP,Payment Gateway
PAY0002770,BKG002776,2025-06-22,Visa,340.86,Captured,6.14,GBP,Payment Gateway
PAY0002771,BKG002777,2025-10-21,Apple Pay,469.09,Captured,6.57,GBP,Payment Gateway
PAY0002772,BKG002778,2024-12-02,Visa,338.66,Captured,6.1,GBP,Payment Gateway
PAY0002773,BKG002779,2024-04-29,Visa,382.53,Captured,6.12,GBP,Payment Gateway
PAY0002774,BKG002780,2026-07-23,Google Pay,493.23,Captured,5.92,GBP,Payment Gateway
PAY0002775,BKG002781,2026-04-15,Mastercard,963.2,Captured,15.41,GBP,Payment Gateway
PAY0002776,BKG002782,2024-04-21,Google Pay,395.1,Captured,4.74,GBP,Payment Gateway
PAY0002777,BKG002783,2026-02-25,Cash,123.29,Captured,0,GBP,Front Desk/PMS
PAY0002778,BKG002784,2025-01-09,Mastercard,1699.04,Captured,30.58,GBP,Payment Gateway
PAY0002779,BKG002785,2025-08-22,American Express,626.82,Captured,10.03,GBP,Payment Gateway
PAY0002780,BKG002786,2024-05-30,Visa,251.19,Captured,4.02,GBP,Payment Gateway
PAY0002781,BKG002787,2024-05-15,Visa,328.2,Captured,4.59,GBP,Payment Gateway
PAY0002782,BKG002788,2025-10-06,Mastercard,236.22,Captured,3.78,GBP,Payment Gateway
PAY0002783,BKG002789,2025-04-04,Cash,650.54,Captured,0,GBP,Front Desk/PMS
PAY0002784,BKG002790,2024-06-02,Apple Pay,345.01,Captured,5.52,GBP,Payment Gateway
PAY0002785,BKG002791,2026-06-19,Visa,141.66,Captured,1.98,GBP,Payment Gateway
PAY0002786,BKG002792,2026-03-15,Mastercard,373.62,Captured,5.23,GBP,Payment Gateway
PAY0002787,BKG002793,2026-06-17,Visa,813.85,Captured,14.65,GBP,Payment Gateway
PAY0002788,BKG002794,2025-08-28,Apple Pay,402.26,Captured,4.83,GBP,Payment Gateway
PAY0002789,BKG002795,2025-12-22,Google Pay,224.65,Captured,2.7,GBP,Payment Gateway
PAY0002790,BKG002796,2025-01-18,Bank Transfer,2929.12,Captured,0,GBP,Payment Gateway
PAY0002791,BKG002797,2026-02-20,Visa,52.35,Captured,0.73,GBP,Payment Gateway
PAY0002792,BKG002797,2026-02-24,Visa,157.06,Captured,2.83,GBP,Payment Gateway
PAY0002793,BKG002798,2025-08-12,Apple Pay,274.37,Captured,3.84,GBP,Payment Gateway
PAY0002794,BKG002799,2026-05-18,Visa,230.07,Captured,3.22,GBP,Payment Gateway
PAY0002795,BKG002800,2025-04-29,Bank Transfer,55.31,Captured,0,GBP,Payment Gateway
PAY0002796,BKG002800,2025-05-05,Mastercard,165.93,Captured,2.65,GBP,Payment Gateway
PAY0002797,BKG002801,2026-02-17,Mastercard,329.36,Captured,5.93,GBP,Payment Gateway
PAY0002798,BKG002802,2024-11-03,Mastercard,73.52,Captured,1.03,GBP,Payment Gateway
PAY0002799,BKG002802,2024-11-28,Mastercard,220.57,Captured,3.53,GBP,Payment Gateway
PAY0002800,BKG002803,2025-04-20,Apple Pay,555.83,Captured,7.78,GBP,Payment Gateway
PAY0002801,BKG002804,2024-06-12,Bank Transfer,227.83,Captured,0,GBP,Payment Gateway
PAY0002802,BKG002805,2024-06-26,Apple Pay,99.17,Captured,1.19,GBP,Payment Gateway
PAY0002803,BKG002806,2026-01-23,Mastercard,1794.75,Captured,21.54,GBP,Payment Gateway
PAY0002804,BKG002807,2024-05-19,Apple Pay,997.74,Captured,13.97,GBP,Payment Gateway
PAY0002805,BKG002808,2026-08-22,Bank Transfer,420.3,Captured,0,GBP,Payment Gateway
PAY0002806,BKG002809,2024-02-06,Apple Pay,293.45,Captured,3.52,GBP,Payment Gateway
PAY0002807,BKG002810,2024-07-18,American Express,120.63,Captured,1.93,GBP,Payment Gateway
PAY0002808,BKG002810,2024-07-25,Cash,361.88,Captured,0,GBP,Front Desk/PMS
PAY0002809,BKG002811,2025-07-21,Visa,238.08,Captured,3.33,GBP,Payment Gateway
PAY0002810,BKG002812,2026-05-09,Visa,259.46,Captured,4.67,GBP,Payment Gateway
PAY0002811,BKG002813,2024-12-18,Mastercard,457.36,Captured,8.23,GBP,Payment Gateway
PAY0002812,BKG002814,2024-12-22,Visa,1720.36,Captured,20.64,GBP,Payment Gateway
PAY0002813,BKG002815,2024-05-20,Cash,87.37,Captured,0,GBP,Front Desk/PMS
PAY0002814,BKG002815,2024-06-27,Visa,262.1,Captured,4.19,GBP,Payment Gateway
PAY0002815,BKG002816,2025-06-02,Visa,463.28,Captured,8.34,GBP,Payment Gateway
PAY0002816,BKG002817,2025-07-28,Apple Pay,420.06,Captured,5.88,GBP,Payment Gateway
PAY0002817,BKG002818,2025-09-17,Mastercard,398.53,Captured,7.17,GBP,Payment Gateway
PAY0002818,BKG002819,2026-05-17,Visa,1671.53,Captured,30.09,GBP,Payment Gateway
PAY0002819,BKG002820,2026-01-29,Visa,130.55,Captured,1.83,GBP,Payment Gateway
PAY0002820,BKG002822,2025-09-19,Apple Pay,132.98,Captured,2.39,GBP,Payment Gateway
PAY0002821,BKG002823,2025-02-27,Bank Transfer,744.73,Captured,0,GBP,Payment Gateway
PAY0002822,BKG002824,2024-02-08,Apple Pay,3641.91,Captured,65.55,GBP,Payment Gateway
PAY0002823,BKG002825,2025-07-06,Visa,135.58,Captured,1.9,GBP,Payment Gateway
PAY0002824,BKG002826,2024-05-02,Bank Transfer,183.86,Captured,0,GBP,Payment Gateway
PAY0002825,BKG002827,2026-08-17,Apple Pay,519.87,Captured,6.24,GBP,Payment Gateway
PAY0002826,BKG002828,2026-07-29,Cash,169.83,Captured,0,GBP,Front Desk/PMS
PAY0002827,BKG002829,2026-03-22,Mastercard,1089.66,Captured,15.26,GBP,Payment Gateway
PAY0002828,BKG002830,2024-11-24,Mastercard,510.76,Captured,9.19,GBP,Payment Gateway
PAY0002829,BKG002831,2024-07-07,American Express,160.56,Captured,2.25,GBP,Payment Gateway
PAY0002830,BKG002832,2025-01-06,Bank Transfer,121.62,Captured,0,GBP,Payment Gateway
PAY0002831,BKG002833,2024-06-19,American Express,169.48,Captured,2.71,GBP,Payment Gateway
PAY0002832,BKG002834,2024-02-12,Apple Pay,177.02,Captured,3.19,GBP,Payment Gateway
PAY0002833,BKG002835,2026-04-02,American Express,1274.15,Captured,17.84,GBP,Payment Gateway
PAY0002834,BKG002836,2024-05-25,Mastercard,328.67,Captured,4.6,GBP,Payment Gateway
PAY0002835,BKG002837,2024-03-17,Apple Pay,409.42,Captured,7.37,GBP,Payment Gateway
PAY0002836,BKG002838,2026-03-01,Visa,529.97,Captured,6.36,GBP,Payment Gateway
PAY0002837,BKG002839,2025-06-18,Bank Transfer,428.53,Captured,0,GBP,Payment Gateway
PAY0002838,BKG002840,2024-09-11,American Express,122.26,Captured,2.2,GBP,Payment Gateway
PAY0002839,BKG002840,2024-10-16,Visa,366.78,Captured,4.4,GBP,Payment Gateway
PAY0002840,BKG002841,2026-07-26,Cash,102.85,Captured,0,GBP,Front Desk/PMS
PAY0002841,BKG002842,2026-07-05,Mastercard,400.97,Captured,5.61,GBP,Payment Gateway
PAY0002842,BKG002845,2025-02-16,Visa,681.75,Captured,8.18,GBP,Payment Gateway
PAY0002843,BKG002846,2024-03-20,Google Pay,428.52,Captured,6,GBP,Payment Gateway
PAY0002844,BKG002847,2024-05-07,Visa,741.87,Captured,8.9,GBP,Payment Gateway
PAY0002845,BKG002848,2025-11-18,Visa,443.62,Captured,5.32,GBP,Payment Gateway
PAY0002846,BKG002849,2024-06-25,Cash,159.39,Captured,0,GBP,Front Desk/PMS
PAY0002847,BKG002849,2024-06-25,Mastercard,478.16,Captured,7.65,GBP,Payment Gateway
PAY0002848,BKG002850,2024-06-27,Visa,409.08,Captured,4.91,GBP,Payment Gateway
PAY0002849,BKG002851,2026-06-17,Mastercard,112.97,Captured,2.03,GBP,Payment Gateway
PAY0002850,BKG002851,2026-07-03,Cash,338.92,Captured,0,GBP,Front Desk/PMS
PAY0002851,BKG002852,2025-04-25,Visa,105.12,Captured,1.26,GBP,Payment Gateway
PAY0002852,BKG002853,2024-05-14,Mastercard,177.39,Captured,3.19,GBP,Payment Gateway
PAY0002853,BKG002855,2026-07-06,Mastercard,601.11,Captured,10.82,GBP,Payment Gateway
PAY0002854,BKG002857,2026-05-03,Mastercard,485,Captured,7.76,GBP,Payment Gateway
PAY0002855,BKG002859,2024-05-06,Apple Pay,263.82,Captured,3.69,GBP,Payment Gateway
PAY0002856,BKG002859,2024-06-28,Visa,791.47,Captured,12.66,GBP,Payment Gateway
PAY0002857,BKG002860,2026-03-13,Cash,97.72,Captured,0,GBP,Front Desk/PMS
PAY0002858,BKG002861,2026-06-28,Visa,111.84,Captured,1.34,GBP,Payment Gateway
PAY0002859,BKG002862,2026-02-05,Visa,138.92,Captured,2.22,GBP,Payment Gateway
PAY0002860,BKG002864,2026-05-30,Visa,472.57,Captured,8.51,GBP,Payment Gateway
PAY0002861,BKG002865,2025-09-29,Apple Pay,311.18,Captured,5.6,GBP,Payment Gateway
PAY0002862,BKG002865,2025-10-14,Apple Pay,933.54,Captured,16.8,GBP,Payment Gateway
PAY0002863,BKG002866,2025-10-06,Mastercard,553.84,Captured,6.65,GBP,Payment Gateway
PAY0002864,BKG002867,2024-05-22,Apple Pay,1050.15,Captured,12.6,GBP,Payment Gateway
PAY0002865,BKG002868,2024-08-18,Google Pay,164.14,Captured,2.63,GBP,Payment Gateway
PAY0002866,BKG002869,2025-09-05,Mastercard,752.28,Captured,12.04,GBP,Payment Gateway
PAY0002867,BKG002870,2025-03-11,Google Pay,682.98,Captured,8.2,GBP,Payment Gateway
PAY0002868,BKG002871,2024-12-20,Visa,126.9,Captured,2.03,GBP,Payment Gateway
PAY0002869,BKG002872,2024-11-29,Visa,152.43,Captured,2.44,GBP,Payment Gateway
PAY0002870,BKG002873,2025-03-23,American Express,212.75,Captured,3.4,GBP,Payment Gateway
PAY0002871,BKG002874,2026-08-27,American Express,310.76,Captured,4.35,GBP,Payment Gateway
PAY0002872,BKG002875,2025-09-18,Visa,112.63,Captured,1.58,GBP,Payment Gateway
PAY0002873,BKG002876,2026-04-15,Visa,257.58,Captured,3.61,GBP,Payment Gateway
PAY0002874,BKG002877,2024-07-21,American Express,482.36,Captured,8.68,GBP,Payment Gateway
PAY0002875,BKG002878,2026-06-07,American Express,171.49,Captured,2.06,GBP,Payment Gateway
PAY0002876,BKG002880,2026-01-14,Visa,111.2,Captured,1.78,GBP,Payment Gateway
PAY0002877,BKG002881,2023-12-28,Bank Transfer,59.3,Captured,0,GBP,Payment Gateway
PAY0002878,BKG002881,2023-12-30,Cash,177.88,Captured,0,GBP,Front Desk/PMS
PAY0002879,BKG002882,2024-10-09,Mastercard,293.96,Captured,5.29,GBP,Payment Gateway
PAY0002880,BKG002883,2026-06-28,American Express,420.26,Captured,5.04,GBP,Payment Gateway
PAY0002881,BKG002884,2024-10-27,Visa,106.84,Captured,1.92,GBP,Payment Gateway
PAY0002882,BKG002885,2024-05-15,Visa,1145.5,Captured,16.04,GBP,Payment Gateway
PAY0002883,BKG002886,2026-08-17,Visa,638.85,Captured,8.94,GBP,Payment Gateway
PAY0002884,BKG002887,2024-10-28,Mastercard,130.59,Captured,1.57,GBP,Payment Gateway
PAY0002885,BKG002888,2024-04-11,Apple Pay,1115.03,Captured,15.61,GBP,Payment Gateway
PAY0002886,BKG002889,2024-04-11,Apple Pay,586.53,Captured,9.38,GBP,Payment Gateway
PAY0002887,BKG002890,2024-01-08,Visa,1084.17,Captured,13.01,GBP,Payment Gateway
PAY0002888,BKG002891,2025-09-04,Mastercard,148.14,Captured,2.37,GBP,Payment Gateway
PAY0002889,BKG002892,2025-11-25,Visa,362.48,Captured,5.07,GBP,Payment Gateway
PAY0002890,BKG002893,2025-01-02,American Express,333.46,Captured,6,GBP,Payment Gateway
PAY0002891,BKG002894,2025-08-28,Google Pay,111.09,Captured,1.56,GBP,Payment Gateway
PAY0002892,BKG002895,2024-05-31,Mastercard,118.51,Captured,1.9,GBP,Payment Gateway
PAY0002893,BKG002896,2024-02-16,Mastercard,52.65,Captured,0.63,GBP,Payment Gateway
PAY0002894,BKG002896,2024-03-14,Visa,157.94,Captured,2.53,GBP,Payment Gateway
PAY0002895,BKG002897,2026-07-11,Mastercard,416.89,Captured,5.84,GBP,Payment Gateway
PAY0002896,BKG002898,2025-03-08,American Express,204.3,Captured,3.27,GBP,Payment Gateway
PAY0002897,BKG002899,2025-12-22,Google Pay,1000.6,Captured,14.01,GBP,Payment Gateway
PAY0002898,BKG002901,2025-04-10,Google Pay,236.38,Captured,4.25,GBP,Payment Gateway
PAY0002899,BKG002902,2026-07-21,Cash,350.96,Captured,0,GBP,Front Desk/PMS
PAY0002900,BKG002903,2025-06-09,Mastercard,293.14,Captured,5.28,GBP,Payment Gateway
PAY0002901,BKG002904,2026-08-01,Google Pay,567.6,Captured,10.22,GBP,Payment Gateway
PAY0002902,BKG002905,2024-11-22,Bank Transfer,195.91,Captured,0,GBP,Payment Gateway
PAY0002903,BKG002906,2025-09-26,Cash,154.7,Captured,0,GBP,Front Desk/PMS
PAY0002904,BKG002907,2026-04-11,Mastercard,1230.86,Captured,17.23,GBP,Payment Gateway
PAY0002905,BKG002908,2025-02-24,Mastercard,345.69,Captured,6.22,GBP,Payment Gateway
PAY0002906,BKG002910,2026-05-26,Google Pay,78.93,Captured,1.26,GBP,Payment Gateway
PAY0002907,BKG002910,2026-06-19,Mastercard,236.78,Captured,3.79,GBP,Payment Gateway
PAY0002908,BKG002911,2024-04-09,Cash,123.01,Captured,0,GBP,Front Desk/PMS
PAY0002909,BKG002912,2025-02-14,Mastercard,260.19,Captured,3.12,GBP,Payment Gateway
PAY0002910,BKG002913,2024-07-11,Visa,1117.61,Captured,13.41,GBP,Payment Gateway
PAY0002911,BKG002914,2024-06-20,Mastercard,287.41,Captured,5.17,GBP,Payment Gateway
PAY0002912,BKG002914,2024-07-23,American Express,862.24,Captured,15.52,GBP,Payment Gateway
PAY0002913,BKG002915,2025-12-05,Mastercard,92.25,Captured,1.66,GBP,Payment Gateway
PAY0002914,BKG002916,2024-06-16,Mastercard,483.09,Captured,7.73,GBP,Payment Gateway
PAY0002915,BKG002917,2026-06-15,Visa,507.57,Captured,9.14,GBP,Payment Gateway
PAY0002916,BKG002918,2024-07-19,Mastercard,159.99,Captured,1.92,GBP,Payment Gateway
PAY0002917,BKG002919,2025-12-10,Google Pay,143.69,Captured,2.01,GBP,Payment Gateway
PAY0002918,BKG002919,2025-12-23,Cash,431.08,Captured,0,GBP,Front Desk/PMS
PAY0002919,BKG002920,2026-05-14,Mastercard,153.72,Captured,2.15,GBP,Payment Gateway
PAY0002920,BKG002921,2026-01-14,Mastercard,547.29,Captured,7.66,GBP,Payment Gateway
PAY0002921,BKG002923,2024-02-27,American Express,328.72,Captured,5.92,GBP,Payment Gateway
PAY0002922,BKG002924,2024-11-30,Visa,1241.04,Captured,14.89,GBP,Payment Gateway
PAY0002923,BKG002925,2025-12-19,Mastercard,425.52,Captured,7.66,GBP,Payment Gateway
PAY0002924,BKG002926,2024-05-19,Visa,217.02,Captured,3.91,GBP,Payment Gateway
PAY0002925,BKG002927,2025-01-09,Google Pay,916.6,Captured,11,GBP,Payment Gateway
PAY0002926,BKG002928,2025-08-03,Google Pay,189.83,Captured,3.04,GBP,Payment Gateway
PAY0002927,BKG002928,2025-08-18,Visa,569.49,Captured,9.11,GBP,Payment Gateway
PAY0002928,BKG002929,2025-08-01,Bank Transfer,353.76,Captured,0,GBP,Payment Gateway
PAY0002929,BKG002930,2025-01-28,Mastercard,308.88,Captured,5.56,GBP,Payment Gateway
PAY0002930,BKG002931,2024-07-02,Visa,103.45,Captured,1.24,GBP,Payment Gateway
PAY0002931,BKG002931,2024-08-25,Mastercard,310.34,Captured,4.34,GBP,Payment Gateway
PAY0002932,BKG002932,2024-01-27,Mastercard,517.29,Captured,9.31,GBP,Payment Gateway
PAY0002933,BKG002933,2024-03-11,Apple Pay,366.27,Captured,5.13,GBP,Payment Gateway
PAY0002934,BKG002934,2025-05-25,Mastercard,813.45,Captured,14.64,GBP,Payment Gateway
PAY0002935,BKG002935,2026-04-13,American Express,1178.89,Captured,18.86,GBP,Payment Gateway
PAY0002936,BKG002938,2025-03-26,American Express,198.88,Captured,2.39,GBP,Payment Gateway
PAY0002937,BKG002940,2024-05-29,Mastercard,256.98,Captured,3.08,GBP,Payment Gateway
PAY0002938,BKG002941,2025-07-08,Bank Transfer,433.51,Captured,0,GBP,Payment Gateway
PAY0002939,BKG002942,2026-08-06,Bank Transfer,60.94,Captured,0,GBP,Payment Gateway
PAY0002940,BKG002943,2024-08-08,Mastercard,81.44,Captured,1.14,GBP,Payment Gateway
PAY0002941,BKG002943,2024-08-30,Visa,244.31,Captured,3.91,GBP,Payment Gateway
PAY0002942,BKG002944,2024-10-11,Visa,466.33,Captured,8.39,GBP,Payment Gateway
PAY0002943,BKG002945,2025-03-12,Google Pay,207.8,Captured,3.32,GBP,Payment Gateway
PAY0002944,BKG002946,2025-10-24,Apple Pay,449.58,Captured,6.29,GBP,Payment Gateway
PAY0002945,BKG002947,2026-08-29,Mastercard,449.16,Captured,7.19,GBP,Payment Gateway
PAY0002946,BKG002948,2026-04-11,Google Pay,305.44,Captured,3.67,GBP,Payment Gateway
PAY0002947,BKG002949,2026-03-15,Mastercard,102.1,Captured,1.43,GBP,Payment Gateway
PAY0002948,BKG002951,2024-08-21,American Express,448.16,Captured,8.07,GBP,Payment Gateway
PAY0002949,BKG002954,2024-02-20,Visa,158.36,Captured,1.9,GBP,Payment Gateway
PAY0002950,BKG002955,2024-06-29,Mastercard,174.53,Captured,2.09,GBP,Payment Gateway
PAY0002951,BKG002956,2024-02-18,Mastercard,49.54,Captured,0.89,GBP,Payment Gateway
PAY0002952,BKG002956,2024-03-09,Apple Pay,148.61,Captured,2.67,GBP,Payment Gateway
PAY0002953,BKG002957,2025-02-14,Apple Pay,286.2,Captured,5.15,GBP,Payment Gateway
PAY0002954,BKG002958,2025-09-13,Mastercard,1623.69,Captured,19.48,GBP,Payment Gateway
PAY0002955,BKG002959,2026-06-13,Apple Pay,289.67,Captured,3.48,GBP,Payment Gateway
PAY0002956,BKG002960,2024-03-19,Mastercard,92.09,Captured,1.11,GBP,Payment Gateway
PAY0002957,BKG002960,2024-04-23,Visa,276.26,Captured,4.97,GBP,Payment Gateway
PAY0002958,BKG002962,2026-08-11,Visa,143.57,Captured,1.72,GBP,Payment Gateway
PAY0002959,BKG002963,2024-12-21,Mastercard,487.17,Captured,8.77,GBP,Payment Gateway
PAY0002960,BKG002964,2025-11-05,Mastercard,49.44,Captured,0.59,GBP,Payment Gateway
PAY0002961,BKG002964,2025-11-05,Mastercard,148.32,Captured,2.08,GBP,Payment Gateway
PAY0002962,BKG002965,2024-05-25,American Express,2773.78,Captured,38.83,GBP,Payment Gateway
PAY0002963,BKG002966,2024-08-15,Cash,455.9,Captured,0,GBP,Front Desk/PMS
PAY0002964,BKG002967,2025-12-14,Mastercard,96.11,Captured,1.73,GBP,Payment Gateway
PAY0002965,BKG002968,2025-11-30,Bank Transfer,155.48,Captured,0,GBP,Payment Gateway
PAY0002966,BKG002969,2024-09-30,American Express,654.01,Captured,9.16,GBP,Payment Gateway
PAY0002967,BKG002970,2025-07-21,Visa,359.7,Captured,6.47,GBP,Payment Gateway
PAY0002968,BKG002972,2025-02-25,Cash,222.25,Captured,0,GBP,Front Desk/PMS
PAY0002969,BKG002973,2026-01-28,Visa,569.61,Captured,7.97,GBP,Payment Gateway
PAY0002970,BKG002974,2024-12-01,Visa,316.93,Captured,5.07,GBP,Payment Gateway
PAY0002971,BKG002975,2025-03-30,Apple Pay,77.8,Captured,1.24,GBP,Payment Gateway
PAY0002972,BKG002975,2025-04-01,Visa,233.39,Captured,3.27,GBP,Payment Gateway
PAY0002973,BKG002976,2024-05-16,Visa,155.25,Captured,2.17,GBP,Payment Gateway
PAY0002974,BKG002976,2024-05-24,Mastercard,465.75,Captured,6.52,GBP,Payment Gateway
PAY0002975,BKG002978,2026-07-23,Mastercard,176.23,Captured,2.47,GBP,Payment Gateway
PAY0002976,BKG002979,2025-08-09,American Express,112.45,Captured,1.8,GBP,Payment Gateway
PAY0002977,BKG002980,2026-04-22,Visa,962.8,Captured,15.4,GBP,Payment Gateway
PAY0002978,BKG002981,2025-02-23,Bank Transfer,816.55,Captured,0,GBP,Payment Gateway
PAY0002979,BKG002982,2025-04-29,Visa,313.44,Captured,5.02,GBP,Payment Gateway
PAY0002980,BKG002983,2024-09-08,Google Pay,269.88,Captured,4.86,GBP,Payment Gateway
PAY0002981,BKG002984,2024-03-11,Mastercard,103.61,Captured,1.24,GBP,Payment Gateway
PAY0002982,BKG002985,2024-10-25,Visa,621.54,Captured,7.46,GBP,Payment Gateway
PAY0002983,BKG002986,2026-04-01,Google Pay,151.17,Captured,1.81,GBP,Payment Gateway
PAY0002984,BKG002987,2026-05-29,Visa,582.92,Captured,8.16,GBP,Payment Gateway
PAY0002985,BKG002988,2026-03-13,Apple Pay,157.17,Captured,2.51,GBP,Payment Gateway
PAY0002986,BKG002989,2025-10-29,Visa,98.39,Captured,1.77,GBP,Payment Gateway
PAY0002987,BKG002989,2025-12-02,Visa,295.16,Captured,5.31,GBP,Payment Gateway
PAY0002988,BKG002990,2024-06-26,Mastercard,317.22,Captured,5.08,GBP,Payment Gateway
PAY0002989,BKG002991,2024-09-21,Visa,461.52,Captured,7.38,GBP,Payment Gateway
PAY0002990,BKG002992,2026-02-13,Visa,112.03,Captured,1.34,GBP,Payment Gateway
PAY0002991,BKG002994,2025-03-02,Visa,114.14,Captured,2.05,GBP,Payment Gateway
PAY0002992,BKG002994,2025-03-10,Cash,342.43,Captured,0,GBP,Front Desk/PMS
PAY0002993,BKG002995,2025-11-06,American Express,715.47,Captured,11.45,GBP,Payment Gateway
PAY0002994,BKG002996,2026-02-21,Mastercard,424.08,Captured,6.79,GBP,Payment Gateway
PAY0002995,BKG002997,2025-01-19,Visa,441,Captured,7.06,GBP,Payment Gateway
PAY0002996,BKG002998,2026-02-25,Google Pay,218.34,Captured,3.93,GBP,Payment Gateway
PAY0002997,BKG003000,2024-06-21,Mastercard,59.84,Captured,1.08,GBP,Payment Gateway
PAY0002998,BKG003000,2024-07-15,Visa,179.53,Captured,2.51,GBP,Payment Gateway
PAY0002999,BKG003001,2025-09-25,Visa,661.86,Captured,10.59,GBP,Payment Gateway
PAY0003000,BKG003003,2024-06-09,Apple Pay,575.8,Captured,8.06,GBP,Payment Gateway
PAY0003001,BKG003004,2024-01-02,Mastercard,354.52,Captured,6.38,GBP,Payment Gateway
PAY0003002,BKG003005,2026-05-05,Apple Pay,54.99,Captured,0.88,GBP,Payment Gateway
PAY0003003,BKG003005,2026-08-03,Bank Transfer,164.97,Captured,0,GBP,Payment Gateway
PAY0003004,BKG003006,2026-06-02,Google Pay,110.1,Captured,1.54,GBP,Payment Gateway
PAY0003005,BKG003006,2026-06-08,Apple Pay,330.3,Captured,5.28,GBP,Payment Gateway
PAY0003006,BKG003007,2024-08-15,Cash,298.72,Captured,0,GBP,Front Desk/PMS
PAY0003007,BKG003008,2025-05-03,Visa,251.29,Captured,3.02,GBP,Payment Gateway
PAY0003008,BKG003009,2025-10-25,Visa,581.54,Captured,9.3,GBP,Payment Gateway
PAY0003009,BKG003010,2024-01-14,Cash,153,Captured,0,GBP,Front Desk/PMS
PAY0003010,BKG003011,2025-08-02,Apple Pay,469.22,Captured,5.63,GBP,Payment Gateway
PAY0003011,BKG003012,2025-10-15,Apple Pay,207.63,Captured,2.49,GBP,Payment Gateway
PAY0003012,BKG003013,2025-06-07,Cash,662.32,Captured,0,GBP,Front Desk/PMS
PAY0003013,BKG003014,2025-12-15,Visa,452.88,Captured,6.34,GBP,Payment Gateway
PAY0003014,BKG003015,2024-08-30,Mastercard,337.11,Captured,6.07,GBP,Payment Gateway
PAY0003015,BKG003015,2024-10-03,Visa,1011.33,Captured,14.16,GBP,Payment Gateway
PAY0003016,BKG003016,2025-09-04,Google Pay,270.76,Captured,4.87,GBP,Payment Gateway
PAY0003017,BKG003017,2024-03-20,Visa,89.45,Captured,1.07,GBP,Payment Gateway
PAY0003018,BKG003018,2026-05-09,Mastercard,107,Captured,1.93,GBP,Payment Gateway
PAY0003019,BKG003019,2025-06-24,Mastercard,175.93,Captured,2.11,GBP,Payment Gateway
PAY0003020,BKG003019,2025-07-01,Mastercard,527.78,Captured,8.44,GBP,Payment Gateway
PAY0003021,BKG003020,2026-08-07,Mastercard,230.72,Captured,3.23,GBP,Payment Gateway
PAY0003022,BKG003021,2024-07-07,Visa,799.23,Captured,12.79,GBP,Payment Gateway
PAY0003023,BKG003022,2024-10-24,Visa,189.7,Captured,2.28,GBP,Payment Gateway
PAY0003024,BKG003023,2025-11-26,American Express,349.5,Captured,4.19,GBP,Payment Gateway
PAY0003025,BKG003024,2024-08-09,Google Pay,57.41,Captured,1.03,GBP,Payment Gateway
PAY0003026,BKG003024,2024-08-15,Mastercard,172.23,Captured,3.1,GBP,Payment Gateway
PAY0003027,BKG003025,2024-09-29,Apple Pay,238.8,Captured,3.82,GBP,Payment Gateway
PAY0003028,BKG003026,2024-04-26,Mastercard,199.44,Captured,3.59,GBP,Payment Gateway
PAY0003029,BKG003027,2024-06-06,Visa,521,Captured,8.34,GBP,Payment Gateway
PAY0003030,BKG003028,2026-06-10,Visa,682.61,Captured,8.19,GBP,Payment Gateway
PAY0003031,BKG003029,2025-06-11,Mastercard,64.14,Captured,0.77,GBP,Payment Gateway
PAY0003032,BKG003029,2025-06-26,Bank Transfer,192.41,Captured,0,GBP,Payment Gateway
PAY0003033,BKG003030,2025-10-14,Visa,111.21,Captured,1.56,GBP,Payment Gateway
PAY0003034,BKG003032,2024-10-13,Visa,138.64,Captured,1.66,GBP,Payment Gateway
PAY0003035,BKG003033,2025-11-27,American Express,528.68,Captured,7.4,GBP,Payment Gateway
PAY0003036,BKG003034,2024-07-04,Visa,248.41,Captured,2.98,GBP,Payment Gateway
PAY0003037,BKG003034,2024-07-20,Google Pay,745.23,Captured,8.94,GBP,Payment Gateway
PAY0003038,BKG003035,2025-10-15,Visa,463.92,Captured,6.49,GBP,Payment Gateway
PAY0003039,BKG003036,2026-07-11,Visa,1300.1,Captured,15.6,GBP,Payment Gateway
PAY0003040,BKG003037,2026-05-16,American Express,150.3,Captured,2.4,GBP,Payment Gateway
PAY0003041,BKG003037,2026-06-09,Visa,450.89,Captured,7.21,GBP,Payment Gateway
PAY0003042,BKG003038,2025-03-21,Visa,2893.09,Captured,40.5,GBP,Payment Gateway
PAY0003043,BKG003039,2025-08-24,Visa,505.05,Captured,7.07,GBP,Payment Gateway
PAY0003044,BKG003040,2024-07-05,American Express,687.8,Captured,8.25,GBP,Payment Gateway
PAY0003045,BKG003041,2024-08-23,Mastercard,1000.56,Captured,18.01,GBP,Payment Gateway
PAY0003046,BKG003042,2024-12-02,Cash,73.87,Captured,0,GBP,Front Desk/PMS
PAY0003047,BKG003043,2025-12-30,Bank Transfer,451.89,Captured,0,GBP,Payment Gateway
PAY0003048,BKG003045,2025-03-19,Visa,1477.49,Captured,20.68,GBP,Payment Gateway
PAY0003049,BKG003047,2024-08-30,Visa,694.72,Captured,9.73,GBP,Payment Gateway
PAY0003050,BKG003049,2026-07-22,Visa,480.73,Captured,8.65,GBP,Payment Gateway
PAY0003051,BKG003050,2026-02-06,Google Pay,230.06,Captured,3.68,GBP,Payment Gateway
PAY0003052,BKG003052,2025-11-30,Bank Transfer,708.72,Captured,0,GBP,Payment Gateway
PAY0003053,BKG003053,2024-05-16,Visa,505.65,Captured,6.07,GBP,Payment Gateway
PAY0003054,BKG003054,2025-06-03,Cash,123.7,Captured,0,GBP,Front Desk/PMS
PAY0003055,BKG003055,2026-04-23,Visa,77.28,Captured,1.39,GBP,Payment Gateway
PAY0003056,BKG003055,2026-05-07,Mastercard,231.84,Captured,3.71,GBP,Payment Gateway
PAY0003057,BKG003056,2026-05-08,Visa,1216.94,Captured,14.6,GBP,Payment Gateway
PAY0003058,BKG003057,2025-06-04,Cash,404.58,Captured,0,GBP,Front Desk/PMS
PAY0003059,BKG003058,2024-08-23,American Express,195.6,Captured,3.13,GBP,Payment Gateway
PAY0003060,BKG003058,2024-09-02,Visa,586.81,Captured,8.22,GBP,Payment Gateway
PAY0003061,BKG003059,2026-07-19,Google Pay,321.7,Captured,4.5,GBP,Payment Gateway
PAY0003062,BKG003059,2026-08-01,Google Pay,965.1,Captured,15.44,GBP,Payment Gateway
PAY0003063,BKG003060,2025-01-18,American Express,649.32,Captured,11.69,GBP,Payment Gateway
PAY0003064,BKG003061,2026-07-21,Apple Pay,541.18,Captured,6.49,GBP,Payment Gateway
PAY0003065,BKG003064,2026-07-14,Mastercard,1124.93,Captured,15.75,GBP,Payment Gateway
PAY0003066,BKG003065,2025-07-09,Visa,205.4,Captured,2.46,GBP,Payment Gateway
PAY0003067,BKG003066,2025-07-12,Mastercard,45.12,Captured,0.63,GBP,Payment Gateway
PAY0003068,BKG003066,2025-08-10,Mastercard,135.38,Captured,1.9,GBP,Payment Gateway
PAY0003069,BKG003067,2024-02-17,Visa,421.73,Captured,7.59,GBP,Payment Gateway
PAY0003070,BKG003068,2024-03-07,Mastercard,141.96,Captured,2.56,GBP,Payment Gateway
PAY0003071,BKG003068,2024-03-16,Apple Pay,425.87,Captured,5.11,GBP,Payment Gateway
PAY0003072,BKG003069,2026-07-19,Bank Transfer,220.16,Captured,0,GBP,Payment Gateway
PAY0003073,BKG003070,2025-04-05,Mastercard,127.15,Captured,1.78,GBP,Payment Gateway
PAY0003074,BKG003071,2024-07-13,Visa,467.82,Captured,6.55,GBP,Payment Gateway
PAY0003075,BKG003072,2024-07-30,Apple Pay,646.44,Captured,9.05,GBP,Payment Gateway
PAY0003076,BKG003073,2024-05-20,Mastercard,198.61,Captured,3.57,GBP,Payment Gateway
PAY0003077,BKG003074,2026-06-29,American Express,180.03,Captured,3.24,GBP,Payment Gateway
PAY0003078,BKG003075,2025-01-03,Bank Transfer,126.73,Captured,0,GBP,Payment Gateway
PAY0003079,BKG003076,2024-06-26,Visa,195.08,Captured,3.51,GBP,Payment Gateway
PAY0003080,BKG003077,2024-05-05,Cash,45.13,Captured,0,GBP,Front Desk/PMS
PAY0003081,BKG003077,2024-05-19,Apple Pay,135.4,Captured,2.17,GBP,Payment Gateway
PAY0003082,BKG003078,2025-12-06,Visa,473.75,Captured,6.63,GBP,Payment Gateway
PAY0003083,BKG003079,2024-06-27,Cash,69.02,Captured,0,GBP,Front Desk/PMS
PAY0003084,BKG003079,2024-07-12,Mastercard,207.05,Captured,3.31,GBP,Payment Gateway
PAY0003085,BKG003080,2025-04-29,Cash,83.83,Captured,0,GBP,Front Desk/PMS
PAY0003086,BKG003080,2025-06-21,Mastercard,251.49,Captured,4.02,GBP,Payment Gateway
PAY0003087,BKG003081,2025-08-27,Mastercard,401.02,Captured,6.42,GBP,Payment Gateway
PAY0003088,BKG003082,2025-08-24,Cash,113.74,Captured,0,GBP,Front Desk/PMS
PAY0003089,BKG003084,2025-10-23,Visa,282.41,Captured,3.39,GBP,Payment Gateway
PAY0003090,BKG003085,2025-05-27,Visa,174.51,Captured,2.09,GBP,Payment Gateway
PAY0003091,BKG003085,2025-06-05,Visa,523.54,Captured,9.42,GBP,Payment Gateway
PAY0003092,BKG003086,2024-06-28,American Express,134.05,Captured,2.14,GBP,Payment Gateway
PAY0003093,BKG003087,2025-02-09,Visa,690.08,Captured,11.04,GBP,Payment Gateway
PAY0003094,BKG003088,2025-05-27,Bank Transfer,171.47,Captured,0,GBP,Payment Gateway
PAY0003095,BKG003089,2024-08-17,Bank Transfer,1989.7,Captured,0,GBP,Payment Gateway
PAY0003096,BKG003090,2025-05-04,Google Pay,470.37,Captured,6.59,GBP,Payment Gateway
PAY0003097,BKG003091,2025-12-10,Google Pay,359.56,Captured,6.47,GBP,Payment Gateway
PAY0003098,BKG003092,2025-02-25,Cash,120.73,Captured,0,GBP,Front Desk/PMS
PAY0003099,BKG003093,2025-12-23,American Express,308.6,Captured,3.7,GBP,Payment Gateway
PAY0003100,BKG003094,2026-08-09,American Express,714.86,Captured,10.01,GBP,Payment Gateway
PAY0003101,BKG003095,2024-03-29,Visa,206.57,Captured,2.89,GBP,Payment Gateway
PAY0003102,BKG003096,2024-07-04,Bank Transfer,338.42,Captured,0,GBP,Payment Gateway
PAY0003103,BKG003097,2025-04-20,Bank Transfer,246.58,Captured,0,GBP,Payment Gateway
PAY0003104,BKG003098,2025-09-06,Mastercard,1186.29,Captured,14.24,GBP,Payment Gateway
PAY0003105,BKG003099,2025-11-23,Apple Pay,212.03,Captured,2.97,GBP,Payment Gateway
PAY0003106,BKG003100,2024-06-08,Mastercard,597.14,Captured,10.75,GBP,Payment Gateway
PAY0003107,BKG003101,2024-08-04,Apple Pay,443.67,Captured,7.99,GBP,Payment Gateway
PAY0003108,BKG003102,2026-05-19,Apple Pay,146.33,Captured,2.34,GBP,Payment Gateway
PAY0003109,BKG003102,2026-06-05,Visa,439,Captured,7.02,GBP,Payment Gateway
PAY0003110,BKG003103,2026-03-10,Visa,488.65,Captured,5.86,GBP,Payment Gateway
PAY0003111,BKG003104,2026-06-27,Mastercard,161.19,Captured,2.58,GBP,Payment Gateway
PAY0003112,BKG003105,2024-04-12,Visa,1206.18,Captured,21.71,GBP,Payment Gateway
PAY0003113,BKG003107,2026-01-08,Mastercard,168.82,Captured,3.04,GBP,Payment Gateway
PAY0003114,BKG003107,2026-01-21,Mastercard,506.47,Captured,7.09,GBP,Payment Gateway
PAY0003115,BKG003108,2025-04-13,Bank Transfer,537,Captured,0,GBP,Payment Gateway
PAY0003116,BKG003109,2024-12-09,Mastercard,1036.05,Captured,16.58,GBP,Payment Gateway
PAY0003117,BKG003110,2026-07-13,Visa,233.14,Captured,2.8,GBP,Payment Gateway
PAY0003118,BKG003111,2025-06-28,Google Pay,280.12,Captured,3.92,GBP,Payment Gateway
PAY0003119,BKG003111,2025-06-29,Visa,840.38,Captured,11.77,GBP,Payment Gateway
PAY0003120,BKG003112,2024-12-06,Google Pay,668.64,Captured,9.36,GBP,Payment Gateway
PAY0003121,BKG003114,2025-06-07,Bank Transfer,403.94,Captured,0,GBP,Payment Gateway
PAY0003122,BKG003117,2026-06-28,Apple Pay,331.26,Captured,4.64,GBP,Payment Gateway
PAY0003123,BKG003118,2024-07-25,Visa,1472.8,Captured,26.51,GBP,Payment Gateway
PAY0003124,BKG003119,2026-04-19,Visa,129.74,Captured,2.08,GBP,Payment Gateway
PAY0003125,BKG003120,2026-05-15,Visa,258.52,Captured,3.62,GBP,Payment Gateway
PAY0003126,BKG003120,2026-06-19,American Express,775.55,Captured,10.86,GBP,Payment Gateway
PAY0003127,BKG003122,2025-03-25,Mastercard,159.38,Captured,2.55,GBP,Payment Gateway
PAY0003128,BKG003122,2025-04-23,Mastercard,478.15,Captured,5.74,GBP,Payment Gateway
PAY0003129,BKG003123,2024-05-15,Mastercard,195.81,Captured,2.74,GBP,Payment Gateway
PAY0003130,BKG003124,2024-07-08,Mastercard,224.32,Captured,2.69,GBP,Payment Gateway
PAY0003131,BKG003126,2025-09-07,Apple Pay,58.62,Captured,0.7,GBP,Payment Gateway
PAY0003132,BKG003126,2025-09-20,Apple Pay,175.84,Captured,2.46,GBP,Payment Gateway
PAY0003133,BKG003127,2024-07-31,Google Pay,333.95,Captured,6.01,GBP,Payment Gateway
PAY0003134,BKG003128,2024-08-22,Apple Pay,128.79,Captured,2.32,GBP,Payment Gateway
PAY0003135,BKG003129,2026-04-19,American Express,3391.48,Captured,47.48,GBP,Payment Gateway
PAY0003136,BKG003131,2025-10-24,Visa,975.94,Captured,11.71,GBP,Payment Gateway
PAY0003137,BKG003132,2026-02-08,Apple Pay,678.39,Captured,10.85,GBP,Payment Gateway
PAY0003138,BKG003133,2025-10-05,Visa,248.98,Captured,4.48,GBP,Payment Gateway
PAY0003139,BKG003134,2024-09-13,Mastercard,155.62,Captured,1.87,GBP,Payment Gateway
PAY0003140,BKG003135,2024-06-21,Mastercard,337.64,Captured,5.4,GBP,Payment Gateway
PAY0003141,BKG003137,2026-06-12,Mastercard,354.09,Captured,4.96,GBP,Payment Gateway
PAY0003142,BKG003138,2024-10-12,Bank Transfer,256.44,Captured,0,GBP,Payment Gateway
PAY0003143,BKG003138,2024-11-22,Visa,769.31,Captured,12.31,GBP,Payment Gateway
PAY0003144,BKG003139,2026-08-27,Visa,499.99,Captured,6,GBP,Payment Gateway
PAY0003145,BKG003140,2026-03-18,Google Pay,1485.13,Captured,23.76,GBP,Payment Gateway
PAY0003146,BKG003141,2025-07-24,Mastercard,1459.5,Captured,26.27,GBP,Payment Gateway
PAY0003147,BKG003142,2025-10-02,Bank Transfer,89.97,Captured,0,GBP,Payment Gateway
PAY0003148,BKG003142,2025-11-03,Google Pay,269.89,Captured,3.78,GBP,Payment Gateway
PAY0003149,BKG003143,2025-12-18,Apple Pay,4091.16,Captured,49.09,GBP,Payment Gateway
PAY0003150,BKG003144,2024-01-22,Visa,146.25,Captured,2.34,GBP,Payment Gateway
PAY0003151,BKG003145,2025-03-11,Mastercard,435.24,Captured,6.96,GBP,Payment Gateway
PAY0003152,BKG003147,2025-03-05,Visa,153.04,Captured,2.75,GBP,Payment Gateway
PAY0003153,BKG003147,2025-03-16,Visa,459.13,Captured,8.26,GBP,Payment Gateway
PAY0003154,BKG003148,2024-08-30,Mastercard,647.35,Captured,7.77,GBP,Payment Gateway
PAY0003155,BKG003149,2025-07-07,Google Pay,249.82,Captured,4,GBP,Payment Gateway
PAY0003156,BKG003150,2025-10-06,Visa,179.42,Captured,2.51,GBP,Payment Gateway
PAY0003157,BKG003151,2026-06-27,Apple Pay,244.1,Captured,4.39,GBP,Payment Gateway
PAY0003158,BKG003152,2026-08-18,American Express,269.98,Captured,3.24,GBP,Payment Gateway
PAY0003159,BKG003153,2025-07-18,Google Pay,315.51,Captured,3.79,GBP,Payment Gateway
PAY0003160,BKG003154,2024-12-28,Mastercard,173.73,Captured,2.43,GBP,Payment Gateway
PAY0003161,BKG003155,2025-06-26,Visa,121.8,Captured,1.95,GBP,Payment Gateway
PAY0003162,BKG003156,2026-01-07,Visa,144.48,Captured,1.73,GBP,Payment Gateway
PAY0003163,BKG003157,2025-10-29,Visa,163.41,Captured,2.94,GBP,Payment Gateway
PAY0003164,BKG003158,2025-12-03,American Express,66.56,Captured,1.06,GBP,Payment Gateway
PAY0003165,BKG003158,2025-12-05,Visa,199.68,Captured,3.59,GBP,Payment Gateway
PAY0003166,BKG003159,2026-06-15,Google Pay,1174.88,Captured,21.15,GBP,Payment Gateway
PAY0003167,BKG003161,2024-11-04,Google Pay,346.9,Captured,6.24,GBP,Payment Gateway
PAY0003168,BKG003162,2025-11-08,Visa,83.72,Captured,1.34,GBP,Payment Gateway
PAY0003169,BKG003163,2026-01-26,Google Pay,394.55,Captured,7.1,GBP,Payment Gateway
PAY0003170,BKG003164,2025-12-14,Visa,160.94,Captured,1.93,GBP,Payment Gateway
PAY0003171,BKG003165,2026-03-30,Mastercard,515.32,Captured,6.18,GBP,Payment Gateway
PAY0003172,BKG003166,2025-05-10,Google Pay,138.59,Captured,2.49,GBP,Payment Gateway
PAY0003173,BKG003167,2026-03-14,Visa,125.67,Captured,1.76,GBP,Payment Gateway
PAY0003174,BKG003168,2025-01-01,Apple Pay,369.65,Captured,5.18,GBP,Payment Gateway
PAY0003175,BKG003169,2024-08-10,Mastercard,282.66,Captured,4.52,GBP,Payment Gateway
PAY0003176,BKG003171,2025-11-30,Apple Pay,167.79,Captured,2.01,GBP,Payment Gateway
PAY0003177,BKG003172,2024-04-27,Cash,694.06,Captured,0,GBP,Front Desk/PMS
PAY0003178,BKG003173,2024-10-22,Visa,128.8,Captured,2.32,GBP,Payment Gateway
PAY0003179,BKG003174,2024-06-06,Cash,141.73,Captured,0,GBP,Front Desk/PMS
PAY0003180,BKG003175,2025-06-21,Mastercard,503.19,Captured,9.06,GBP,Payment Gateway
PAY0003181,BKG003176,2024-11-29,Visa,536.55,Captured,8.58,GBP,Payment Gateway
PAY0003182,BKG003177,2024-09-02,Visa,232.48,Captured,2.79,GBP,Payment Gateway
PAY0003183,BKG003178,2024-07-07,Visa,110.02,Captured,1.54,GBP,Payment Gateway
PAY0003184,BKG003178,2024-07-10,Cash,330.05,Captured,0,GBP,Front Desk/PMS
PAY0003185,BKG003179,2025-12-29,American Express,349.42,Captured,6.29,GBP,Payment Gateway
PAY0003186,BKG003180,2025-05-06,Mastercard,123.52,Captured,1.98,GBP,Payment Gateway
PAY0003187,BKG003181,2025-08-06,Visa,587.38,Captured,9.4,GBP,Payment Gateway
PAY0003188,BKG003182,2026-04-18,Visa,427.23,Captured,5.13,GBP,Payment Gateway
PAY0003189,BKG003183,2024-12-17,Visa,318.44,Captured,3.82,GBP,Payment Gateway
PAY0003190,BKG003184,2026-08-21,Apple Pay,1166.58,Captured,16.33,GBP,Payment Gateway
PAY0003191,BKG003185,2025-10-03,Apple Pay,317.82,Captured,5.09,GBP,Payment Gateway
PAY0003192,BKG003186,2026-02-02,Cash,596.13,Captured,0,GBP,Front Desk/PMS
PAY0003193,BKG003187,2024-06-17,Bank Transfer,357.86,Captured,0,GBP,Payment Gateway
PAY0003194,BKG003189,2026-06-13,American Express,821.15,Captured,13.14,GBP,Payment Gateway
PAY0003195,BKG003191,2024-09-19,Visa,377.13,Captured,6.03,GBP,Payment Gateway
PAY0003196,BKG003192,2025-06-01,Mastercard,172.64,Captured,3.11,GBP,Payment Gateway
PAY0003197,BKG003194,2026-07-19,Visa,159.32,Captured,2.87,GBP,Payment Gateway
PAY0003198,BKG003195,2026-08-16,Bank Transfer,191.31,Captured,0,GBP,Payment Gateway
PAY0003199,BKG003196,2025-04-08,Mastercard,137.83,Captured,1.93,GBP,Payment Gateway
PAY0003200,BKG003197,2025-12-22,Visa,768.53,Captured,13.83,GBP,Payment Gateway
PAY0003201,BKG003198,2026-03-25,Visa,287.82,Captured,4.03,GBP,Payment Gateway
PAY0003202,BKG003199,2025-04-27,Visa,136.47,Captured,1.64,GBP,Payment Gateway
PAY0003203,BKG003201,2024-08-22,Mastercard,373.38,Captured,6.72,GBP,Payment Gateway
PAY0003204,BKG003202,2024-06-15,Cash,398.82,Captured,0,GBP,Front Desk/PMS
PAY0003205,BKG003203,2025-05-10,Visa,188.5,Captured,3.39,GBP,Payment Gateway
PAY0003206,BKG003204,2026-08-10,Visa,677.09,Captured,12.19,GBP,Payment Gateway
PAY0003207,BKG003205,2026-03-24,Visa,128.77,Captured,1.8,GBP,Payment Gateway
PAY0003208,BKG003206,2024-07-31,Mastercard,121.47,Captured,1.46,GBP,Payment Gateway
PAY0003209,BKG003207,2025-05-17,Visa,106.69,Captured,1.71,GBP,Payment Gateway
PAY0003210,BKG003208,2024-10-16,Visa,523.45,Captured,8.38,GBP,Payment Gateway
PAY0003211,BKG003209,2026-07-09,Cash,139.91,Captured,0,GBP,Front Desk/PMS
PAY0003212,BKG003210,2025-08-11,Mastercard,156.52,Captured,2.5,GBP,Payment Gateway
PAY0003213,BKG003211,2024-11-28,Mastercard,442.18,Captured,5.31,GBP,Payment Gateway
PAY0003214,BKG003212,2025-08-22,American Express,353.76,Captured,5.66,GBP,Payment Gateway
PAY0003215,BKG003213,2024-03-23,Mastercard,124.21,Captured,1.49,GBP,Payment Gateway
PAY0003216,BKG003214,2025-08-18,Visa,78.32,Captured,0.94,GBP,Payment Gateway
PAY0003217,BKG003214,2025-09-04,Bank Transfer,234.96,Captured,0,GBP,Payment Gateway
PAY0003218,BKG003215,2024-03-15,Visa,148.32,Captured,2.37,GBP,Payment Gateway
PAY0003219,BKG003216,2024-07-30,Visa,117.72,Captured,1.41,GBP,Payment Gateway
PAY0003220,BKG003217,2025-12-14,Mastercard,293.26,Captured,5.28,GBP,Payment Gateway
PAY0003221,BKG003218,2026-04-18,Apple Pay,401.46,Captured,5.62,GBP,Payment Gateway
PAY0003222,BKG003220,2024-05-13,Mastercard,400.57,Captured,5.61,GBP,Payment Gateway
PAY0003223,BKG003221,2025-01-27,Visa,378.68,Captured,6.82,GBP,Payment Gateway
PAY0003224,BKG003222,2025-11-03,Visa,1080.48,Captured,15.13,GBP,Payment Gateway
PAY0003225,BKG003223,2025-10-13,Bank Transfer,200.38,Captured,0,GBP,Payment Gateway
PAY0003226,BKG003224,2024-02-11,Visa,542.49,Captured,7.59,GBP,Payment Gateway
PAY0003227,BKG003225,2025-05-04,Visa,177.27,Captured,2.48,GBP,Payment Gateway
PAY0003228,BKG003227,2024-02-23,Mastercard,582.57,Captured,10.49,GBP,Payment Gateway
PAY0003229,BKG003228,2024-07-30,Mastercard,171.28,Captured,2.4,GBP,Payment Gateway
PAY0003230,BKG003229,2024-08-16,Apple Pay,288.44,Captured,3.46,GBP,Payment Gateway
PAY0003231,BKG003230,2025-12-08,Google Pay,172.64,Captured,2.07,GBP,Payment Gateway
PAY0003232,BKG003231,2025-10-09,Visa,588.93,Captured,9.42,GBP,Payment Gateway
PAY0003233,BKG003233,2026-06-10,Visa,1017.33,Captured,16.28,GBP,Payment Gateway
PAY0003234,BKG003234,2025-04-23,Mastercard,640.39,Captured,7.68,GBP,Payment Gateway
PAY0003235,BKG003235,2025-11-20,Bank Transfer,293.2,Captured,0,GBP,Payment Gateway
PAY0003236,BKG003235,2025-12-14,Mastercard,879.6,Captured,15.83,GBP,Payment Gateway
PAY0003237,BKG003237,2024-02-06,Visa,106.77,Captured,1.71,GBP,Payment Gateway
PAY0003238,BKG003237,2024-03-09,Visa,320.31,Captured,3.84,GBP,Payment Gateway
PAY0003239,BKG003238,2024-11-19,Mastercard,227.02,Captured,3.63,GBP,Payment Gateway
PAY0003240,BKG003239,2024-05-19,Mastercard,159.34,Captured,1.91,GBP,Payment Gateway
PAY0003241,BKG003240,2024-07-22,Mastercard,662.45,Captured,7.95,GBP,Payment Gateway
PAY0003242,BKG003241,2025-08-02,Apple Pay,173.02,Captured,2.42,GBP,Payment Gateway
PAY0003243,BKG003243,2024-12-06,Mastercard,598.24,Captured,8.38,GBP,Payment Gateway
PAY0003244,BKG003244,2025-12-01,Visa,218.87,Captured,3.94,GBP,Payment Gateway
PAY0003245,BKG003244,2025-12-27,Mastercard,656.61,Captured,11.82,GBP,Payment Gateway
PAY0003246,BKG003245,2024-11-01,American Express,499.25,Captured,8.99,GBP,Payment Gateway
PAY0003247,BKG003246,2024-08-04,Visa,115.17,Captured,2.07,GBP,Payment Gateway
PAY0003248,BKG003247,2024-11-01,Mastercard,152.26,Captured,2.13,GBP,Payment Gateway
PAY0003249,BKG003248,2025-12-13,Visa,276.35,Captured,4.97,GBP,Payment Gateway
PAY0003250,BKG003249,2024-06-19,Bank Transfer,685,Captured,0,GBP,Payment Gateway
PAY0003251,BKG003250,2025-06-04,Mastercard,791,Captured,9.49,GBP,Payment Gateway
PAY0003252,BKG003251,2024-11-29,American Express,345.49,Captured,4.84,GBP,Payment Gateway
PAY0003253,BKG003253,2024-08-15,Visa,74.62,Captured,0.9,GBP,Payment Gateway
PAY0003254,BKG003253,2024-09-09,Apple Pay,223.86,Captured,3.58,GBP,Payment Gateway
PAY0003255,BKG003254,2025-07-22,Visa,139.16,Captured,1.67,GBP,Payment Gateway
PAY0003256,BKG003255,2026-07-11,Mastercard,877.15,Captured,12.28,GBP,Payment Gateway
PAY0003257,BKG003257,2024-05-12,Mastercard,120.06,Captured,1.44,GBP,Payment Gateway
PAY0003258,BKG003257,2024-06-23,Visa,360.17,Captured,4.32,GBP,Payment Gateway
PAY0003259,BKG003258,2024-08-12,Mastercard,538.65,Captured,6.46,GBP,Payment Gateway
PAY0003260,BKG003260,2025-12-21,Mastercard,348.98,Captured,4.19,GBP,Payment Gateway
PAY0003261,BKG003261,2026-01-26,Mastercard,60.37,Captured,0.85,GBP,Payment Gateway
PAY0003262,BKG003261,2026-02-24,Bank Transfer,181.1,Captured,0,GBP,Payment Gateway
PAY0003263,BKG003262,2026-08-24,Visa,146.64,Captured,1.76,GBP,Payment Gateway
PAY0003264,BKG003265,2024-09-07,Cash,209.93,Captured,0,GBP,Front Desk/PMS
PAY0003265,BKG003266,2025-10-20,Cash,221.42,Captured,0,GBP,Front Desk/PMS
PAY0003266,BKG003267,2026-07-13,Mastercard,772.08,Captured,10.81,GBP,Payment Gateway
PAY0003267,BKG003268,2025-07-05,Mastercard,191.32,Captured,3.06,GBP,Payment Gateway
PAY0003268,BKG003269,2024-07-09,Bank Transfer,475.93,Captured,0,GBP,Payment Gateway
PAY0003269,BKG003270,2026-06-25,Visa,68.05,Captured,0.95,GBP,Payment Gateway
PAY0003270,BKG003270,2026-07-19,Apple Pay,204.13,Captured,3.67,GBP,Payment Gateway
PAY0003271,BKG003271,2024-04-20,Mastercard,179.11,Captured,3.22,GBP,Payment Gateway
PAY0003272,BKG003272,2025-01-14,Mastercard,108.26,Captured,1.95,GBP,Payment Gateway
PAY0003273,BKG003273,2026-02-10,Mastercard,348.99,Captured,5.58,GBP,Payment Gateway
PAY0003274,BKG003274,2025-05-01,Mastercard,148.88,Captured,2.38,GBP,Payment Gateway
PAY0003275,BKG003275,2025-04-12,Mastercard,84.2,Captured,1.01,GBP,Payment Gateway
PAY0003276,BKG003275,2025-04-12,Visa,252.61,Captured,4.04,GBP,Payment Gateway
PAY0003277,BKG003276,2025-03-12,Mastercard,140.16,Captured,2.52,GBP,Payment Gateway
PAY0003278,BKG003276,2025-04-26,Mastercard,420.48,Captured,5.89,GBP,Payment Gateway
PAY0003279,BKG003277,2024-06-03,Mastercard,74.43,Captured,1.19,GBP,Payment Gateway
PAY0003280,BKG003277,2024-06-28,Visa,223.3,Captured,2.68,GBP,Payment Gateway
PAY0003281,BKG003278,2024-07-07,Visa,395.43,Captured,4.75,GBP,Payment Gateway
PAY0003282,BKG003280,2025-12-14,Visa,84.22,Captured,1.18,GBP,Payment Gateway
PAY0003283,BKG003280,2025-12-21,Visa,252.67,Captured,3.54,GBP,Payment Gateway
PAY0003284,BKG003281,2026-05-19,Mastercard,189,Captured,2.65,GBP,Payment Gateway
PAY0003285,BKG003282,2026-08-03,American Express,193.34,Captured,2.71,GBP,Payment Gateway
PAY0003286,BKG003283,2024-11-27,Apple Pay,343.27,Captured,6.18,GBP,Payment Gateway
PAY0003287,BKG003283,2024-12-05,Google Pay,1029.82,Captured,14.42,GBP,Payment Gateway
PAY0003288,BKG003284,2024-09-02,Mastercard,1152.76,Captured,20.75,GBP,Payment Gateway
PAY0003289,BKG003285,2026-03-13,Bank Transfer,501.51,Captured,0,GBP,Payment Gateway
PAY0003290,BKG003286,2026-07-30,Mastercard,716.06,Captured,12.89,GBP,Payment Gateway
PAY0003291,BKG003288,2024-11-03,Visa,404.05,Captured,4.85,GBP,Payment Gateway
PAY0003292,BKG003289,2026-06-27,Cash,271.1,Captured,0,GBP,Front Desk/PMS
PAY0003293,BKG003290,2025-11-22,Mastercard,230.63,Captured,3.69,GBP,Payment Gateway
PAY0003294,BKG003293,2024-10-05,Apple Pay,648.42,Captured,10.37,GBP,Payment Gateway
PAY0003295,BKG003294,2024-01-01,Google Pay,88.96,Captured,1.07,GBP,Payment Gateway
PAY0003296,BKG003294,2024-01-05,Mastercard,266.87,Captured,3.74,GBP,Payment Gateway
PAY0003297,BKG003295,2026-06-13,Mastercard,216.21,Captured,3.03,GBP,Payment Gateway
PAY0003298,BKG003296,2026-02-04,Cash,202.8,Captured,0,GBP,Front Desk/PMS
PAY0003299,BKG003298,2026-06-29,Bank Transfer,892.64,Captured,0,GBP,Payment Gateway
PAY0003300,BKG003299,2026-04-20,Apple Pay,155,Captured,2.17,GBP,Payment Gateway
PAY0003301,BKG003299,2026-05-02,Bank Transfer,465.01,Captured,0,GBP,Payment Gateway
PAY0003302,BKG003300,2025-11-19,Mastercard,465,Captured,6.51,GBP,Payment Gateway
PAY0003303,BKG003301,2025-05-06,Visa,197.65,Captured,2.37,GBP,Payment Gateway
PAY0003304,BKG003302,2026-01-31,American Express,871.7,Captured,13.95,GBP,Payment Gateway
PAY0003305,BKG003303,2024-02-16,Visa,75.79,Captured,1.36,GBP,Payment Gateway
PAY0003306,BKG003304,2026-03-13,American Express,243.13,Captured,3.89,GBP,Payment Gateway
PAY0003307,BKG003305,2026-01-03,American Express,614.46,Captured,9.83,GBP,Payment Gateway
PAY0003308,BKG003306,2025-04-30,Cash,440.22,Captured,0,GBP,Front Desk/PMS
PAY0003309,BKG003308,2024-11-15,Visa,278.53,Captured,3.34,GBP,Payment Gateway
PAY0003310,BKG003309,2025-08-30,Cash,97.23,Captured,0,GBP,Front Desk/PMS
PAY0003311,BKG003309,2025-09-16,Apple Pay,291.7,Captured,4.67,GBP,Payment Gateway
PAY0003312,BKG003311,2025-12-25,Mastercard,152.62,Captured,1.83,GBP,Payment Gateway
PAY0003313,BKG003312,2024-04-19,Mastercard,795,Captured,14.31,GBP,Payment Gateway
PAY0003314,BKG003313,2024-07-17,Visa,47.53,Captured,0.86,GBP,Payment Gateway
PAY0003315,BKG003313,2024-08-14,American Express,142.6,Captured,2.57,GBP,Payment Gateway
PAY0003316,BKG003314,2024-04-25,Visa,154.13,Captured,2.16,GBP,Payment Gateway
PAY0003317,BKG003314,2024-05-20,Visa,462.39,Captured,6.47,GBP,Payment Gateway
PAY0003318,BKG003315,2026-08-03,Mastercard,157.17,Captured,2.51,GBP,Payment Gateway
PAY0003319,BKG003315,2026-08-17,Visa,471.52,Captured,8.49,GBP,Payment Gateway
PAY0003320,BKG003316,2026-08-14,Visa,547.81,Captured,6.57,GBP,Payment Gateway
PAY0003321,BKG003317,2024-03-01,Mastercard,1845.35,Captured,29.53,GBP,Payment Gateway
PAY0003322,BKG003318,2024-05-29,Mastercard,374.85,Captured,4.5,GBP,Payment Gateway
PAY0003323,BKG003319,2025-07-29,Visa,384.33,Captured,6.92,GBP,Payment Gateway
PAY0003324,BKG003322,2025-01-10,Mastercard,72.44,Captured,1.16,GBP,Payment Gateway
PAY0003325,BKG003324,2026-07-24,Cash,191.6,Captured,0,GBP,Front Desk/PMS
PAY0003326,BKG003325,2024-06-07,Visa,564.19,Captured,6.77,GBP,Payment Gateway
PAY0003327,BKG003328,2024-07-02,Mastercard,152.52,Captured,2.14,GBP,Payment Gateway
PAY0003328,BKG003329,2025-11-09,Mastercard,392.8,Captured,5.5,GBP,Payment Gateway
PAY0003329,BKG003330,2025-12-22,Mastercard,231.57,Captured,2.78,GBP,Payment Gateway
PAY0003330,BKG003332,2024-11-19,Visa,458.24,Captured,5.5,GBP,Payment Gateway
PAY0003331,BKG003333,2025-01-17,Bank Transfer,776.73,Captured,0,GBP,Payment Gateway
PAY0003332,BKG003334,2024-08-05,Bank Transfer,300.07,Captured,0,GBP,Payment Gateway
PAY0003333,BKG003335,2025-02-01,Visa,855.05,Captured,13.68,GBP,Payment Gateway
PAY0003334,BKG003336,2024-05-26,American Express,162.03,Captured,2.27,GBP,Payment Gateway
PAY0003335,BKG003337,2026-06-29,Bank Transfer,120.62,Captured,0,GBP,Payment Gateway
PAY0003336,BKG003337,2026-07-25,Mastercard,361.87,Captured,6.51,GBP,Payment Gateway
PAY0003337,BKG003338,2025-10-04,American Express,317.15,Captured,5.07,GBP,Payment Gateway
PAY0003338,BKG003339,2024-11-16,American Express,136.98,Captured,2.47,GBP,Payment Gateway
PAY0003339,BKG003340,2026-08-02,Apple Pay,166.17,Captured,2.66,GBP,Payment Gateway
PAY0003340,BKG003341,2026-04-02,Visa,1096.58,Captured,17.55,GBP,Payment Gateway
PAY0003341,BKG003342,2026-05-03,Cash,102.56,Captured,0,GBP,Front Desk/PMS
PAY0003342,BKG003343,2024-01-16,Mastercard,820.44,Captured,9.85,GBP,Payment Gateway
PAY0003343,BKG003344,2024-07-06,American Express,846.23,Captured,15.23,GBP,Payment Gateway
PAY0003344,BKG003345,2024-03-30,Visa,957.78,Captured,11.49,GBP,Payment Gateway
PAY0003345,BKG003346,2024-09-24,Mastercard,1064.04,Captured,14.9,GBP,Payment Gateway
PAY0003346,BKG003347,2026-03-27,Mastercard,846.68,Captured,15.24,GBP,Payment Gateway
PAY0003347,BKG003348,2025-08-21,American Express,369.65,Captured,5.18,GBP,Payment Gateway
PAY0003348,BKG003349,2024-05-01,Bank Transfer,109.46,Captured,0,GBP,Payment Gateway
PAY0003349,BKG003350,2025-04-02,Visa,225.8,Captured,3.16,GBP,Payment Gateway
PAY0003350,BKG003351,2026-06-04,Mastercard,246.88,Captured,3.46,GBP,Payment Gateway
PAY0003351,BKG003352,2024-06-01,American Express,210.98,Captured,3.38,GBP,Payment Gateway
PAY0003352,BKG003354,2024-08-08,Visa,131.23,Captured,2.36,GBP,Payment Gateway
PAY0003353,BKG003354,2024-08-30,Mastercard,393.68,Captured,7.09,GBP,Payment Gateway
PAY0003354,BKG003355,2024-08-14,Apple Pay,894.97,Captured,12.53,GBP,Payment Gateway
PAY0003355,BKG003355,2024-08-30,Visa,2684.92,Captured,37.59,GBP,Payment Gateway
PAY0003356,BKG003356,2024-06-02,Visa,525.38,Captured,7.36,GBP,Payment Gateway
PAY0003357,BKG003358,2024-04-08,Visa,121.53,Captured,1.46,GBP,Payment Gateway
PAY0003358,BKG003359,2024-10-21,Bank Transfer,541.45,Captured,0,GBP,Payment Gateway
PAY0003359,BKG003360,2026-04-21,Visa,291.8,Captured,3.5,GBP,Payment Gateway
PAY0003360,BKG003361,2026-03-29,Visa,75.7,Captured,0.91,GBP,Payment Gateway
PAY0003361,BKG003361,2026-04-14,Visa,227.1,Captured,3.63,GBP,Payment Gateway
PAY0003362,BKG003362,2026-06-02,Visa,255.35,Captured,4.09,GBP,Payment Gateway
PAY0003363,BKG003363,2025-12-28,Cash,404.4,Captured,0,GBP,Front Desk/PMS
PAY0003364,BKG003364,2024-01-26,Mastercard,279.82,Captured,4.48,GBP,Payment Gateway
PAY0003365,BKG003366,2025-07-17,Visa,110.31,Captured,1.76,GBP,Payment Gateway
PAY0003366,BKG003366,2025-07-17,American Express,330.92,Captured,5.96,GBP,Payment Gateway
PAY0003367,BKG003367,2025-12-23,Apple Pay,587.04,Captured,8.22,GBP,Payment Gateway
PAY0003368,BKG003368,2025-04-30,Visa,428.67,Captured,7.72,GBP,Payment Gateway
PAY0003369,BKG003370,2025-01-11,Visa,605.72,Captured,10.9,GBP,Payment Gateway
PAY0003370,BKG003372,2024-06-04,Mastercard,276.6,Captured,3.32,GBP,Payment Gateway
PAY0003371,BKG003373,2026-05-02,Mastercard,1091.18,Captured,15.28,GBP,Payment Gateway
PAY0003372,BKG003374,2024-05-16,Visa,284.74,Captured,5.13,GBP,Payment Gateway
PAY0003373,BKG003375,2025-12-18,Cash,195.41,Captured,0,GBP,Front Desk/PMS
PAY0003374,BKG003376,2026-03-10,Apple Pay,574.35,Captured,6.89,GBP,Payment Gateway
PAY0003375,BKG003377,2026-06-15,Visa,178.46,Captured,3.21,GBP,Payment Gateway
PAY0003376,BKG003380,2025-09-28,Mastercard,605.1,Captured,9.68,GBP,Payment Gateway
PAY0003377,BKG003381,2026-08-21,Mastercard,165.41,Captured,1.98,GBP,Payment Gateway
PAY0003378,BKG003382,2025-11-04,Apple Pay,1014.06,Captured,16.22,GBP,Payment Gateway
PAY0003379,BKG003383,2025-12-10,Google Pay,723.5,Captured,11.58,GBP,Payment Gateway
PAY0003380,BKG003384,2024-07-17,Apple Pay,116.51,Captured,1.86,GBP,Payment Gateway
PAY0003381,BKG003385,2026-05-30,Mastercard,158.21,Captured,2.53,GBP,Payment Gateway
PAY0003382,BKG003387,2026-08-13,Visa,660.69,Captured,9.25,GBP,Payment Gateway
PAY0003383,BKG003388,2026-04-29,American Express,132.12,Captured,2.38,GBP,Payment Gateway
PAY0003384,BKG003389,2025-11-15,Mastercard,171.26,Captured,3.08,GBP,Payment Gateway
PAY0003385,BKG003390,2025-08-08,Mastercard,2623.6,Captured,41.98,GBP,Payment Gateway
PAY0003386,BKG003391,2025-03-16,American Express,152.39,Captured,2.74,GBP,Payment Gateway
PAY0003387,BKG003392,2025-07-04,Mastercard,214.62,Captured,3,GBP,Payment Gateway
PAY0003388,BKG003393,2025-05-03,Mastercard,354.03,Captured,4.96,GBP,Payment Gateway
PAY0003389,BKG003394,2025-01-09,Visa,406.41,Captured,6.5,GBP,Payment Gateway
PAY0003390,BKG003395,2025-11-14,Mastercard,189.55,Captured,2.65,GBP,Payment Gateway
PAY0003391,BKG003396,2024-06-26,Visa,171.11,Captured,2.4,GBP,Payment Gateway
PAY0003392,BKG003397,2024-07-27,Apple Pay,208.19,Captured,2.91,GBP,Payment Gateway
PAY0003393,BKG003398,2026-03-06,Bank Transfer,115.04,Captured,0,GBP,Payment Gateway
PAY0003394,BKG003399,2024-09-11,Mastercard,1077.12,Captured,19.39,GBP,Payment Gateway
PAY0003395,BKG003401,2026-04-30,Mastercard,297.88,Captured,4.77,GBP,Payment Gateway
PAY0003396,BKG003402,2026-04-26,Apple Pay,1548.98,Captured,21.69,GBP,Payment Gateway
PAY0003397,BKG003403,2024-10-20,Visa,565.16,Captured,9.04,GBP,Payment Gateway
PAY0003398,BKG003404,2024-03-08,Mastercard,346.06,Captured,4.84,GBP,Payment Gateway
PAY0003399,BKG003405,2026-07-05,Mastercard,259.68,Captured,3.12,GBP,Payment Gateway
PAY0003400,BKG003406,2025-09-22,Visa,382.09,Captured,5.35,GBP,Payment Gateway
PAY0003401,BKG003407,2025-08-03,Visa,676.01,Captured,9.46,GBP,Payment Gateway
PAY0003402,BKG003408,2026-03-26,American Express,406.77,Captured,6.51,GBP,Payment Gateway
PAY0003403,BKG003409,2024-06-07,Mastercard,522.04,Captured,6.26,GBP,Payment Gateway
PAY0003404,BKG003410,2024-06-18,Visa,261.65,Captured,3.66,GBP,Payment Gateway
PAY0003405,BKG003411,2024-07-27,Mastercard,253.41,Captured,4.56,GBP,Payment Gateway
PAY0003406,BKG003412,2025-05-18,Google Pay,94.72,Captured,1.52,GBP,Payment Gateway
PAY0003407,BKG003413,2024-11-14,Visa,1020.49,Captured,12.25,GBP,Payment Gateway
PAY0003408,BKG003415,2025-12-30,Mastercard,172.97,Captured,2.08,GBP,Payment Gateway
PAY0003409,BKG003416,2024-01-15,Visa,79.13,Captured,1.27,GBP,Payment Gateway
PAY0003410,BKG003416,2024-01-20,Bank Transfer,237.39,Captured,0,GBP,Payment Gateway
PAY0003411,BKG003417,2025-02-23,Cash,447.3,Captured,0,GBP,Front Desk/PMS
PAY0003412,BKG003419,2025-06-25,Visa,167.74,Captured,2.68,GBP,Payment Gateway
PAY0003413,BKG003420,2025-04-12,Visa,473.23,Captured,6.63,GBP,Payment Gateway
PAY0003414,BKG003421,2025-10-22,Mastercard,942.4,Captured,15.08,GBP,Payment Gateway
PAY0003415,BKG003422,2025-04-18,Visa,668.6,Captured,8.02,GBP,Payment Gateway
PAY0003416,BKG003423,2024-01-08,Visa,1371.6,Captured,16.46,GBP,Payment Gateway
PAY0003417,BKG003424,2025-06-18,Visa,614.04,Captured,9.82,GBP,Payment Gateway
PAY0003418,BKG003425,2025-11-01,Visa,322.66,Captured,3.87,GBP,Payment Gateway
PAY0003419,BKG003426,2024-12-06,Visa,1085.35,Captured,15.19,GBP,Payment Gateway
PAY0003420,BKG003427,2026-05-08,Apple Pay,218.65,Captured,3.06,GBP,Payment Gateway
PAY0003421,BKG003428,2025-05-04,Mastercard,573.12,Captured,9.17,GBP,Payment Gateway
PAY0003422,BKG003429,2025-06-07,Mastercard,416.55,Captured,5.83,GBP,Payment Gateway
PAY0003423,BKG003430,2024-04-16,Mastercard,1268.95,Captured,15.23,GBP,Payment Gateway
PAY0003424,BKG003431,2026-08-12,Mastercard,216.41,Captured,3.46,GBP,Payment Gateway
PAY0003425,BKG003432,2024-08-08,Mastercard,104.75,Captured,1.26,GBP,Payment Gateway
PAY0003426,BKG003432,2024-09-26,Mastercard,314.25,Captured,3.77,GBP,Payment Gateway
PAY0003427,BKG003433,2024-08-09,Visa,761.68,Captured,12.19,GBP,Payment Gateway
PAY0003428,BKG003434,2025-08-25,Visa,1215.9,Captured,14.59,GBP,Payment Gateway
PAY0003429,BKG003435,2025-07-22,Apple Pay,497.17,Captured,5.97,GBP,Payment Gateway
PAY0003430,BKG003436,2026-06-19,Bank Transfer,330.75,Captured,0,GBP,Payment Gateway
PAY0003431,BKG003437,2025-02-21,Visa,622.48,Captured,11.2,GBP,Payment Gateway
PAY0003432,BKG003438,2025-08-02,Mastercard,139.67,Captured,1.68,GBP,Payment Gateway
PAY0003433,BKG003439,2024-03-23,Bank Transfer,126.39,Captured,0,GBP,Payment Gateway
PAY0003434,BKG003440,2025-05-21,Visa,273.44,Captured,4.38,GBP,Payment Gateway
PAY0003435,BKG003441,2024-04-02,Visa,1588.41,Captured,19.06,GBP,Payment Gateway
PAY0003436,BKG003442,2024-02-22,Apple Pay,169.4,Captured,2.71,GBP,Payment Gateway
PAY0003437,BKG003443,2024-02-29,Cash,2727.51,Captured,0,GBP,Front Desk/PMS
PAY0003438,BKG003444,2024-08-06,Bank Transfer,912,Captured,0,GBP,Payment Gateway
PAY0003439,BKG003445,2026-08-19,Mastercard,1484.93,Captured,26.73,GBP,Payment Gateway
PAY0003440,BKG003446,2024-07-16,Visa,318.56,Captured,5.73,GBP,Payment Gateway
PAY0003441,BKG003447,2024-06-03,Mastercard,1414.32,Captured,16.97,GBP,Payment Gateway
PAY0003442,BKG003449,2025-06-25,Apple Pay,155.67,Captured,1.87,GBP,Payment Gateway
PAY0003443,BKG003449,2025-07-21,Visa,467.01,Captured,7.47,GBP,Payment Gateway
PAY0003444,BKG003451,2025-11-27,Mastercard,91.1,Captured,1.64,GBP,Payment Gateway
PAY0003445,BKG003452,2024-10-08,Visa,254.44,Captured,3.56,GBP,Payment Gateway
PAY0003446,BKG003454,2024-06-29,Mastercard,139.43,Captured,2.23,GBP,Payment Gateway
PAY0003447,BKG003455,2024-12-10,Bank Transfer,224.14,Captured,0,GBP,Payment Gateway
PAY0003448,BKG003456,2024-05-30,American Express,134.78,Captured,2.43,GBP,Payment Gateway
PAY0003449,BKG003458,2025-05-23,Visa,454.98,Captured,6.37,GBP,Payment Gateway
PAY0003450,BKG003459,2024-05-30,Mastercard,205.21,Captured,3.69,GBP,Payment Gateway
PAY0003451,BKG003460,2025-12-28,Visa,382.01,Captured,5.35,GBP,Payment Gateway
PAY0003452,BKG003461,2024-03-14,Mastercard,1771.63,Captured,31.89,GBP,Payment Gateway
PAY0003453,BKG003462,2024-03-05,Visa,624.78,Captured,7.5,GBP,Payment Gateway
PAY0003454,BKG003463,2025-05-09,Visa,700.76,Captured,11.21,GBP,Payment Gateway
PAY0003455,BKG003464,2024-05-29,Visa,139.58,Captured,1.95,GBP,Payment Gateway
PAY0003456,BKG003466,2025-10-13,Visa,547.96,Captured,6.58,GBP,Payment Gateway
PAY0003457,BKG003467,2024-05-28,Bank Transfer,336.54,Captured,0,GBP,Payment Gateway
PAY0003458,BKG003468,2025-07-17,Visa,151.69,Captured,2.43,GBP,Payment Gateway
PAY0003459,BKG003469,2025-07-06,Bank Transfer,55.1,Captured,0,GBP,Payment Gateway
PAY0003460,BKG003469,2025-07-20,Mastercard,165.31,Captured,1.98,GBP,Payment Gateway
PAY0003461,BKG003470,2025-07-24,American Express,207.93,Captured,3.74,GBP,Payment Gateway
PAY0003462,BKG003471,2024-06-14,Mastercard,121.18,Captured,1.7,GBP,Payment Gateway
PAY0003463,BKG003472,2025-04-17,Visa,280.22,Captured,3.92,GBP,Payment Gateway
PAY0003464,BKG003473,2025-10-05,Mastercard,288.92,Captured,5.2,GBP,Payment Gateway
PAY0003465,BKG003474,2024-09-14,Apple Pay,104.36,Captured,1.67,GBP,Payment Gateway
PAY0003466,BKG003474,2024-10-17,Mastercard,313.07,Captured,3.76,GBP,Payment Gateway
PAY0003467,BKG003475,2025-10-07,Mastercard,611.51,Captured,8.56,GBP,Payment Gateway
PAY0003468,BKG003476,2024-09-25,Google Pay,182.18,Captured,3.28,GBP,Payment Gateway
PAY0003469,BKG003477,2026-02-23,Visa,203.87,Captured,2.45,GBP,Payment Gateway
PAY0003470,BKG003478,2024-04-12,Apple Pay,151.49,Captured,2.12,GBP,Payment Gateway
PAY0003471,BKG003480,2026-01-24,American Express,385.19,Captured,6.93,GBP,Payment Gateway
PAY0003472,BKG003481,2024-02-05,Apple Pay,206.82,Captured,3.72,GBP,Payment Gateway
PAY0003473,BKG003482,2024-03-15,American Express,263.48,Captured,4.74,GBP,Payment Gateway
PAY0003474,BKG003483,2026-01-12,Visa,331.86,Captured,4.65,GBP,Payment Gateway
PAY0003475,BKG003484,2025-10-18,Visa,545.83,Captured,7.64,GBP,Payment Gateway
PAY0003476,BKG003485,2026-08-23,Mastercard,509.3,Captured,9.17,GBP,Payment Gateway
PAY0003477,BKG003486,2024-06-07,Bank Transfer,218.99,Captured,0,GBP,Payment Gateway
PAY0003478,BKG003487,2024-12-06,Cash,195.67,Captured,0,GBP,Front Desk/PMS
PAY0003479,BKG003488,2025-03-05,Visa,196.68,Captured,2.36,GBP,Payment Gateway
PAY0003480,BKG003489,2025-07-08,Bank Transfer,785.86,Captured,0,GBP,Payment Gateway
PAY0003481,BKG003490,2025-02-09,Visa,97.01,Captured,1.75,GBP,Payment Gateway
PAY0003482,BKG003491,2024-06-17,Visa,344.4,Captured,4.13,GBP,Payment Gateway
PAY0003483,BKG003492,2025-12-16,Cash,680.4,Captured,0,GBP,Front Desk/PMS
PAY0003484,BKG003493,2025-04-17,Mastercard,852.67,Captured,11.94,GBP,Payment Gateway
PAY0003485,BKG003494,2024-03-16,Mastercard,527.01,Captured,7.38,GBP,Payment Gateway
PAY0003486,BKG003495,2026-06-19,Visa,286.26,Captured,5.15,GBP,Payment Gateway
PAY0003487,BKG003496,2025-05-10,Mastercard,2985.55,Captured,35.83,GBP,Payment Gateway
PAY0003488,BKG003497,2026-06-01,Mastercard,381.36,Captured,5.34,GBP,Payment Gateway
PAY0003489,BKG003498,2026-07-22,Apple Pay,217.94,Captured,3.49,GBP,Payment Gateway
PAY0003490,BKG003498,2026-07-25,Cash,653.81,Captured,0,GBP,Front Desk/PMS
PAY0003491,BKG003501,2024-09-08,American Express,584.52,Captured,8.18,GBP,Payment Gateway
PAY0003492,BKG003502,2024-11-19,Mastercard,214.1,Captured,3,GBP,Payment Gateway
PAY0003493,BKG003503,2024-08-25,Google Pay,284.73,Captured,3.99,GBP,Payment Gateway
PAY0003494,BKG003505,2025-02-10,Mastercard,102.62,Captured,1.64,GBP,Payment Gateway
PAY0003495,BKG003505,2025-03-04,Mastercard,307.85,Captured,3.69,GBP,Payment Gateway
PAY0003496,BKG003506,2025-04-07,Visa,2250.49,Captured,36.01,GBP,Payment Gateway
PAY0003497,BKG003508,2025-09-21,Mastercard,335.78,Captured,5.37,GBP,Payment Gateway
PAY0003498,BKG003509,2026-08-17,Google Pay,139.93,Captured,2.52,GBP,Payment Gateway
PAY0003499,BKG003510,2025-08-16,Mastercard,1423.16,Captured,17.08,GBP,Payment Gateway
PAY0003500,BKG003511,2024-07-24,Visa,955.79,Captured,13.38,GBP,Payment Gateway
PAY0003501,BKG003512,2025-08-16,Google Pay,226.53,Captured,3.62,GBP,Payment Gateway
PAY0003502,BKG003513,2025-08-10,Bank Transfer,253.73,Captured,0,GBP,Payment Gateway
PAY0003503,BKG003514,2025-05-13,Visa,145.39,Captured,2.33,GBP,Payment Gateway
PAY0003504,BKG003515,2025-06-06,Mastercard,2404.35,Captured,38.47,GBP,Payment Gateway
PAY0003505,BKG003516,2024-02-14,Visa,229.79,Captured,2.76,GBP,Payment Gateway
PAY0003506,BKG003517,2024-11-23,Mastercard,147.32,Captured,1.77,GBP,Payment Gateway
PAY0003507,BKG003518,2026-06-04,Mastercard,146.9,Captured,1.76,GBP,Payment Gateway
PAY0003508,BKG003519,2024-06-01,Bank Transfer,436,Captured,0,GBP,Payment Gateway
PAY0003509,BKG003520,2024-07-11,Mastercard,717.08,Captured,10.04,GBP,Payment Gateway
PAY0003510,BKG003521,2025-06-04,Bank Transfer,369,Captured,0,GBP,Payment Gateway
PAY0003511,BKG003522,2025-02-03,Visa,99.56,Captured,1.59,GBP,Payment Gateway
PAY0003512,BKG003523,2024-03-18,Mastercard,228.83,Captured,3.2,GBP,Payment Gateway
PAY0003513,BKG003524,2024-10-10,Mastercard,340.86,Captured,5.45,GBP,Payment Gateway
PAY0003514,BKG003525,2026-05-26,Visa,71.37,Captured,1,GBP,Payment Gateway
PAY0003515,BKG003525,2026-06-13,American Express,214.11,Captured,3.43,GBP,Payment Gateway
PAY0003516,BKG003526,2025-02-11,Mastercard,208.93,Captured,3.76,GBP,Payment Gateway
PAY0003517,BKG003527,2025-08-06,Mastercard,659.7,Captured,9.24,GBP,Payment Gateway
PAY0003518,BKG003528,2025-07-18,Apple Pay,680.12,Captured,8.16,GBP,Payment Gateway
PAY0003519,BKG003529,2024-06-21,Bank Transfer,520.05,Captured,0,GBP,Payment Gateway
PAY0003520,BKG003530,2026-06-02,Apple Pay,152.58,Captured,2.75,GBP,Payment Gateway
PAY0003521,BKG003530,2026-08-04,Google Pay,457.74,Captured,5.49,GBP,Payment Gateway
PAY0003522,BKG003531,2025-04-26,Mastercard,221.31,Captured,3.98,GBP,Payment Gateway
PAY0003523,BKG003532,2025-12-22,Mastercard,161.1,Captured,1.93,GBP,Payment Gateway
PAY0003524,BKG003533,2024-07-23,Apple Pay,149.1,Captured,2.09,GBP,Payment Gateway
PAY0003525,BKG003533,2024-07-29,American Express,447.3,Captured,6.26,GBP,Payment Gateway
PAY0003526,BKG003534,2026-06-08,Visa,179.41,Captured,2.87,GBP,Payment Gateway
PAY0003527,BKG003535,2024-09-06,Mastercard,1264.44,Captured,15.17,GBP,Payment Gateway
PAY0003528,BKG003536,2025-12-13,Bank Transfer,789.69,Captured,0,GBP,Payment Gateway
PAY0003529,BKG003537,2025-10-28,Google Pay,60.3,Captured,1.09,GBP,Payment Gateway
PAY0003530,BKG003537,2025-11-13,Visa,180.88,Captured,3.26,GBP,Payment Gateway
PAY0003531,BKG003538,2026-08-10,Mastercard,251.93,Captured,3.53,GBP,Payment Gateway
PAY0003532,BKG003539,2026-07-23,Mastercard,305.4,Captured,3.66,GBP,Payment Gateway
PAY0003533,BKG003540,2024-12-23,Apple Pay,410.76,Captured,5.75,GBP,Payment Gateway
PAY0003534,BKG003541,2025-02-26,Bank Transfer,94.39,Captured,0,GBP,Payment Gateway
PAY0003535,BKG003541,2025-04-01,Visa,283.17,Captured,3.96,GBP,Payment Gateway
PAY0003536,BKG003542,2025-07-16,American Express,540.71,Captured,8.65,GBP,Payment Gateway
PAY0003537,BKG003544,2026-07-13,Visa,418.58,Captured,5.86,GBP,Payment Gateway
PAY0003538,BKG003545,2024-05-15,Visa,501.3,Captured,6.02,GBP,Payment Gateway
PAY0003539,BKG003545,2024-07-10,Mastercard,1503.88,Captured,18.05,GBP,Payment Gateway
PAY0003540,BKG003546,2026-06-23,Google Pay,238.6,Captured,3.82,GBP,Payment Gateway
PAY0003541,BKG003547,2025-03-02,Mastercard,958.56,Captured,17.25,GBP,Payment Gateway
PAY0003542,BKG003548,2025-10-15,Bank Transfer,1048.14,Captured,0,GBP,Payment Gateway
PAY0003543,BKG003549,2026-03-27,Visa,71.11,Captured,1.28,GBP,Payment Gateway
PAY0003544,BKG003549,2026-04-23,Mastercard,213.34,Captured,3.84,GBP,Payment Gateway
PAY0003545,BKG003550,2024-09-07,Cash,279.76,Captured,0,GBP,Front Desk/PMS
PAY0003546,BKG003551,2026-06-22,Visa,286.51,Captured,5.16,GBP,Payment Gateway
PAY0003547,BKG003552,2024-07-23,Mastercard,122.07,Captured,2.2,GBP,Payment Gateway
PAY0003548,BKG003553,2026-08-12,American Express,557.93,Captured,7.81,GBP,Payment Gateway
PAY0003549,BKG003554,2025-11-15,Mastercard,787.08,Captured,12.59,GBP,Payment Gateway
PAY0003550,BKG003555,2025-11-05,American Express,222.71,Captured,2.67,GBP,Payment Gateway
PAY0003551,BKG003556,2025-06-07,Mastercard,307.37,Captured,3.69,GBP,Payment Gateway
PAY0003552,BKG003556,2025-06-23,Bank Transfer,922.11,Captured,0,GBP,Payment Gateway
PAY0003553,BKG003557,2026-08-12,Visa,199.17,Captured,3.19,GBP,Payment Gateway
PAY0003554,BKG003558,2026-08-07,Visa,120.73,Captured,1.69,GBP,Payment Gateway
PAY0003555,BKG003560,2025-04-19,Mastercard,1039.65,Captured,14.56,GBP,Payment Gateway
PAY0003556,BKG003562,2024-05-06,Apple Pay,179.1,Captured,2.51,GBP,Payment Gateway
PAY0003557,BKG003563,2025-06-14,Cash,151,Captured,0,GBP,Front Desk/PMS
PAY0003558,BKG003564,2024-08-15,Visa,440.02,Captured,7.04,GBP,Payment Gateway
PAY0003559,BKG003566,2026-04-15,Visa,871.26,Captured,10.46,GBP,Payment Gateway
PAY0003560,BKG003567,2026-05-09,Mastercard,204.91,Captured,2.87,GBP,Payment Gateway
PAY0003561,BKG003568,2024-08-19,Mastercard,1116.9,Captured,15.64,GBP,Payment Gateway
PAY0003562,BKG003569,2026-03-27,Mastercard,327.11,Captured,4.58,GBP,Payment Gateway
PAY0003563,BKG003570,2026-02-01,Mastercard,158.99,Captured,2.54,GBP,Payment Gateway
PAY0003564,BKG003570,2026-03-01,Apple Pay,476.97,Captured,5.72,GBP,Payment Gateway
PAY0003565,BKG003571,2024-06-25,Mastercard,251.33,Captured,3.02,GBP,Payment Gateway
PAY0003566,BKG003572,2025-10-24,Visa,1046.32,Captured,14.65,GBP,Payment Gateway
PAY0003567,BKG003573,2024-08-20,Mastercard,189.8,Captured,3.04,GBP,Payment Gateway
PAY0003568,BKG003574,2026-03-31,Mastercard,273.33,Captured,3.28,GBP,Payment Gateway
PAY0003569,BKG003575,2025-11-07,Bank Transfer,201.51,Captured,0,GBP,Payment Gateway
PAY0003570,BKG003576,2026-01-05,Cash,360.12,Captured,0,GBP,Front Desk/PMS
PAY0003571,BKG003577,2025-12-14,Apple Pay,192.76,Captured,2.31,GBP,Payment Gateway
PAY0003572,BKG003578,2026-05-28,Google Pay,320.28,Captured,5.12,GBP,Payment Gateway
PAY0003573,BKG003580,2024-02-09,Visa,401.1,Captured,7.22,GBP,Payment Gateway
PAY0003574,BKG003581,2025-12-23,Mastercard,106.06,Captured,1.91,GBP,Payment Gateway
PAY0003575,BKG003582,2026-07-06,Visa,72.79,Captured,0.87,GBP,Payment Gateway
PAY0003576,BKG003582,2026-07-10,Mastercard,218.36,Captured,3.06,GBP,Payment Gateway
PAY0003577,BKG003583,2024-01-05,Apple Pay,266.08,Captured,4.26,GBP,Payment Gateway
PAY0003578,BKG003584,2026-06-28,Mastercard,131.59,Captured,2.11,GBP,Payment Gateway
PAY0003579,BKG003585,2025-11-08,Mastercard,481.59,Captured,8.67,GBP,Payment Gateway
PAY0003580,BKG003586,2025-06-15,Apple Pay,159.68,Captured,2.55,GBP,Payment Gateway
PAY0003581,BKG003586,2025-06-15,Visa,479.03,Captured,5.75,GBP,Payment Gateway
PAY0003582,BKG003587,2024-05-18,Apple Pay,70.28,Captured,1.12,GBP,Payment Gateway
PAY0003583,BKG003587,2024-06-16,Mastercard,210.85,Captured,2.95,GBP,Payment Gateway
PAY0003584,BKG003588,2026-07-05,Mastercard,2259.95,Captured,40.68,GBP,Payment Gateway
PAY0003585,BKG003589,2026-08-07,Bank Transfer,815.4,Captured,0,GBP,Payment Gateway
PAY0003586,BKG003590,2025-07-25,Mastercard,375.01,Captured,6.75,GBP,Payment Gateway
PAY0003587,BKG003591,2024-10-09,Mastercard,173.99,Captured,2.09,GBP,Payment Gateway
PAY0003588,BKG003593,2025-08-01,Visa,142.28,Captured,2.56,GBP,Payment Gateway
PAY0003589,BKG003594,2024-05-02,Mastercard,658.62,Captured,10.54,GBP,Payment Gateway
PAY0003590,BKG003596,2024-07-14,Cash,2277.36,Captured,0,GBP,Front Desk/PMS
PAY0003591,BKG003597,2026-07-12,Mastercard,46.3,Captured,0.56,GBP,Payment Gateway
PAY0003592,BKG003597,2026-07-27,Visa,138.91,Captured,1.67,GBP,Payment Gateway
PAY0003593,BKG003598,2025-10-20,Cash,250.16,Captured,0,GBP,Front Desk/PMS
PAY0003594,BKG003599,2025-10-05,Visa,665.3,Captured,9.31,GBP,Payment Gateway
PAY0003595,BKG003600,2024-09-14,Visa,880.8,Captured,12.33,GBP,Payment Gateway
PAY0003596,BKG003602,2025-10-14,Visa,79.61,Captured,0.96,GBP,Payment Gateway
PAY0003597,BKG003602,2025-11-13,Cash,238.84,Captured,0,GBP,Front Desk/PMS
PAY0003598,BKG003603,2024-07-25,Mastercard,127.92,Captured,2.05,GBP,Payment Gateway
PAY0003599,BKG003604,2025-06-02,Visa,296.08,Captured,4.74,GBP,Payment Gateway
PAY0003600,BKG003605,2026-04-18,American Express,125.03,Captured,1.5,GBP,Payment Gateway
PAY0003601,BKG003606,2025-01-24,Cash,244.17,Captured,0,GBP,Front Desk/PMS
PAY0003602,BKG003606,2025-02-03,Visa,732.52,Captured,10.26,GBP,Payment Gateway
PAY0003603,BKG003607,2026-03-17,Visa,91.11,Captured,1.46,GBP,Payment Gateway
PAY0003604,BKG003607,2026-04-14,Bank Transfer,273.34,Captured,0,GBP,Payment Gateway
PAY0003605,BKG003608,2026-03-20,Mastercard,219.49,Captured,2.63,GBP,Payment Gateway
PAY0003606,BKG003609,2024-06-14,Mastercard,224.54,Captured,2.69,GBP,Payment Gateway
PAY0003607,BKG003610,2025-06-14,American Express,2240.06,Captured,26.88,GBP,Payment Gateway
PAY0003608,BKG003611,2024-06-15,American Express,45.01,Captured,0.63,GBP,Payment Gateway
PAY0003609,BKG003611,2024-07-07,Mastercard,135.03,Captured,2.16,GBP,Payment Gateway
PAY0003610,BKG003612,2025-01-21,Bank Transfer,80.95,Captured,0,GBP,Payment Gateway
PAY0003611,BKG003613,2024-02-10,Mastercard,115.89,Captured,1.62,GBP,Payment Gateway
PAY0003612,BKG003614,2025-08-22,American Express,508.64,Captured,7.12,GBP,Payment Gateway
PAY0003613,BKG003615,2024-08-05,Apple Pay,1203.01,Captured,16.84,GBP,Payment Gateway
PAY0003614,BKG003616,2025-08-04,Mastercard,655.89,Captured,11.81,GBP,Payment Gateway
PAY0003615,BKG003617,2025-09-13,Bank Transfer,390.86,Captured,0,GBP,Payment Gateway
PAY0003616,BKG003618,2025-12-16,Visa,394.88,Captured,4.74,GBP,Payment Gateway
PAY0003617,BKG003619,2024-08-26,Mastercard,409.53,Captured,5.73,GBP,Payment Gateway
PAY0003618,BKG003620,2025-09-05,Mastercard,333.1,Captured,5.33,GBP,Payment Gateway
PAY0003619,BKG003622,2024-06-15,American Express,89.03,Captured,1.25,GBP,Payment Gateway
PAY0003620,BKG003622,2024-06-27,Visa,267.11,Captured,3.74,GBP,Payment Gateway
PAY0003621,BKG003623,2025-03-31,Mastercard,448.68,Captured,6.28,GBP,Payment Gateway
PAY0003622,BKG003624,2024-05-12,Visa,1902.65,Captured,34.25,GBP,Payment Gateway
PAY0003623,BKG003625,2025-12-09,Mastercard,113.71,Captured,1.82,GBP,Payment Gateway
PAY0003624,BKG003626,2024-09-06,Cash,605.9,Captured,0,GBP,Front Desk/PMS
PAY0003625,BKG003627,2024-06-02,Visa,129.61,Captured,2.07,GBP,Payment Gateway
PAY0003626,BKG003628,2025-08-31,Mastercard,512.67,Captured,6.15,GBP,Payment Gateway
PAY0003627,BKG003629,2024-06-18,Visa,86.56,Captured,1.04,GBP,Payment Gateway
PAY0003628,BKG003629,2024-06-18,Google Pay,259.68,Captured,3.12,GBP,Payment Gateway
PAY0003629,BKG003630,2026-01-03,Mastercard,721.72,Captured,8.66,GBP,Payment Gateway
PAY0003630,BKG003631,2024-06-29,Visa,376.67,Captured,6.03,GBP,Payment Gateway
PAY0003631,BKG003632,2025-08-19,American Express,564.35,Captured,7.9,GBP,Payment Gateway
PAY0003632,BKG003633,2024-07-31,Bank Transfer,51.23,Captured,0,GBP,Payment Gateway
PAY0003633,BKG003633,2024-08-02,Google Pay,153.68,Captured,2.15,GBP,Payment Gateway
PAY0003634,BKG003635,2025-05-12,Visa,494.34,Captured,8.9,GBP,Payment Gateway
PAY0003635,BKG003636,2025-03-09,Mastercard,607.99,Captured,7.3,GBP,Payment Gateway
PAY0003636,BKG003637,2024-05-27,Visa,267.66,Captured,3.75,GBP,Payment Gateway
PAY0003637,BKG003638,2024-05-08,Visa,914.25,Captured,16.46,GBP,Payment Gateway
PAY0003638,BKG003639,2025-04-16,Visa,708.85,Captured,8.51,GBP,Payment Gateway
PAY0003639,BKG003640,2024-11-02,Apple Pay,1531.66,Captured,21.44,GBP,Payment Gateway
PAY0003640,BKG003641,2025-07-05,Mastercard,197.11,Captured,3.55,GBP,Payment Gateway
PAY0003641,BKG003644,2024-05-05,Mastercard,106.8,Captured,1.92,GBP,Payment Gateway
PAY0003642,BKG003645,2026-07-25,Visa,211.12,Captured,2.96,GBP,Payment Gateway
PAY0003643,BKG003646,2026-08-18,Visa,110.32,Captured,1.77,GBP,Payment Gateway
PAY0003644,BKG003647,2024-06-13,Visa,602.22,Captured,8.43,GBP,Payment Gateway
PAY0003645,BKG003649,2024-02-04,Mastercard,697.73,Captured,11.16,GBP,Payment Gateway
PAY0003646,BKG003650,2024-08-21,Mastercard,490.02,Captured,7.84,GBP,Payment Gateway
PAY0003647,BKG003651,2024-06-15,Mastercard,157.74,Captured,1.89,GBP,Payment Gateway
PAY0003648,BKG003652,2024-08-10,Cash,200.83,Captured,0,GBP,Front Desk/PMS
PAY0003649,BKG003653,2026-06-13,Visa,299.16,Captured,3.59,GBP,Payment Gateway
PAY0003650,BKG003654,2025-08-14,Visa,177.62,Captured,2.13,GBP,Payment Gateway
PAY0003651,BKG003656,2024-03-04,Visa,718.36,Captured,12.93,GBP,Payment Gateway
PAY0003652,BKG003657,2024-01-03,Visa,139.23,Captured,2.51,GBP,Payment Gateway
PAY0003653,BKG003658,2026-04-29,Visa,310.37,Captured,4.35,GBP,Payment Gateway
PAY0003654,BKG003659,2024-06-08,Visa,111.95,Captured,1.34,GBP,Payment Gateway
PAY0003655,BKG003660,2025-09-28,Mastercard,144.19,Captured,2.02,GBP,Payment Gateway
PAY0003656,BKG003661,2025-08-24,Visa,1477.8,Captured,17.73,GBP,Payment Gateway
PAY0003657,BKG003663,2024-02-04,Apple Pay,274.64,Captured,4.94,GBP,Payment Gateway
PAY0003658,BKG003664,2024-01-11,Mastercard,933.81,Captured,13.07,GBP,Payment Gateway
PAY0003659,BKG003665,2025-04-24,Google Pay,103.23,Captured,1.24,GBP,Payment Gateway
PAY0003660,BKG003666,2024-01-19,Google Pay,703.75,Captured,12.67,GBP,Payment Gateway
PAY0003661,BKG003667,2024-02-12,American Express,365.66,Captured,4.39,GBP,Payment Gateway
PAY0003662,BKG003668,2024-03-14,American Express,77.1,Captured,1.08,GBP,Payment Gateway
PAY0003663,BKG003668,2024-03-17,Visa,231.3,Captured,2.78,GBP,Payment Gateway
PAY0003664,BKG003669,2026-06-30,Bank Transfer,276.85,Captured,0,GBP,Payment Gateway
PAY0003665,BKG003670,2026-03-21,American Express,121.01,Captured,1.69,GBP,Payment Gateway
PAY0003666,BKG003671,2026-07-21,Mastercard,167.12,Captured,2.01,GBP,Payment Gateway
PAY0003667,BKG003672,2024-12-08,Mastercard,758.02,Captured,12.13,GBP,Payment Gateway
PAY0003668,BKG003673,2025-09-20,Mastercard,74.83,Captured,0.9,GBP,Payment Gateway
PAY0003669,BKG003673,2025-10-31,American Express,224.5,Captured,3.59,GBP,Payment Gateway
PAY0003670,BKG003674,2026-06-30,Visa,548.39,Captured,8.77,GBP,Payment Gateway
PAY0003671,BKG003675,2025-06-18,Mastercard,302.99,Captured,5.45,GBP,Payment Gateway
PAY0003672,BKG003676,2024-05-21,Cash,334.62,Captured,0,GBP,Front Desk/PMS
PAY0003673,BKG003677,2025-10-07,Visa,269.71,Captured,3.78,GBP,Payment Gateway
PAY0003674,BKG003677,2025-10-25,Mastercard,809.12,Captured,12.95,GBP,Payment Gateway
PAY0003675,BKG003678,2026-06-04,Visa,483.86,Captured,6.77,GBP,Payment Gateway
PAY0003676,BKG003679,2026-05-10,Visa,863.81,Captured,15.55,GBP,Payment Gateway
PAY0003677,BKG003681,2026-06-22,Apple Pay,160.25,Captured,2.88,GBP,Payment Gateway
PAY0003678,BKG003682,2024-07-08,Visa,959.84,Captured,17.28,GBP,Payment Gateway
PAY0003679,BKG003683,2026-05-25,Mastercard,681.99,Captured,8.18,GBP,Payment Gateway
PAY0003680,BKG003685,2024-07-29,Visa,393.98,Captured,4.73,GBP,Payment Gateway
PAY0003681,BKG003686,2026-07-02,Bank Transfer,1261.23,Captured,0,GBP,Payment Gateway
PAY0003682,BKG003688,2026-02-22,Mastercard,151.81,Captured,1.82,GBP,Payment Gateway
PAY0003683,BKG003689,2024-01-07,Mastercard,251.74,Captured,4.03,GBP,Payment Gateway
PAY0003684,BKG003690,2025-01-28,Mastercard,643,Captured,10.29,GBP,Payment Gateway
PAY0003685,BKG003692,2026-04-18,Google Pay,121.56,Captured,1.46,GBP,Payment Gateway
PAY0003686,BKG003693,2024-06-02,Mastercard,1894.57,Captured,34.1,GBP,Payment Gateway
PAY0003687,BKG003694,2026-05-25,Visa,279.28,Captured,5.03,GBP,Payment Gateway
PAY0003688,BKG003695,2024-06-24,Apple Pay,443.89,Captured,6.21,GBP,Payment Gateway
PAY0003689,BKG003696,2025-07-18,Visa,230.38,Captured,3.23,GBP,Payment Gateway
PAY0003690,BKG003697,2024-09-08,Mastercard,2133.65,Captured,38.41,GBP,Payment Gateway
PAY0003691,BKG003698,2024-03-24,Visa,124.95,Captured,2.25,GBP,Payment Gateway
PAY0003692,BKG003699,2025-04-22,Mastercard,429.5,Captured,6.87,GBP,Payment Gateway
PAY0003693,BKG003700,2026-06-22,Mastercard,376.01,Captured,5.26,GBP,Payment Gateway
PAY0003694,BKG003701,2026-05-14,Mastercard,1055.66,Captured,16.89,GBP,Payment Gateway
PAY0003695,BKG003702,2025-01-24,Cash,46.14,Captured,0,GBP,Front Desk/PMS
PAY0003696,BKG003702,2025-04-09,Mastercard,138.43,Captured,2.49,GBP,Payment Gateway
PAY0003697,BKG003703,2025-08-03,Visa,51.03,Captured,0.71,GBP,Payment Gateway
PAY0003698,BKG003703,2025-08-29,American Express,153.08,Captured,2.14,GBP,Payment Gateway
PAY0003699,BKG003704,2024-08-15,Mastercard,60.65,Captured,1.09,GBP,Payment Gateway
PAY0003700,BKG003704,2024-08-15,Mastercard,181.94,Captured,3.27,GBP,Payment Gateway
PAY0003701,BKG003707,2024-09-09,Google Pay,944.99,Captured,15.12,GBP,Payment Gateway
PAY0003702,BKG003708,2024-01-23,Mastercard,614.67,Captured,9.83,GBP,Payment Gateway
PAY0003703,BKG003709,2024-03-14,Google Pay,954.24,Captured,13.36,GBP,Payment Gateway
PAY0003704,BKG003710,2024-02-07,Mastercard,282.12,Captured,3.95,GBP,Payment Gateway
PAY0003705,BKG003711,2024-02-29,Visa,182.3,Captured,2.55,GBP,Payment Gateway
PAY0003706,BKG003712,2024-12-12,Visa,373.61,Captured,5.23,GBP,Payment Gateway
PAY0003707,BKG003713,2024-09-11,Mastercard,251.54,Captured,4.53,GBP,Payment Gateway
PAY0003708,BKG003714,2026-08-07,Visa,263.29,Captured,3.69,GBP,Payment Gateway
PAY0003709,BKG003715,2024-04-12,Mastercard,1230.03,Captured,22.14,GBP,Payment Gateway
PAY0003710,BKG003716,2024-07-04,Mastercard,99.83,Captured,1.4,GBP,Payment Gateway
PAY0003711,BKG003717,2026-03-16,Apple Pay,111.28,Captured,1.78,GBP,Payment Gateway
PAY0003712,BKG003719,2025-12-18,Visa,463.47,Captured,7.42,GBP,Payment Gateway
PAY0003713,BKG003719,2026-01-03,Apple Pay,1390.4,Captured,16.68,GBP,Payment Gateway
PAY0003714,BKG003720,2025-06-21,Mastercard,695.59,Captured,11.13,GBP,Payment Gateway
PAY0003715,BKG003721,2026-02-12,Bank Transfer,169,Captured,0,GBP,Payment Gateway
PAY0003716,BKG003722,2024-08-18,Mastercard,291.73,Captured,5.25,GBP,Payment Gateway
PAY0003717,BKG003723,2024-01-07,Apple Pay,111.95,Captured,1.34,GBP,Payment Gateway
PAY0003718,BKG003723,2024-01-27,Visa,335.87,Captured,5.37,GBP,Payment Gateway
PAY0003719,BKG003724,2024-10-02,Mastercard,163.18,Captured,2.61,GBP,Payment Gateway
PAY0003720,BKG003725,2024-03-31,Mastercard,375.45,Captured,4.51,GBP,Payment Gateway
PAY0003721,BKG003726,2025-11-04,Visa,262.91,Captured,4.73,GBP,Payment Gateway
PAY0003722,BKG003727,2024-08-16,Visa,1383.47,Captured,19.37,GBP,Payment Gateway
PAY0003723,BKG003728,2026-01-12,Visa,46.95,Captured,0.85,GBP,Payment Gateway
PAY0003724,BKG003728,2026-01-19,Visa,140.84,Captured,1.69,GBP,Payment Gateway
PAY0003725,BKG003729,2025-05-21,Mastercard,407.8,Captured,6.52,GBP,Payment Gateway
PAY0003726,BKG003729,2025-05-29,Apple Pay,1223.38,Captured,19.57,GBP,Payment Gateway
PAY0003727,BKG003730,2026-02-17,Mastercard,308.04,Captured,4.93,GBP,Payment Gateway
PAY0003728,BKG003731,2025-06-20,Visa,149.37,Captured,1.79,GBP,Payment Gateway
PAY0003729,BKG003732,2025-08-29,American Express,176.12,Captured,2.11,GBP,Payment Gateway
PAY0003730,BKG003733,2026-01-26,Visa,622.1,Captured,11.2,GBP,Payment Gateway
PAY0003731,BKG003734,2025-09-25,Mastercard,378.38,Captured,6.05,GBP,Payment Gateway
PAY0003732,BKG003735,2025-11-20,Visa,155.89,Captured,2.18,GBP,Payment Gateway
PAY0003733,BKG003735,2025-12-26,Apple Pay,467.68,Captured,6.55,GBP,Payment Gateway
PAY0003734,BKG003736,2024-09-29,Cash,168.06,Captured,0,GBP,Front Desk/PMS
PAY0003735,BKG003737,2024-08-07,Mastercard,475.4,Captured,5.7,GBP,Payment Gateway
PAY0003736,BKG003738,2025-04-10,Visa,145.76,Captured,2.33,GBP,Payment Gateway
PAY0003737,BKG003739,2025-01-24,Mastercard,1147.8,Captured,20.66,GBP,Payment Gateway
PAY0003738,BKG003740,2025-05-23,Cash,473.4,Captured,0,GBP,Front Desk/PMS
PAY0003739,BKG003741,2026-08-11,Mastercard,147.37,Captured,1.77,GBP,Payment Gateway
PAY0003740,BKG003742,2026-01-23,Bank Transfer,634.32,Captured,0,GBP,Payment Gateway
PAY0003741,BKG003743,2024-12-30,Visa,279.28,Captured,4.47,GBP,Payment Gateway
PAY0003742,BKG003744,2026-08-06,Mastercard,519.4,Captured,8.31,GBP,Payment Gateway
PAY0003743,BKG003745,2024-05-30,Visa,231.12,Captured,2.77,GBP,Payment Gateway
PAY0003744,BKG003745,2024-06-10,Visa,693.37,Captured,9.71,GBP,Payment Gateway
PAY0003745,BKG003746,2025-08-24,Cash,522.51,Captured,0,GBP,Front Desk/PMS
PAY0003746,BKG003747,2026-02-12,Visa,158.41,Captured,2.22,GBP,Payment Gateway
PAY0003747,BKG003749,2025-12-27,Cash,136.32,Captured,0,GBP,Front Desk/PMS
PAY0003748,BKG003749,2026-01-05,Mastercard,408.97,Captured,5.73,GBP,Payment Gateway
PAY0003749,BKG003750,2026-05-16,Mastercard,249.51,Captured,4.49,GBP,Payment Gateway
PAY0003750,BKG003751,2024-10-18,Mastercard,322.45,Captured,4.51,GBP,Payment Gateway
PAY0003751,BKG003752,2024-01-19,Cash,114.34,Captured,0,GBP,Front Desk/PMS
PAY0003752,BKG003753,2024-08-01,Mastercard,642.6,Captured,9,GBP,Payment Gateway
PAY0003753,BKG003754,2025-05-10,Mastercard,188.6,Captured,2.26,GBP,Payment Gateway
PAY0003754,BKG003755,2025-03-05,Visa,501.12,Captured,7.02,GBP,Payment Gateway
PAY0003755,BKG003756,2025-10-31,Apple Pay,76.03,Captured,1.06,GBP,Payment Gateway
PAY0003756,BKG003756,2025-12-11,Bank Transfer,228.08,Captured,0,GBP,Payment Gateway
PAY0003757,BKG003757,2026-06-18,American Express,125.9,Captured,2.27,GBP,Payment Gateway
PAY0003758,BKG003760,2024-12-22,Visa,870.35,Captured,12.18,GBP,Payment Gateway
PAY0003759,BKG003761,2024-07-11,Visa,144.7,Captured,1.74,GBP,Payment Gateway
PAY0003760,BKG003761,2024-07-26,Mastercard,434.1,Captured,5.21,GBP,Payment Gateway
PAY0003761,BKG003762,2024-12-16,American Express,298.18,Captured,4.77,GBP,Payment Gateway
PAY0003762,BKG003763,2025-07-09,American Express,112.75,Captured,1.35,GBP,Payment Gateway
PAY0003763,BKG003764,2024-04-14,Visa,610.65,Captured,9.77,GBP,Payment Gateway
PAY0003764,BKG003765,2024-12-06,Mastercard,289.27,Captured,3.47,GBP,Payment Gateway
PAY0003765,BKG003766,2025-09-22,Bank Transfer,2730.92,Captured,0,GBP,Payment Gateway
PAY0003766,BKG003767,2025-05-01,Bank Transfer,195.37,Captured,0,GBP,Payment Gateway
PAY0003767,BKG003768,2025-10-23,Visa,821.88,Captured,9.86,GBP,Payment Gateway
PAY0003768,BKG003772,2025-10-05,Mastercard,182.32,Captured,2.92,GBP,Payment Gateway
PAY0003769,BKG003773,2024-06-20,Mastercard,440.98,Captured,7.94,GBP,Payment Gateway
PAY0003770,BKG003774,2025-03-13,Visa,396.88,Captured,4.76,GBP,Payment Gateway
PAY0003771,BKG003775,2024-05-05,Cash,65.61,Captured,0,GBP,Front Desk/PMS
PAY0003772,BKG003775,2024-06-06,American Express,196.81,Captured,3.15,GBP,Payment Gateway
PAY0003773,BKG003776,2025-05-20,Mastercard,360.09,Captured,5.76,GBP,Payment Gateway
PAY0003774,BKG003776,2025-06-24,Visa,1080.27,Captured,15.12,GBP,Payment Gateway
PAY0003775,BKG003777,2024-06-03,Bank Transfer,197.03,Captured,0,GBP,Payment Gateway
PAY0003776,BKG003778,2024-12-03,Visa,964.17,Captured,15.43,GBP,Payment Gateway
PAY0003777,BKG003779,2024-04-23,Visa,726.84,Captured,10.18,GBP,Payment Gateway
PAY0003778,BKG003780,2026-01-04,Apple Pay,911.33,Captured,14.58,GBP,Payment Gateway
PAY0003779,BKG003781,2025-06-14,Google Pay,695.04,Captured,12.51,GBP,Payment Gateway
PAY0003780,BKG003782,2026-08-07,Mastercard,392.65,Captured,4.71,GBP,Payment Gateway
PAY0003781,BKG003783,2024-10-23,Bank Transfer,611.42,Captured,0,GBP,Payment Gateway
PAY0003782,BKG003784,2025-03-26,Visa,108.42,Captured,1.95,GBP,Payment Gateway
PAY0003783,BKG003784,2025-04-07,Mastercard,325.25,Captured,3.9,GBP,Payment Gateway
PAY0003784,BKG003785,2026-08-28,Google Pay,252.03,Captured,3.53,GBP,Payment Gateway
PAY0003785,BKG003786,2024-08-09,Google Pay,702.99,Captured,11.25,GBP,Payment Gateway
PAY0003786,BKG003787,2025-10-17,Visa,131.03,Captured,1.57,GBP,Payment Gateway
PAY0003787,BKG003788,2026-02-26,Visa,121.6,Captured,2.19,GBP,Payment Gateway
PAY0003788,BKG003789,2024-05-08,Visa,335.4,Captured,6.04,GBP,Payment Gateway
PAY0003789,BKG003790,2024-06-22,American Express,193.64,Captured,2.71,GBP,Payment Gateway
PAY0003790,BKG003791,2025-04-27,Apple Pay,864.6,Captured,13.83,GBP,Payment Gateway
PAY0003791,BKG003792,2025-07-22,Bank Transfer,570.9,Captured,0,GBP,Payment Gateway
PAY0003792,BKG003794,2025-11-22,Visa,971.65,Captured,15.55,GBP,Payment Gateway
PAY0003793,BKG003795,2026-05-29,Apple Pay,187.91,Captured,2.25,GBP,Payment Gateway
PAY0003794,BKG003798,2025-11-18,Apple Pay,435.99,Captured,6.1,GBP,Payment Gateway
PAY0003795,BKG003799,2026-08-11,Mastercard,1314.77,Captured,21.04,GBP,Payment Gateway
PAY0003796,BKG003800,2025-12-29,Mastercard,1034.78,Captured,16.56,GBP,Payment Gateway
PAY0003797,BKG003801,2024-10-20,Mastercard,201.11,Captured,3.62,GBP,Payment Gateway
PAY0003798,BKG003803,2024-06-09,Bank Transfer,259.23,Captured,0,GBP,Payment Gateway
PAY0003799,BKG003804,2024-02-14,Apple Pay,175.38,Captured,2.46,GBP,Payment Gateway
PAY0003800,BKG003805,2026-08-27,Apple Pay,1072.8,Captured,12.87,GBP,Payment Gateway
PAY0003801,BKG003807,2024-02-18,Mastercard,190.26,Captured,2.66,GBP,Payment Gateway
PAY0003802,BKG003808,2025-05-28,Visa,349.08,Captured,4.89,GBP,Payment Gateway
PAY0003803,BKG003810,2026-08-18,Google Pay,610.29,Captured,7.32,GBP,Payment Gateway
PAY0003804,BKG003811,2026-07-28,Visa,168.66,Captured,2.02,GBP,Payment Gateway
PAY0003805,BKG003811,2026-07-31,Cash,505.98,Captured,0,GBP,Front Desk/PMS
PAY0003806,BKG003812,2026-03-27,Apple Pay,165.45,Captured,2.32,GBP,Payment Gateway
PAY0003807,BKG003813,2025-10-21,Apple Pay,78.28,Captured,1.41,GBP,Payment Gateway
PAY0003808,BKG003813,2025-10-25,Mastercard,234.83,Captured,3.29,GBP,Payment Gateway
PAY0003809,BKG003814,2025-08-19,Mastercard,445.71,Captured,6.24,GBP,Payment Gateway
PAY0003810,BKG003815,2025-06-18,Apple Pay,782.07,Captured,9.38,GBP,Payment Gateway
PAY0003811,BKG003816,2025-11-17,Visa,505.39,Captured,6.06,GBP,Payment Gateway
PAY0003812,BKG003817,2024-05-18,Apple Pay,120.7,Captured,1.93,GBP,Payment Gateway
PAY0003813,BKG003820,2024-04-05,Mastercard,409.74,Captured,6.56,GBP,Payment Gateway
PAY0003814,BKG003821,2024-04-09,American Express,120.28,Captured,1.68,GBP,Payment Gateway
PAY0003815,BKG003822,2025-09-24,Bank Transfer,144.75,Captured,0,GBP,Payment Gateway
PAY0003816,BKG003823,2023-12-13,Mastercard,49.12,Captured,0.88,GBP,Payment Gateway
PAY0003817,BKG003823,2023-12-31,Mastercard,147.37,Captured,2.65,GBP,Payment Gateway
PAY0003818,BKG003824,2024-07-12,Bank Transfer,208.33,Captured,0,GBP,Payment Gateway
PAY0003819,BKG003825,2025-07-22,Mastercard,1429.01,Captured,22.86,GBP,Payment Gateway
PAY0003820,BKG003826,2025-02-22,American Express,65.58,Captured,1.05,GBP,Payment Gateway
PAY0003821,BKG003826,2025-03-14,Visa,196.75,Captured,2.75,GBP,Payment Gateway
PAY0003822,BKG003827,2025-05-17,Visa,171.32,Captured,2.74,GBP,Payment Gateway
PAY0003823,BKG003828,2025-12-09,American Express,650.24,Captured,10.4,GBP,Payment Gateway
PAY0003824,BKG003829,2024-10-26,Visa,293.53,Captured,4.11,GBP,Payment Gateway
PAY0003825,BKG003830,2024-02-13,Google Pay,513.1,Captured,8.21,GBP,Payment Gateway
PAY0003826,BKG003831,2025-07-29,American Express,172.75,Captured,2.76,GBP,Payment Gateway
PAY0003827,BKG003832,2024-04-23,Visa,383.3,Captured,6.9,GBP,Payment Gateway
PAY0003828,BKG003833,2025-03-31,Mastercard,506.52,Captured,9.12,GBP,Payment Gateway
PAY0003829,BKG003834,2024-08-24,Mastercard,274.93,Captured,4.95,GBP,Payment Gateway
PAY0003830,BKG003835,2026-05-23,Visa,824.35,Captured,11.54,GBP,Payment Gateway
PAY0003831,BKG003836,2026-08-25,Visa,1367.41,Captured,19.14,GBP,Payment Gateway
PAY0003832,BKG003837,2024-06-03,Apple Pay,113.6,Captured,1.59,GBP,Payment Gateway
PAY0003833,BKG003838,2026-04-25,Visa,120.57,Captured,1.93,GBP,Payment Gateway
PAY0003834,BKG003838,2026-05-19,Mastercard,361.71,Captured,5.79,GBP,Payment Gateway
PAY0003835,BKG003839,2026-08-12,Visa,46.54,Captured,0.84,GBP,Payment Gateway
PAY0003836,BKG003839,2026-08-16,Visa,139.61,Captured,2.23,GBP,Payment Gateway
PAY0003837,BKG003840,2026-07-23,Visa,181.73,Captured,3.27,GBP,Payment Gateway
PAY0003838,BKG003841,2025-08-18,Mastercard,259.78,Captured,4.16,GBP,Payment Gateway
PAY0003839,BKG003842,2026-04-15,Visa,319.65,Captured,4.48,GBP,Payment Gateway
PAY0003840,BKG003843,2025-04-21,Mastercard,172.86,Captured,2.42,GBP,Payment Gateway
PAY0003841,BKG003845,2025-06-17,Visa,110.13,Captured,1.98,GBP,Payment Gateway
PAY0003842,BKG003846,2024-05-09,Apple Pay,456.32,Captured,8.21,GBP,Payment Gateway
PAY0003843,BKG003847,2024-07-24,American Express,236.89,Captured,3.79,GBP,Payment Gateway
PAY0003844,BKG003847,2024-08-17,Visa,710.67,Captured,12.79,GBP,Payment Gateway
PAY0003845,BKG003849,2025-12-10,Bank Transfer,533.18,Captured,0,GBP,Payment Gateway
PAY0003846,BKG003851,2024-07-10,Visa,1032.52,Captured,14.46,GBP,Payment Gateway
PAY0003847,BKG003852,2026-04-21,Apple Pay,137.07,Captured,2.47,GBP,Payment Gateway
PAY0003848,BKG003853,2025-04-26,Mastercard,311.82,Captured,4.37,GBP,Payment Gateway
PAY0003849,BKG003854,2025-11-28,Mastercard,816.12,Captured,11.43,GBP,Payment Gateway
PAY0003850,BKG003855,2025-07-14,Mastercard,120.7,Captured,1.93,GBP,Payment Gateway
PAY0003851,BKG003857,2025-05-07,Visa,824.16,Captured,9.89,GBP,Payment Gateway
PAY0003852,BKG003858,2025-09-18,Visa,237.04,Captured,4.27,GBP,Payment Gateway
PAY0003853,BKG003859,2025-06-21,Mastercard,135.93,Captured,2.45,GBP,Payment Gateway
PAY0003854,BKG003860,2024-09-13,Apple Pay,559.66,Captured,8.95,GBP,Payment Gateway
PAY0003855,BKG003861,2024-06-03,Bank Transfer,1366.77,Captured,0,GBP,Payment Gateway
PAY0003856,BKG003862,2024-07-06,Bank Transfer,136.63,Captured,0,GBP,Payment Gateway
PAY0003857,BKG003863,2026-05-02,Apple Pay,155.92,Captured,2.81,GBP,Payment Gateway
PAY0003858,BKG003865,2024-08-18,Mastercard,1515.92,Captured,24.25,GBP,Payment Gateway
PAY0003859,BKG003866,2024-01-05,Visa,700.74,Captured,8.41,GBP,Payment Gateway
PAY0003860,BKG003869,2026-05-26,Visa,978.45,Captured,11.74,GBP,Payment Gateway
PAY0003861,BKG003869,2026-06-15,Mastercard,2935.35,Captured,52.84,GBP,Payment Gateway
PAY0003862,BKG003870,2025-09-25,Visa,280.47,Captured,5.05,GBP,Payment Gateway
PAY0003863,BKG003871,2025-01-09,American Express,143.26,Captured,1.72,GBP,Payment Gateway
PAY0003864,BKG003871,2025-01-21,Mastercard,429.78,Captured,6.02,GBP,Payment Gateway
PAY0003865,BKG003872,2025-06-16,Visa,1224.6,Captured,19.59,GBP,Payment Gateway
PAY0003866,BKG003873,2024-07-13,Visa,1050.32,Captured,16.81,GBP,Payment Gateway
PAY0003867,BKG003874,2024-08-13,Visa,81.61,Captured,1.14,GBP,Payment Gateway
PAY0003868,BKG003874,2024-08-24,Bank Transfer,244.81,Captured,0,GBP,Payment Gateway
PAY0003869,BKG003875,2025-03-28,Mastercard,272.15,Captured,3.27,GBP,Payment Gateway
PAY0003870,BKG003876,2024-04-06,Mastercard,251.96,Captured,4.54,GBP,Payment Gateway
PAY0003871,BKG003878,2024-12-30,Mastercard,135.76,Captured,1.63,GBP,Payment Gateway
PAY0003872,BKG003880,2024-04-22,Apple Pay,319.11,Captured,5.11,GBP,Payment Gateway
PAY0003873,BKG003881,2025-08-21,Visa,300.44,Captured,3.61,GBP,Payment Gateway
PAY0003874,BKG003882,2025-04-04,Visa,225.54,Captured,2.71,GBP,Payment Gateway
PAY0003875,BKG003883,2024-03-14,Mastercard,221.08,Captured,2.65,GBP,Payment Gateway
PAY0003876,BKG003885,2024-11-25,American Express,231.66,Captured,3.71,GBP,Payment Gateway
PAY0003877,BKG003886,2025-11-10,Visa,260.34,Captured,3.12,GBP,Payment Gateway
PAY0003878,BKG003887,2025-06-24,Visa,715.32,Captured,12.88,GBP,Payment Gateway
PAY0003879,BKG003888,2025-05-16,Cash,209.54,Captured,0,GBP,Front Desk/PMS
PAY0003880,BKG003889,2025-08-04,Visa,582.81,Captured,9.32,GBP,Payment Gateway
PAY0003881,BKG003891,2025-08-06,Mastercard,150.73,Captured,2.41,GBP,Payment Gateway
PAY0003882,BKG003892,2024-01-13,Visa,341.94,Captured,5.47,GBP,Payment Gateway
PAY0003883,BKG003893,2025-07-16,Cash,298.06,Captured,0,GBP,Front Desk/PMS
PAY0003884,BKG003894,2025-04-19,Apple Pay,172.72,Captured,2.07,GBP,Payment Gateway
PAY0003885,BKG003895,2025-08-11,Mastercard,166.43,Captured,3,GBP,Payment Gateway
PAY0003886,BKG003896,2025-03-09,Visa,50.9,Captured,0.71,GBP,Payment Gateway
PAY0003887,BKG003896,2025-04-16,American Express,152.69,Captured,2.44,GBP,Payment Gateway
PAY0003888,BKG003897,2025-07-14,Mastercard,467.35,Captured,7.48,GBP,Payment Gateway
PAY0003889,BKG003898,2026-07-28,Visa,165.93,Captured,2.32,GBP,Payment Gateway
PAY0003890,BKG003899,2024-05-12,Apple Pay,447.93,Captured,6.27,GBP,Payment Gateway
PAY0003891,BKG003900,2025-07-05,Apple Pay,376.64,Captured,6.78,GBP,Payment Gateway
PAY0003892,BKG003901,2025-09-04,Visa,770.94,Captured,10.79,GBP,Payment Gateway
PAY0003893,BKG003902,2025-01-25,Google Pay,627.88,Captured,10.05,GBP,Payment Gateway
PAY0003894,BKG003903,2026-07-22,Google Pay,276.46,Captured,3.87,GBP,Payment Gateway
PAY0003895,BKG003904,2026-05-22,Mastercard,199.09,Captured,3.58,GBP,Payment Gateway
PAY0003896,BKG003904,2026-06-18,Mastercard,597.27,Captured,9.56,GBP,Payment Gateway
PAY0003897,BKG003905,2025-05-11,Visa,83.74,Captured,1.51,GBP,Payment Gateway
PAY0003898,BKG003906,2026-01-09,Mastercard,321.88,Captured,5.79,GBP,Payment Gateway
PAY0003899,BKG003907,2024-11-18,Mastercard,817.86,Captured,9.81,GBP,Payment Gateway
PAY0003900,BKG003908,2024-07-10,Bank Transfer,226.36,Captured,0,GBP,Payment Gateway
PAY0003901,BKG003909,2025-04-09,Bank Transfer,169.19,Captured,0,GBP,Payment Gateway
PAY0003902,BKG003910,2024-04-20,Google Pay,586.36,Captured,7.04,GBP,Payment Gateway
PAY0003903,BKG003912,2025-11-03,Mastercard,333.96,Captured,4.01,GBP,Payment Gateway
PAY0003904,BKG003913,2025-11-08,Bank Transfer,120.03,Captured,0,GBP,Payment Gateway
PAY0003905,BKG003913,2025-11-09,Apple Pay,360.08,Captured,4.32,GBP,Payment Gateway
PAY0003906,BKG003914,2025-09-16,Visa,500.46,Captured,8.01,GBP,Payment Gateway
PAY0003907,BKG003915,2024-09-22,Visa,430.61,Captured,6.03,GBP,Payment Gateway
PAY0003908,BKG003916,2024-03-03,Visa,837.5,Captured,13.4,GBP,Payment Gateway
PAY0003909,BKG003917,2025-09-17,Visa,189.84,Captured,3.42,GBP,Payment Gateway
PAY0003910,BKG003918,2026-03-09,Mastercard,330.41,Captured,3.96,GBP,Payment Gateway
PAY0003911,BKG003919,2025-07-07,Visa,700.65,Captured,9.81,GBP,Payment Gateway
PAY0003912,BKG003920,2024-01-17,Visa,90.35,Captured,1.08,GBP,Payment Gateway
PAY0003913,BKG003920,2024-01-20,Visa,271.06,Captured,3.25,GBP,Payment Gateway
PAY0003914,BKG003921,2024-04-13,Mastercard,45.16,Captured,0.72,GBP,Payment Gateway
PAY0003915,BKG003921,2024-05-05,Google Pay,135.48,Captured,2.44,GBP,Payment Gateway
PAY0003916,BKG003922,2024-02-02,Mastercard,109.87,Captured,1.32,GBP,Payment Gateway
PAY0003917,BKG003923,2026-06-25,Mastercard,172.84,Captured,2.77,GBP,Payment Gateway
PAY0003918,BKG003924,2025-08-16,Bank Transfer,586.92,Captured,0,GBP,Payment Gateway
PAY0003919,BKG003925,2026-03-22,Apple Pay,265.98,Captured,3.72,GBP,Payment Gateway
PAY0003920,BKG003926,2025-11-17,American Express,595.34,Captured,9.53,GBP,Payment Gateway
PAY0003921,BKG003927,2025-04-14,Visa,237.67,Captured,2.85,GBP,Payment Gateway
PAY0003922,BKG003928,2026-07-10,American Express,127.66,Captured,1.79,GBP,Payment Gateway
PAY0003923,BKG003929,2025-06-06,American Express,150.63,Captured,2.11,GBP,Payment Gateway
PAY0003924,BKG003931,2024-10-05,Mastercard,876.18,Captured,14.02,GBP,Payment Gateway
PAY0003925,BKG003932,2024-06-19,Mastercard,264.22,Captured,3.7,GBP,Payment Gateway
PAY0003926,BKG003933,2026-08-28,Visa,653.75,Captured,11.77,GBP,Payment Gateway
PAY0003927,BKG003934,2025-04-16,Bank Transfer,932.51,Captured,0,GBP,Payment Gateway
PAY0003928,BKG003935,2026-05-10,Mastercard,103.59,Captured,1.66,GBP,Payment Gateway
PAY0003929,BKG003936,2024-06-06,Bank Transfer,98.95,Captured,0,GBP,Payment Gateway
PAY0003930,BKG003936,2024-07-12,American Express,296.87,Captured,3.56,GBP,Payment Gateway
PAY0003931,BKG003937,2024-06-29,Visa,301.88,Captured,5.43,GBP,Payment Gateway
PAY0003932,BKG003939,2026-04-06,Visa,3023.41,Captured,36.28,GBP,Payment Gateway
PAY0003933,BKG003940,2024-10-27,Visa,252.44,Captured,4.54,GBP,Payment Gateway
PAY0003934,BKG003941,2026-04-05,American Express,150.85,Captured,1.81,GBP,Payment Gateway
PAY0003935,BKG003941,2026-04-14,Cash,452.56,Captured,0,GBP,Front Desk/PMS
PAY0003936,BKG003942,2024-08-22,Visa,432.32,Captured,6.92,GBP,Payment Gateway
PAY0003937,BKG003943,2025-12-20,Mastercard,395.41,Captured,4.74,GBP,Payment Gateway
PAY0003938,BKG003944,2024-10-04,Mastercard,66.35,Captured,0.8,GBP,Payment Gateway
PAY0003939,BKG003944,2024-12-24,Mastercard,199.06,Captured,2.79,GBP,Payment Gateway
PAY0003940,BKG003945,2025-12-25,Apple Pay,1009.86,Captured,18.18,GBP,Payment Gateway
PAY0003941,BKG003946,2026-05-14,Mastercard,488.79,Captured,7.82,GBP,Payment Gateway
PAY0003942,BKG003947,2024-11-04,Bank Transfer,1944.9,Captured,0,GBP,Payment Gateway
PAY0003943,BKG003948,2026-07-29,Visa,229.54,Captured,4.13,GBP,Payment Gateway
PAY0003944,BKG003949,2024-10-08,Visa,74.67,Captured,1.19,GBP,Payment Gateway
PAY0003945,BKG003950,2025-11-29,Visa,654.75,Captured,7.86,GBP,Payment Gateway
PAY0003946,BKG003951,2025-11-10,Visa,71.94,Captured,1.01,GBP,Payment Gateway
PAY0003947,BKG003952,2024-07-08,Mastercard,1441.1,Captured,23.06,GBP,Payment Gateway
PAY0003948,BKG003954,2024-10-10,Bank Transfer,484.32,Captured,0,GBP,Payment Gateway
PAY0003949,BKG003955,2026-05-13,American Express,206.11,Captured,2.89,GBP,Payment Gateway
PAY0003950,BKG003955,2026-05-15,Mastercard,618.33,Captured,8.66,GBP,Payment Gateway
PAY0003951,BKG003956,2024-11-14,American Express,356.26,Captured,4.99,GBP,Payment Gateway
PAY0003952,BKG003956,2024-12-04,Mastercard,1068.8,Captured,14.96,GBP,Payment Gateway
PAY0003953,BKG003957,2024-06-20,Google Pay,371.8,Captured,5.21,GBP,Payment Gateway
PAY0003954,BKG003959,2025-02-04,Cash,317.01,Captured,0,GBP,Front Desk/PMS
PAY0003955,BKG003960,2024-08-09,Apple Pay,2790.91,Captured,33.49,GBP,Payment Gateway
PAY0003956,BKG003961,2024-09-25,American Express,75.17,Captured,1.35,GBP,Payment Gateway
PAY0003957,BKG003961,2024-11-07,Visa,225.52,Captured,3.61,GBP,Payment Gateway
PAY0003958,BKG003962,2026-08-06,Mastercard,1666.21,Captured,19.99,GBP,Payment Gateway
PAY0003959,BKG003965,2026-03-25,Bank Transfer,1086.47,Captured,0,GBP,Payment Gateway
PAY0003960,BKG003966,2025-07-15,Mastercard,417.51,Captured,5.85,GBP,Payment Gateway
PAY0003961,BKG003967,2025-01-24,Mastercard,571.25,Captured,6.86,GBP,Payment Gateway
PAY0003962,BKG003968,2024-06-01,Mastercard,996.39,Captured,13.95,GBP,Payment Gateway
PAY0003963,BKG003970,2024-05-19,Google Pay,366.58,Captured,5.87,GBP,Payment Gateway
PAY0003964,BKG003972,2026-03-31,Visa,449.79,Captured,7.2,GBP,Payment Gateway
PAY0003965,BKG003974,2025-03-29,American Express,101.08,Captured,1.62,GBP,Payment Gateway
PAY0003966,BKG003974,2025-03-29,Mastercard,303.24,Captured,3.64,GBP,Payment Gateway
PAY0003967,BKG003975,2024-05-16,Cash,1099.28,Captured,0,GBP,Front Desk/PMS
PAY0003968,BKG003976,2025-06-07,Bank Transfer,558.99,Captured,0,GBP,Payment Gateway
PAY0003969,BKG003977,2025-02-21,Visa,445.45,Captured,8.02,GBP,Payment Gateway
PAY0003970,BKG003978,2024-02-10,Mastercard,98.73,Captured,1.78,GBP,Payment Gateway
PAY0003971,BKG003978,2024-02-17,Visa,296.2,Captured,4.15,GBP,Payment Gateway
PAY0003972,BKG003979,2026-05-17,American Express,289.76,Captured,4.06,GBP,Payment Gateway
PAY0003973,BKG003980,2025-12-24,Apple Pay,177.6,Captured,3.2,GBP,Payment Gateway
PAY0003974,BKG003981,2024-03-30,Mastercard,328.41,Captured,3.94,GBP,Payment Gateway
PAY0003975,BKG003982,2025-03-19,Apple Pay,206.03,Captured,2.47,GBP,Payment Gateway
PAY0003976,BKG003983,2025-08-07,Bank Transfer,706.01,Captured,0,GBP,Payment Gateway
PAY0003977,BKG003984,2025-05-30,Mastercard,741.66,Captured,10.38,GBP,Payment Gateway
PAY0003978,BKG003985,2024-07-31,Bank Transfer,1855,Captured,0,GBP,Payment Gateway
PAY0003979,BKG003987,2024-06-05,Bank Transfer,189,Captured,0,GBP,Payment Gateway
PAY0003980,BKG003988,2026-08-17,Mastercard,517.34,Captured,7.24,GBP,Payment Gateway
PAY0003981,BKG003989,2025-09-30,Visa,779.43,Captured,12.47,GBP,Payment Gateway
PAY0003982,BKG003991,2024-07-24,Cash,217.02,Captured,0,GBP,Front Desk/PMS
PAY0003983,BKG003992,2024-09-23,Cash,176.61,Captured,0,GBP,Front Desk/PMS
PAY0003984,BKG003993,2024-07-13,Mastercard,1210.46,Captured,16.95,GBP,Payment Gateway
PAY0003985,BKG003994,2024-03-14,Bank Transfer,192.34,Captured,0,GBP,Payment Gateway
PAY0003986,BKG003996,2026-03-15,Mastercard,352.85,Captured,4.94,GBP,Payment Gateway
PAY0003987,BKG003997,2024-06-20,Visa,831.12,Captured,13.3,GBP,Payment Gateway
PAY0003988,BKG003998,2024-09-11,Visa,422,Captured,6.75,GBP,Payment Gateway
PAY0003989,BKG004000,2024-11-13,Visa,2861.66,Captured,34.34,GBP,Payment Gateway
PAY0003990,BKG004001,2025-07-06,Visa,1317.68,Captured,23.72,GBP,Payment Gateway
PAY0003991,BKG004002,2025-10-26,Visa,251.05,Captured,4.52,GBP,Payment Gateway
PAY0003992,BKG004003,2025-01-21,Cash,671.7,Captured,0,GBP,Front Desk/PMS
PAY0003993,BKG004004,2025-09-29,Apple Pay,353.8,Captured,4.95,GBP,Payment Gateway
PAY0003994,BKG004004,2025-11-13,Apple Pay,1061.4,Captured,14.86,GBP,Payment Gateway
PAY0003995,BKG004005,2024-05-14,American Express,139.03,Captured,2.5,GBP,Payment Gateway
PAY0003996,BKG004006,2025-11-19,Visa,85,Captured,1.02,GBP,Payment Gateway
PAY0003997,BKG004006,2025-12-17,Bank Transfer,255,Captured,0,GBP,Payment Gateway
PAY0003998,BKG004007,2024-08-30,Bank Transfer,616.59,Captured,0,GBP,Payment Gateway
PAY0003999,BKG004008,2026-03-02,Mastercard,134.58,Captured,2.42,GBP,Payment Gateway
PAY0004000,BKG004008,2026-03-02,Google Pay,403.75,Captured,7.27,GBP,Payment Gateway
PAY0004001,BKG004009,2024-01-19,Bank Transfer,222.82,Captured,0,GBP,Payment Gateway
PAY0004002,BKG004010,2024-09-04,Visa,829.8,Captured,13.28,GBP,Payment Gateway
PAY0004003,BKG004011,2025-06-25,Visa,184.12,Captured,3.31,GBP,Payment Gateway
PAY0004004,BKG004012,2024-10-31,Apple Pay,60.34,Captured,0.84,GBP,Payment Gateway
PAY0004005,BKG004012,2024-11-12,Bank Transfer,181.03,Captured,0,GBP,Payment Gateway
PAY0004006,BKG004013,2026-01-30,Visa,203.52,Captured,2.85,GBP,Payment Gateway
PAY0004007,BKG004014,2024-07-28,Visa,973.24,Captured,11.68,GBP,Payment Gateway
PAY0004008,BKG004016,2026-06-18,Mastercard,172.8,Captured,2.42,GBP,Payment Gateway
PAY0004009,BKG004017,2024-12-24,Mastercard,489.78,Captured,8.82,GBP,Payment Gateway
PAY0004010,BKG004018,2025-07-12,Apple Pay,862.03,Captured,13.79,GBP,Payment Gateway
PAY0004011,BKG004019,2025-03-08,Mastercard,346.77,Captured,6.24,GBP,Payment Gateway
PAY0004012,BKG004021,2024-11-13,Mastercard,125.01,Captured,1.75,GBP,Payment Gateway
PAY0004013,BKG004022,2025-07-12,Visa,500.36,Captured,9.01,GBP,Payment Gateway
PAY0004014,BKG004023,2024-08-26,Visa,218.43,Captured,3.06,GBP,Payment Gateway
PAY0004015,BKG004024,2024-07-21,Google Pay,195.45,Captured,3.13,GBP,Payment Gateway
PAY0004016,BKG004025,2025-03-17,Mastercard,134.57,Captured,2.15,GBP,Payment Gateway
PAY0004017,BKG004026,2025-08-12,American Express,413.06,Captured,6.61,GBP,Payment Gateway
PAY0004018,BKG004027,2025-09-08,Cash,1390.14,Captured,0,GBP,Front Desk/PMS
PAY0004019,BKG004028,2026-04-02,Visa,346.93,Captured,5.55,GBP,Payment Gateway
PAY0004020,BKG004029,2024-03-05,Mastercard,157.53,Captured,2.52,GBP,Payment Gateway
PAY0004021,BKG004030,2025-09-20,Apple Pay,126.62,Captured,1.52,GBP,Payment Gateway
PAY0004022,BKG004030,2025-09-24,Visa,379.87,Captured,6.08,GBP,Payment Gateway
PAY0004023,BKG004031,2024-09-19,Mastercard,286.8,Captured,5.16,GBP,Payment Gateway
PAY0004024,BKG004032,2024-09-07,Apple Pay,851.69,Captured,10.22,GBP,Payment Gateway
PAY0004025,BKG004033,2025-02-04,Mastercard,402.4,Captured,4.83,GBP,Payment Gateway
PAY0004026,BKG004034,2025-02-06,Cash,367.12,Captured,0,GBP,Front Desk/PMS
PAY0004027,BKG004035,2025-03-15,Cash,447.12,Captured,0,GBP,Front Desk/PMS
PAY0004028,BKG004036,2025-08-04,Visa,119.73,Captured,1.92,GBP,Payment Gateway
PAY0004029,BKG004036,2025-08-17,Mastercard,359.19,Captured,5.03,GBP,Payment Gateway
PAY0004030,BKG004037,2026-05-03,Apple Pay,553.93,Captured,9.97,GBP,Payment Gateway
PAY0004031,BKG004038,2025-12-12,Visa,479.57,Captured,7.67,GBP,Payment Gateway
PAY0004032,BKG004039,2024-12-06,Cash,140.66,Captured,0,GBP,Front Desk/PMS
PAY0004033,BKG004040,2024-06-06,Visa,1304.06,Captured,23.47,GBP,Payment Gateway
PAY0004034,BKG004041,2026-08-09,Visa,299.48,Captured,4.79,GBP,Payment Gateway
PAY0004035,BKG004042,2025-11-24,Apple Pay,274.95,Captured,4.4,GBP,Payment Gateway
PAY0004036,BKG004043,2024-07-21,Mastercard,1286.05,Captured,23.15,GBP,Payment Gateway
PAY0004037,BKG004045,2025-10-23,American Express,147.43,Captured,2.65,GBP,Payment Gateway
PAY0004038,BKG004046,2024-03-01,American Express,603.6,Captured,8.45,GBP,Payment Gateway
PAY0004039,BKG004047,2024-12-04,Cash,1053.51,Captured,0,GBP,Front Desk/PMS
PAY0004040,BKG004048,2025-04-07,Mastercard,879.72,Captured,12.32,GBP,Payment Gateway
PAY0004041,BKG004050,2024-03-22,Visa,112.89,Captured,2.03,GBP,Payment Gateway
PAY0004042,BKG004050,2024-07-12,Mastercard,338.66,Captured,4.06,GBP,Payment Gateway
PAY0004043,BKG004051,2025-07-28,Bank Transfer,103.61,Captured,0,GBP,Payment Gateway
PAY0004044,BKG004051,2025-08-05,Mastercard,310.83,Captured,3.73,GBP,Payment Gateway
PAY0004045,BKG004052,2024-10-15,Mastercard,102.34,Captured,1.64,GBP,Payment Gateway
PAY0004046,BKG004053,2024-08-10,Google Pay,193.15,Captured,2.7,GBP,Payment Gateway
PAY0004047,BKG004053,2024-09-04,Cash,579.44,Captured,0,GBP,Front Desk/PMS
PAY0004048,BKG004054,2026-04-12,Visa,373.17,Captured,6.72,GBP,Payment Gateway
PAY0004049,BKG004055,2024-06-28,Mastercard,615.54,Captured,11.08,GBP,Payment Gateway
PAY0004050,BKG004056,2024-04-07,Visa,128.45,Captured,2.06,GBP,Payment Gateway
PAY0004051,BKG004057,2025-07-28,Apple Pay,132.88,Captured,1.86,GBP,Payment Gateway
PAY0004052,BKG004057,2025-08-08,Mastercard,398.65,Captured,4.78,GBP,Payment Gateway
PAY0004053,BKG004058,2025-04-25,Mastercard,125.75,Captured,2.26,GBP,Payment Gateway
PAY0004054,BKG004060,2025-11-02,Visa,151.43,Captured,2.12,GBP,Payment Gateway
PAY0004055,BKG004061,2025-12-24,Mastercard,486.81,Captured,5.84,GBP,Payment Gateway
PAY0004056,BKG004062,2024-08-09,Mastercard,486.6,Captured,6.81,GBP,Payment Gateway
PAY0004057,BKG004063,2024-08-04,Apple Pay,390.57,Captured,6.25,GBP,Payment Gateway
PAY0004058,BKG004064,2025-07-24,Bank Transfer,226.03,Captured,0,GBP,Payment Gateway
PAY0004059,BKG004065,2026-05-07,Mastercard,192.81,Captured,2.31,GBP,Payment Gateway
PAY0004060,BKG004066,2024-10-05,Google Pay,1391.53,Captured,22.26,GBP,Payment Gateway
PAY0004061,BKG004067,2025-04-08,Cash,138.18,Captured,0,GBP,Front Desk/PMS
PAY0004062,BKG004068,2025-07-22,Bank Transfer,305.08,Captured,0,GBP,Payment Gateway
PAY0004063,BKG004069,2025-05-10,Visa,294.06,Captured,3.53,GBP,Payment Gateway
PAY0004064,BKG004070,2026-06-04,Bank Transfer,877.59,Captured,0,GBP,Payment Gateway
PAY0004065,BKG004071,2025-11-30,Visa,365.52,Captured,5.12,GBP,Payment Gateway
PAY0004066,BKG004072,2024-07-14,Google Pay,262.89,Captured,4.73,GBP,Payment Gateway
PAY0004067,BKG004073,2024-09-23,Visa,113.11,Captured,1.36,GBP,Payment Gateway
PAY0004068,BKG004074,2025-04-13,Mastercard,125.1,Captured,2.25,GBP,Payment Gateway
PAY0004069,BKG004074,2025-04-18,Mastercard,375.31,Captured,6,GBP,Payment Gateway
PAY0004070,BKG004075,2026-03-11,Visa,68.99,Captured,1.24,GBP,Payment Gateway
PAY0004071,BKG004075,2026-04-04,Visa,206.97,Captured,3.31,GBP,Payment Gateway
PAY0004072,BKG004076,2026-04-24,Visa,79.52,Captured,0.95,GBP,Payment Gateway
PAY0004073,BKG004076,2026-04-26,Mastercard,238.57,Captured,3.34,GBP,Payment Gateway
PAY0004074,BKG004077,2024-03-23,Visa,397.09,Captured,4.77,GBP,Payment Gateway
PAY0004075,BKG004078,2024-01-19,Mastercard,94.45,Captured,1.51,GBP,Payment Gateway
PAY0004076,BKG004080,2024-06-07,Mastercard,1489.8,Captured,17.88,GBP,Payment Gateway
PAY0004077,BKG004081,2025-07-27,American Express,802.8,Captured,11.24,GBP,Payment Gateway
PAY0004078,BKG004082,2025-07-21,Cash,1740.67,Captured,0,GBP,Front Desk/PMS
PAY0004079,BKG004083,2025-02-27,Visa,169.52,Captured,2.37,GBP,Payment Gateway
PAY0004080,BKG004084,2026-06-30,Visa,971.35,Captured,15.54,GBP,Payment Gateway
PAY0004081,BKG004085,2024-06-06,Visa,297.98,Captured,4.77,GBP,Payment Gateway
PAY0004082,BKG004086,2025-12-13,Google Pay,540.9,Captured,7.57,GBP,Payment Gateway
PAY0004083,BKG004087,2025-02-15,Mastercard,478.65,Captured,6.7,GBP,Payment Gateway
PAY0004084,BKG004088,2026-05-24,Visa,1006.02,Captured,12.07,GBP,Payment Gateway
PAY0004085,BKG004089,2026-01-30,Mastercard,90.3,Captured,1.44,GBP,Payment Gateway
PAY0004086,BKG004089,2026-02-02,Mastercard,270.88,Captured,4.88,GBP,Payment Gateway
PAY0004087,BKG004090,2026-03-30,Cash,469.28,Captured,0,GBP,Front Desk/PMS
PAY0004088,BKG004091,2024-09-05,Mastercard,251.51,Captured,3.02,GBP,Payment Gateway
PAY0004089,BKG004092,2025-08-11,Bank Transfer,102.93,Captured,0,GBP,Payment Gateway
PAY0004090,BKG004092,2025-09-09,Mastercard,308.79,Captured,3.71,GBP,Payment Gateway
PAY0004091,BKG004093,2025-05-08,Visa,137,Captured,1.64,GBP,Payment Gateway
PAY0004092,BKG004095,2024-11-06,Mastercard,288.5,Captured,4.62,GBP,Payment Gateway
PAY0004093,BKG004096,2026-05-14,Cash,2435.06,Captured,0,GBP,Front Desk/PMS
PAY0004094,BKG004097,2025-04-26,Bank Transfer,592.14,Captured,0,GBP,Payment Gateway
PAY0004095,BKG004098,2024-11-02,Visa,237.18,Captured,2.85,GBP,Payment Gateway
PAY0004096,BKG004099,2025-02-17,Apple Pay,500.28,Captured,7,GBP,Payment Gateway
PAY0004097,BKG004100,2026-06-12,Bank Transfer,168.21,Captured,0,GBP,Payment Gateway
PAY0004098,BKG004101,2026-04-20,Google Pay,530.28,Captured,6.36,GBP,Payment Gateway
PAY0004099,BKG004102,2026-06-11,Bank Transfer,205.05,Captured,0,GBP,Payment Gateway
PAY0004100,BKG004102,2026-06-26,Bank Transfer,615.14,Captured,0,GBP,Payment Gateway
PAY0004101,BKG004103,2025-12-06,Mastercard,277.48,Captured,4.99,GBP,Payment Gateway
PAY0004102,BKG004104,2026-07-16,Mastercard,273.64,Captured,4.38,GBP,Payment Gateway
PAY0004103,BKG004105,2025-08-27,Bank Transfer,235.59,Captured,0,GBP,Payment Gateway
PAY0004104,BKG004106,2025-10-27,Cash,152.8,Captured,0,GBP,Front Desk/PMS
PAY0004105,BKG004107,2024-09-07,Google Pay,298.24,Captured,4.18,GBP,Payment Gateway
PAY0004106,BKG004109,2026-07-16,Mastercard,429.7,Captured,6.02,GBP,Payment Gateway
PAY0004107,BKG004110,2024-06-11,Cash,72.67,Captured,0,GBP,Front Desk/PMS
PAY0004108,BKG004110,2024-08-04,Visa,218.02,Captured,3.92,GBP,Payment Gateway
PAY0004109,BKG004111,2025-05-26,Apple Pay,1016.76,Captured,12.2,GBP,Payment Gateway
PAY0004110,BKG004113,2025-06-19,American Express,100.28,Captured,1.81,GBP,Payment Gateway
PAY0004111,BKG004114,2025-07-01,Visa,453.77,Captured,6.35,GBP,Payment Gateway
PAY0004112,BKG004115,2025-07-24,Apple Pay,4095.08,Captured,65.52,GBP,Payment Gateway
PAY0004113,BKG004116,2024-06-06,Mastercard,530.2,Captured,9.54,GBP,Payment Gateway
PAY0004114,BKG004117,2024-08-06,Mastercard,70.77,Captured,0.85,GBP,Payment Gateway
PAY0004115,BKG004117,2024-09-08,Mastercard,212.32,Captured,3.4,GBP,Payment Gateway
PAY0004116,BKG004119,2025-09-16,Mastercard,449.37,Captured,8.09,GBP,Payment Gateway
PAY0004117,BKG004122,2024-07-11,Visa,1182.04,Captured,14.18,GBP,Payment Gateway
PAY0004118,BKG004123,2025-08-10,Apple Pay,119.62,Captured,1.67,GBP,Payment Gateway
PAY0004119,BKG004125,2026-08-26,Visa,213.33,Captured,2.56,GBP,Payment Gateway
PAY0004120,BKG004126,2026-05-12,Mastercard,364.28,Captured,5.1,GBP,Payment Gateway
PAY0004121,BKG004127,2025-01-14,Mastercard,74.68,Captured,0.9,GBP,Payment Gateway
PAY0004122,BKG004127,2025-01-28,Mastercard,224.03,Captured,3.58,GBP,Payment Gateway
PAY0004123,BKG004128,2025-04-14,Mastercard,578.55,Captured,6.94,GBP,Payment Gateway
PAY0004124,BKG004129,2026-02-16,Visa,104.9,Captured,1.47,GBP,Payment Gateway
PAY0004125,BKG004130,2026-05-13,Cash,399.76,Captured,0,GBP,Front Desk/PMS
PAY0004126,BKG004131,2026-08-21,Bank Transfer,1213.31,Captured,0,GBP,Payment Gateway
PAY0004127,BKG004132,2025-07-12,Visa,467.44,Captured,7.48,GBP,Payment Gateway
PAY0004128,BKG004133,2025-07-12,Mastercard,526.62,Captured,6.32,GBP,Payment Gateway
PAY0004129,BKG004134,2026-04-07,Mastercard,160.3,Captured,1.92,GBP,Payment Gateway
PAY0004130,BKG004135,2025-05-29,Mastercard,1321.48,Captured,18.5,GBP,Payment Gateway
PAY0004131,BKG004136,2024-05-12,Bank Transfer,235.56,Captured,0,GBP,Payment Gateway
PAY0004132,BKG004137,2024-07-23,Apple Pay,827.2,Captured,13.24,GBP,Payment Gateway
PAY0004133,BKG004138,2025-12-12,Google Pay,566.47,Captured,7.93,GBP,Payment Gateway
PAY0004134,BKG004139,2026-04-01,Google Pay,1399.31,Captured,16.79,GBP,Payment Gateway
PAY0004135,BKG004141,2026-05-10,Visa,400.14,Captured,5.6,GBP,Payment Gateway
PAY0004136,BKG004142,2025-06-25,Mastercard,96.75,Captured,1.35,GBP,Payment Gateway
PAY0004137,BKG004143,2026-04-17,Apple Pay,278.89,Captured,3.35,GBP,Payment Gateway
PAY0004138,BKG004144,2025-02-19,Mastercard,399.52,Captured,7.19,GBP,Payment Gateway
PAY0004139,BKG004145,2024-02-13,Mastercard,705.6,Captured,8.47,GBP,Payment Gateway
PAY0004140,BKG004146,2025-01-17,Visa,108.9,Captured,1.52,GBP,Payment Gateway
PAY0004141,BKG004147,2024-12-14,American Express,814.82,Captured,13.04,GBP,Payment Gateway
PAY0004142,BKG004148,2025-02-17,Cash,521.34,Captured,0,GBP,Front Desk/PMS
PAY0004143,BKG004149,2026-04-03,Visa,548.33,Captured,9.87,GBP,Payment Gateway
PAY0004144,BKG004150,2026-03-29,Visa,165.11,Captured,2.97,GBP,Payment Gateway
PAY0004145,BKG004151,2024-01-29,Apple Pay,138.01,Captured,1.93,GBP,Payment Gateway
PAY0004146,BKG004153,2026-08-17,Mastercard,1085.87,Captured,13.03,GBP,Payment Gateway
PAY0004147,BKG004154,2024-01-22,Visa,128.87,Captured,1.55,GBP,Payment Gateway
PAY0004148,BKG004155,2026-02-18,Cash,173.61,Captured,0,GBP,Front Desk/PMS
PAY0004149,BKG004156,2026-07-14,Visa,190.13,Captured,2.66,GBP,Payment Gateway
PAY0004150,BKG004158,2026-04-26,Mastercard,292.2,Captured,4.68,GBP,Payment Gateway
PAY0004151,BKG004159,2026-06-21,Visa,591.56,Captured,8.28,GBP,Payment Gateway
PAY0004152,BKG004162,2025-08-05,Bank Transfer,591,Captured,0,GBP,Payment Gateway
PAY0004153,BKG004163,2026-04-29,American Express,53.84,Captured,0.86,GBP,Payment Gateway
PAY0004154,BKG004163,2026-05-06,Mastercard,161.51,Captured,2.58,GBP,Payment Gateway
PAY0004155,BKG004164,2024-08-20,Cash,404.89,Captured,0,GBP,Front Desk/PMS
PAY0004156,BKG004165,2025-12-22,Mastercard,476.38,Captured,6.67,GBP,Payment Gateway
PAY0004157,BKG004166,2026-08-25,Visa,288.98,Captured,5.2,GBP,Payment Gateway
PAY0004158,BKG004168,2024-06-12,Mastercard,226.45,Captured,3.17,GBP,Payment Gateway
PAY0004159,BKG004169,2024-01-19,Visa,116.52,Captured,1.63,GBP,Payment Gateway
PAY0004160,BKG004170,2024-05-10,Mastercard,758.94,Captured,9.11,GBP,Payment Gateway
PAY0004161,BKG004171,2026-07-09,Visa,199.95,Captured,2.8,GBP,Payment Gateway
PAY0004162,BKG004172,2025-07-25,Cash,313.11,Captured,0,GBP,Front Desk/PMS
PAY0004163,BKG004173,2026-03-11,Visa,771.23,Captured,12.34,GBP,Payment Gateway
PAY0004164,BKG004173,2026-03-14,Mastercard,2313.68,Captured,41.65,GBP,Payment Gateway
PAY0004165,BKG004174,2024-02-18,Visa,498.47,Captured,5.98,GBP,Payment Gateway
PAY0004166,BKG004175,2026-06-07,Visa,296.17,Captured,4.15,GBP,Payment Gateway
PAY0004167,BKG004176,2026-05-16,Mastercard,178.25,Captured,2.14,GBP,Payment Gateway
PAY0004168,BKG004177,2024-08-26,Mastercard,246.82,Captured,3.46,GBP,Payment Gateway
PAY0004169,BKG004178,2026-02-25,Apple Pay,185.49,Captured,2.97,GBP,Payment Gateway
PAY0004170,BKG004179,2024-08-02,Mastercard,85.17,Captured,1.19,GBP,Payment Gateway
PAY0004171,BKG004179,2024-08-29,Apple Pay,255.52,Captured,4.6,GBP,Payment Gateway
PAY0004172,BKG004181,2026-03-29,Bank Transfer,69.95,Captured,0,GBP,Payment Gateway
PAY0004173,BKG004181,2026-05-18,American Express,209.87,Captured,3.78,GBP,Payment Gateway
PAY0004174,BKG004182,2024-11-12,Mastercard,296.28,Captured,4.74,GBP,Payment Gateway
PAY0004175,BKG004183,2025-07-08,Mastercard,262.48,Captured,3.67,GBP,Payment Gateway
PAY0004176,BKG004184,2024-06-25,Visa,926.99,Captured,11.12,GBP,Payment Gateway
PAY0004177,BKG004185,2025-05-29,Visa,133.98,Captured,1.88,GBP,Payment Gateway
PAY0004178,BKG004186,2024-10-17,Mastercard,633.79,Captured,8.87,GBP,Payment Gateway
PAY0004179,BKG004187,2024-02-03,Visa,551.4,Captured,6.62,GBP,Payment Gateway
PAY0004180,BKG004188,2025-07-21,Visa,68.31,Captured,1.23,GBP,Payment Gateway
PAY0004181,BKG004188,2025-08-02,Visa,204.94,Captured,2.46,GBP,Payment Gateway
PAY0004182,BKG004189,2024-06-02,Mastercard,176.35,Captured,2.47,GBP,Payment Gateway
PAY0004183,BKG004190,2024-10-02,Mastercard,138.53,Captured,2.49,GBP,Payment Gateway
PAY0004184,BKG004191,2025-04-18,Mastercard,53.91,Captured,0.65,GBP,Payment Gateway
PAY0004185,BKG004191,2025-05-10,Visa,161.73,Captured,1.94,GBP,Payment Gateway
PAY0004186,BKG004193,2026-03-11,Mastercard,93.47,Captured,1.12,GBP,Payment Gateway
PAY0004187,BKG004193,2026-03-24,Visa,280.39,Captured,5.05,GBP,Payment Gateway
PAY0004188,BKG004194,2025-01-30,Apple Pay,337.84,Captured,4.73,GBP,Payment Gateway
PAY0004189,BKG004196,2024-04-24,Visa,104.2,Captured,1.46,GBP,Payment Gateway
PAY0004190,BKG004197,2025-07-09,Visa,549.92,Captured,7.7,GBP,Payment Gateway
PAY0004191,BKG004198,2025-09-02,Visa,246.54,Captured,3.45,GBP,Payment Gateway
PAY0004192,BKG004200,2026-04-25,Visa,166.64,Captured,2.67,GBP,Payment Gateway
PAY0004193,BKG004201,2025-05-01,Mastercard,325.93,Captured,3.91,GBP,Payment Gateway
PAY0004194,BKG004201,2025-07-19,Apple Pay,977.8,Captured,15.64,GBP,Payment Gateway
PAY0004195,BKG004202,2024-07-26,Mastercard,421.82,Captured,5.91,GBP,Payment Gateway
PAY0004196,BKG004203,2026-01-08,American Express,146.32,Captured,2.05,GBP,Payment Gateway
PAY0004197,BKG004205,2024-06-26,Cash,283.26,Captured,0,GBP,Front Desk/PMS
PAY0004198,BKG004206,2026-05-28,Mastercard,166.88,Captured,2,GBP,Payment Gateway
PAY0004199,BKG004207,2024-06-08,Visa,496.96,Captured,8.95,GBP,Payment Gateway
PAY0004200,BKG004208,2026-07-30,Google Pay,132.4,Captured,2.12,GBP,Payment Gateway
PAY0004201,BKG004209,2025-11-23,Apple Pay,216.96,Captured,3.47,GBP,Payment Gateway
PAY0004202,BKG004210,2026-05-08,Visa,253.93,Captured,3.56,GBP,Payment Gateway
PAY0004203,BKG004211,2024-09-23,Mastercard,493.75,Captured,8.89,GBP,Payment Gateway
PAY0004204,BKG004212,2026-06-04,Visa,147.56,Captured,2.07,GBP,Payment Gateway
PAY0004205,BKG004213,2026-01-25,Visa,469.79,Captured,6.58,GBP,Payment Gateway
PAY0004206,BKG004214,2026-08-20,Bank Transfer,129.91,Captured,0,GBP,Payment Gateway
PAY0004207,BKG004215,2024-12-07,Visa,1033.85,Captured,16.54,GBP,Payment Gateway
PAY0004208,BKG004216,2026-04-28,Visa,591.16,Captured,8.28,GBP,Payment Gateway
PAY0004209,BKG004217,2026-08-09,Visa,151.64,Captured,2.43,GBP,Payment Gateway
PAY0004210,BKG004218,2025-07-23,Visa,674.28,Captured,12.14,GBP,Payment Gateway
PAY0004211,BKG004219,2024-05-19,Google Pay,532.92,Captured,8.53,GBP,Payment Gateway
PAY0004212,BKG004220,2025-04-27,Apple Pay,339.07,Captured,4.75,GBP,Payment Gateway
PAY0004213,BKG004221,2024-11-20,Google Pay,137.4,Captured,2.2,GBP,Payment Gateway
PAY0004214,BKG004221,2024-12-06,Apple Pay,412.21,Captured,6.6,GBP,Payment Gateway
PAY0004215,BKG004222,2024-10-23,Cash,1934.77,Captured,0,GBP,Front Desk/PMS
PAY0004216,BKG004223,2025-11-26,Visa,246.11,Captured,3.94,GBP,Payment Gateway
PAY0004217,BKG004224,2024-06-14,Mastercard,138.98,Captured,1.67,GBP,Payment Gateway
PAY0004218,BKG004226,2024-07-02,Mastercard,283.23,Captured,3.4,GBP,Payment Gateway
PAY0004219,BKG004227,2026-03-16,Visa,244.06,Captured,2.93,GBP,Payment Gateway
PAY0004220,BKG004228,2026-04-17,Mastercard,268.09,Captured,4.29,GBP,Payment Gateway
PAY0004221,BKG004229,2025-09-09,Bank Transfer,535.96,Captured,0,GBP,Payment Gateway
PAY0004222,BKG004230,2024-08-08,Cash,336.04,Captured,0,GBP,Front Desk/PMS
PAY0004223,BKG004231,2024-02-23,Visa,187.48,Captured,2.62,GBP,Payment Gateway
PAY0004224,BKG004232,2025-07-13,Visa,305.25,Captured,5.49,GBP,Payment Gateway
PAY0004225,BKG004233,2025-06-29,Mastercard,144.94,Captured,2.61,GBP,Payment Gateway
PAY0004226,BKG004234,2026-05-27,Visa,338.95,Captured,6.1,GBP,Payment Gateway
PAY0004227,BKG004235,2025-07-07,Mastercard,378.24,Captured,6.81,GBP,Payment Gateway
PAY0004228,BKG004236,2026-01-04,Bank Transfer,1617.25,Captured,0,GBP,Payment Gateway
PAY0004229,BKG004237,2025-08-26,Visa,146.98,Captured,2.06,GBP,Payment Gateway
PAY0004230,BKG004237,2025-10-01,Bank Transfer,440.94,Captured,0,GBP,Payment Gateway
PAY0004231,BKG004238,2025-05-15,Mastercard,354.1,Captured,5.67,GBP,Payment Gateway
PAY0004232,BKG004239,2024-05-14,Visa,982.84,Captured,13.76,GBP,Payment Gateway
PAY0004233,BKG004240,2025-10-12,Visa,68.41,Captured,1.09,GBP,Payment Gateway
PAY0004234,BKG004240,2025-11-01,Apple Pay,205.22,Captured,3.69,GBP,Payment Gateway
PAY0004235,BKG004241,2024-02-08,Visa,147.37,Captured,2.06,GBP,Payment Gateway
PAY0004236,BKG004242,2025-12-20,Cash,379.02,Captured,0,GBP,Front Desk/PMS
PAY0004237,BKG004243,2025-10-06,Visa,416.91,Captured,7.5,GBP,Payment Gateway
PAY0004238,BKG004244,2024-02-22,Apple Pay,150.35,Captured,2.41,GBP,Payment Gateway
PAY0004239,BKG004245,2025-12-13,Mastercard,556.44,Captured,6.68,GBP,Payment Gateway
PAY0004240,BKG004247,2025-08-13,Mastercard,446.95,Captured,8.05,GBP,Payment Gateway
PAY0004241,BKG004248,2024-12-17,Visa,755.9,Captured,13.61,GBP,Payment Gateway
PAY0004242,BKG004249,2024-09-01,Mastercard,277.42,Captured,4.99,GBP,Payment Gateway
PAY0004243,BKG004250,2024-11-27,Cash,174.06,Captured,0,GBP,Front Desk/PMS
PAY0004244,BKG004250,2024-12-05,Visa,522.18,Captured,6.27,GBP,Payment Gateway
PAY0004245,BKG004251,2025-01-26,Mastercard,292.94,Captured,4.1,GBP,Payment Gateway
PAY0004246,BKG004252,2025-12-24,Mastercard,763.6,Captured,9.16,GBP,Payment Gateway
PAY0004247,BKG004253,2024-02-12,Mastercard,186.6,Captured,2.24,GBP,Payment Gateway
PAY0004248,BKG004254,2026-03-01,Apple Pay,107.01,Captured,1.93,GBP,Payment Gateway
PAY0004249,BKG004254,2026-04-01,Mastercard,321.04,Captured,5.14,GBP,Payment Gateway
PAY0004250,BKG004255,2026-02-25,Apple Pay,90.94,Captured,1.64,GBP,Payment Gateway
PAY0004251,BKG004256,2025-08-10,Visa,109.05,Captured,1.96,GBP,Payment Gateway
PAY0004252,BKG004256,2025-08-19,Visa,327.15,Captured,4.58,GBP,Payment Gateway
PAY0004253,BKG004257,2024-01-28,Cash,130.91,Captured,0,GBP,Front Desk/PMS
PAY0004254,BKG004258,2025-07-25,American Express,182.93,Captured,2.93,GBP,Payment Gateway
PAY0004255,BKG004259,2025-10-05,Google Pay,131.94,Captured,1.85,GBP,Payment Gateway
PAY0004256,BKG004260,2026-06-12,Visa,445.18,Captured,5.34,GBP,Payment Gateway
PAY0004257,BKG004260,2026-07-24,American Express,1335.55,Captured,24.04,GBP,Payment Gateway
PAY0004258,BKG004261,2024-10-24,American Express,1287,Captured,15.44,GBP,Payment Gateway
PAY0004259,BKG004262,2024-04-28,Mastercard,720,Captured,8.64,GBP,Payment Gateway
PAY0004260,BKG004263,2025-03-06,Mastercard,1788.48,Captured,28.62,GBP,Payment Gateway
PAY0004261,BKG004265,2024-09-22,Mastercard,387.72,Captured,6.2,GBP,Payment Gateway
PAY0004262,BKG004266,2024-09-14,Visa,101.13,Captured,1.82,GBP,Payment Gateway
PAY0004263,BKG004268,2024-07-05,Visa,660.37,Captured,10.57,GBP,Payment Gateway
PAY0004264,BKG004269,2024-05-23,Mastercard,270.18,Captured,4.86,GBP,Payment Gateway
PAY0004265,BKG004270,2025-07-11,Mastercard,341.14,Captured,5.46,GBP,Payment Gateway
PAY0004266,BKG004271,2024-12-23,Bank Transfer,1345.03,Captured,0,GBP,Payment Gateway
PAY0004267,BKG004272,2024-08-05,Mastercard,1231.07,Captured,19.7,GBP,Payment Gateway
PAY0004268,BKG004273,2025-11-27,Google Pay,593.61,Captured,7.12,GBP,Payment Gateway
PAY0004269,BKG004274,2025-03-09,Visa,343.86,Captured,6.19,GBP,Payment Gateway
PAY0004270,BKG004275,2024-07-17,Visa,158.39,Captured,1.9,GBP,Payment Gateway
PAY0004271,BKG004275,2024-08-06,Mastercard,475.16,Captured,8.55,GBP,Payment Gateway
PAY0004272,BKG004276,2026-08-31,Mastercard,47.27,Captured,0.76,GBP,Payment Gateway
PAY0004273,BKG004277,2025-10-02,Mastercard,314.16,Captured,3.77,GBP,Payment Gateway
PAY0004274,BKG004278,2025-10-21,Mastercard,136.43,Captured,1.91,GBP,Payment Gateway
PAY0004275,BKG004279,2025-05-07,Visa,371.2,Captured,4.45,GBP,Payment Gateway
PAY0004276,BKG004280,2024-09-24,Mastercard,165.06,Captured,2.97,GBP,Payment Gateway
PAY0004277,BKG004281,2026-06-27,Visa,1229.41,Captured,17.21,GBP,Payment Gateway
PAY0004278,BKG004282,2026-07-01,Visa,189.36,Captured,2.65,GBP,Payment Gateway
PAY0004279,BKG004283,2025-10-29,Mastercard,170.76,Captured,2.73,GBP,Payment Gateway
PAY0004280,BKG004284,2025-11-21,Visa,165.25,Captured,2.64,GBP,Payment Gateway
PAY0004281,BKG004286,2026-04-23,Mastercard,544.48,Captured,7.62,GBP,Payment Gateway
PAY0004282,BKG004287,2024-07-25,Apple Pay,390.38,Captured,6.25,GBP,Payment Gateway
PAY0004283,BKG004288,2025-04-05,Visa,586.01,Captured,8.2,GBP,Payment Gateway
PAY0004284,BKG004289,2025-11-22,Apple Pay,190.6,Captured,2.29,GBP,Payment Gateway
PAY0004285,BKG004290,2025-04-10,Google Pay,756.96,Captured,9.08,GBP,Payment Gateway
PAY0004286,BKG004291,2026-04-22,Cash,599.32,Captured,0,GBP,Front Desk/PMS
PAY0004287,BKG004292,2025-01-18,American Express,273.51,Captured,4.38,GBP,Payment Gateway
PAY0004288,BKG004293,2026-04-01,Visa,101.99,Captured,1.43,GBP,Payment Gateway
PAY0004289,BKG004294,2024-05-11,Visa,53.25,Captured,0.75,GBP,Payment Gateway
PAY0004290,BKG004294,2024-06-01,Cash,159.75,Captured,0,GBP,Front Desk/PMS
PAY0004291,BKG004295,2026-04-13,Bank Transfer,128.73,Captured,0,GBP,Payment Gateway
PAY0004292,BKG004296,2026-05-29,Mastercard,314.89,Captured,3.78,GBP,Payment Gateway
PAY0004293,BKG004297,2024-12-07,Bank Transfer,209.26,Captured,0,GBP,Payment Gateway
PAY0004294,BKG004298,2024-09-04,Visa,138.36,Captured,1.94,GBP,Payment Gateway
PAY0004295,BKG004299,2025-04-03,Visa,677.58,Captured,12.2,GBP,Payment Gateway
PAY0004296,BKG004300,2026-02-11,Mastercard,464.39,Captured,5.57,GBP,Payment Gateway
PAY0004297,BKG004301,2025-07-05,American Express,177.29,Captured,3.19,GBP,Payment Gateway
PAY0004298,BKG004302,2026-06-05,American Express,221.63,Captured,3.55,GBP,Payment Gateway
PAY0004299,BKG004303,2026-04-08,Visa,960.96,Captured,17.3,GBP,Payment Gateway
PAY0004300,BKG004304,2025-03-01,Mastercard,2302.5,Captured,41.45,GBP,Payment Gateway
PAY0004301,BKG004305,2024-09-26,Mastercard,448.58,Captured,6.28,GBP,Payment Gateway
PAY0004302,BKG004306,2026-07-18,Mastercard,135.37,Captured,2.44,GBP,Payment Gateway
PAY0004303,BKG004307,2026-07-20,Cash,163.68,Captured,0,GBP,Front Desk/PMS
PAY0004304,BKG004308,2026-08-27,Mastercard,145.85,Captured,2.04,GBP,Payment Gateway
PAY0004305,BKG004309,2025-07-05,Visa,214.67,Captured,3.86,GBP,Payment Gateway
PAY0004306,BKG004311,2026-06-24,Mastercard,132.05,Captured,1.58,GBP,Payment Gateway
PAY0004307,BKG004312,2025-09-29,Mastercard,1318.03,Captured,21.09,GBP,Payment Gateway
PAY0004308,BKG004313,2024-12-12,Visa,192.22,Captured,3.46,GBP,Payment Gateway
PAY0004309,BKG004314,2026-08-24,Apple Pay,230.24,Captured,3.68,GBP,Payment Gateway
PAY0004310,BKG004315,2024-08-11,Mastercard,138.72,Captured,1.66,GBP,Payment Gateway
PAY0004311,BKG004316,2026-02-26,Visa,683.94,Captured,10.94,GBP,Payment Gateway
PAY0004312,BKG004317,2025-04-29,Visa,127.33,Captured,2.04,GBP,Payment Gateway
PAY0004313,BKG004319,2025-07-03,Visa,149.16,Captured,2.39,GBP,Payment Gateway
PAY0004314,BKG004320,2026-04-24,Visa,241.52,Captured,4.35,GBP,Payment Gateway
PAY0004315,BKG004321,2025-04-23,Visa,200.01,Captured,2.4,GBP,Payment Gateway
PAY0004316,BKG004321,2025-05-06,Mastercard,600.02,Captured,9.6,GBP,Payment Gateway
PAY0004317,BKG004322,2026-01-15,Mastercard,90.67,Captured,1.45,GBP,Payment Gateway
PAY0004318,BKG004322,2026-02-07,American Express,272.01,Captured,3.81,GBP,Payment Gateway
PAY0004319,BKG004324,2025-01-19,Bank Transfer,144.39,Captured,0,GBP,Payment Gateway
PAY0004320,BKG004325,2024-01-24,Apple Pay,315.54,Captured,3.79,GBP,Payment Gateway
PAY0004321,BKG004326,2024-07-16,Visa,395.32,Captured,7.12,GBP,Payment Gateway
PAY0004322,BKG004328,2025-08-18,Cash,482.01,Captured,0,GBP,Front Desk/PMS
PAY0004323,BKG004329,2026-08-06,Apple Pay,662.17,Captured,10.59,GBP,Payment Gateway
PAY0004324,BKG004331,2024-09-22,Mastercard,182.73,Captured,2.92,GBP,Payment Gateway
PAY0004325,BKG004332,2024-06-28,Visa,741.27,Captured,8.9,GBP,Payment Gateway
PAY0004326,BKG004333,2024-01-15,Visa,378.81,Captured,6.82,GBP,Payment Gateway
PAY0004327,BKG004334,2025-10-04,Visa,265.44,Captured,3.19,GBP,Payment Gateway
PAY0004328,BKG004335,2026-04-03,American Express,271.82,Captured,4.89,GBP,Payment Gateway
PAY0004329,BKG004336,2024-09-11,Visa,1139.39,Captured,18.23,GBP,Payment Gateway
PAY0004330,BKG004338,2026-05-15,American Express,201.76,Captured,3.63,GBP,Payment Gateway
PAY0004331,BKG004339,2026-05-09,Mastercard,93.08,Captured,1.12,GBP,Payment Gateway
PAY0004332,BKG004340,2025-06-25,American Express,370.52,Captured,4.45,GBP,Payment Gateway
PAY0004333,BKG004341,2024-11-07,Bank Transfer,68.16,Captured,0,GBP,Payment Gateway
PAY0004334,BKG004341,2024-11-26,Mastercard,204.47,Captured,2.45,GBP,Payment Gateway
PAY0004335,BKG004343,2025-10-01,American Express,513.99,Captured,6.17,GBP,Payment Gateway
PAY0004336,BKG004345,2025-03-20,Visa,289.34,Captured,4.63,GBP,Payment Gateway
PAY0004337,BKG004346,2025-04-07,American Express,118.32,Captured,1.89,GBP,Payment Gateway
PAY0004338,BKG004348,2025-07-28,Visa,143.33,Captured,2.58,GBP,Payment Gateway
PAY0004339,BKG004349,2024-01-12,Bank Transfer,277.92,Captured,0,GBP,Payment Gateway
PAY0004340,BKG004350,2026-04-02,American Express,123.22,Captured,2.22,GBP,Payment Gateway
PAY0004341,BKG004351,2025-01-25,Apple Pay,80.71,Captured,1.29,GBP,Payment Gateway
PAY0004342,BKG004352,2026-08-06,Mastercard,317.48,Captured,3.81,GBP,Payment Gateway
PAY0004343,BKG004353,2025-06-17,Mastercard,397.19,Captured,6.36,GBP,Payment Gateway
PAY0004344,BKG004354,2024-05-15,American Express,132.67,Captured,2.12,GBP,Payment Gateway
PAY0004345,BKG004355,2026-04-13,Visa,113.14,Captured,1.58,GBP,Payment Gateway
PAY0004346,BKG004355,2026-05-02,Visa,339.41,Captured,6.11,GBP,Payment Gateway
PAY0004347,BKG004356,2024-12-23,Visa,182.01,Captured,2.18,GBP,Payment Gateway
PAY0004348,BKG004357,2026-03-18,Visa,328.95,Captured,5.26,GBP,Payment Gateway
PAY0004349,BKG004359,2025-10-11,Mastercard,49.47,Captured,0.59,GBP,Payment Gateway
PAY0004350,BKG004359,2025-10-26,Mastercard,148.41,Captured,2.37,GBP,Payment Gateway
PAY0004351,BKG004360,2024-07-10,Cash,143.8,Captured,0,GBP,Front Desk/PMS
PAY0004352,BKG004361,2026-01-07,Visa,597.96,Captured,8.37,GBP,Payment Gateway
PAY0004353,BKG004363,2024-10-02,Mastercard,704.56,Captured,11.27,GBP,Payment Gateway
PAY0004354,BKG004364,2026-02-19,Google Pay,211.32,Captured,2.96,GBP,Payment Gateway
PAY0004355,BKG004365,2024-08-04,Cash,185.25,Captured,0,GBP,Front Desk/PMS
PAY0004356,BKG004365,2024-08-28,Cash,555.75,Captured,0,GBP,Front Desk/PMS
PAY0004357,BKG004366,2025-05-28,American Express,179.94,Captured,2.52,GBP,Payment Gateway
PAY0004358,BKG004367,2025-01-15,Visa,120.61,Captured,1.69,GBP,Payment Gateway
PAY0004359,BKG004368,2024-02-28,Mastercard,165.92,Captured,2.99,GBP,Payment Gateway
PAY0004360,BKG004369,2025-05-02,Bank Transfer,398.45,Captured,0,GBP,Payment Gateway
PAY0004361,BKG004370,2024-08-11,Apple Pay,395.48,Captured,5.54,GBP,Payment Gateway
PAY0004362,BKG004371,2024-11-25,Visa,215.43,Captured,2.59,GBP,Payment Gateway
PAY0004363,BKG004372,2025-06-29,Mastercard,341.36,Captured,6.14,GBP,Payment Gateway
PAY0004364,BKG004373,2024-11-10,Apple Pay,143.01,Captured,2.57,GBP,Payment Gateway
PAY0004365,BKG004374,2026-04-13,Visa,408.28,Captured,7.35,GBP,Payment Gateway
PAY0004366,BKG004375,2025-11-26,Bank Transfer,1430.03,Captured,0,GBP,Payment Gateway
PAY0004367,BKG004376,2026-01-10,Mastercard,141.71,Captured,2.55,GBP,Payment Gateway
PAY0004368,BKG004377,2026-03-16,Mastercard,412.64,Captured,4.95,GBP,Payment Gateway
PAY0004369,BKG004378,2024-10-21,Cash,144.85,Captured,0,GBP,Front Desk/PMS
PAY0004370,BKG004378,2024-11-12,Mastercard,434.55,Captured,5.21,GBP,Payment Gateway
PAY0004371,BKG004379,2024-10-17,Mastercard,376.19,Captured,4.51,GBP,Payment Gateway
PAY0004372,BKG004380,2026-03-07,Visa,173.51,Captured,2.08,GBP,Payment Gateway
PAY0004373,BKG004381,2025-07-05,Apple Pay,794.44,Captured,12.71,GBP,Payment Gateway
PAY0004374,BKG004382,2025-06-07,Visa,539.37,Captured,9.71,GBP,Payment Gateway
PAY0004375,BKG004383,2024-07-06,Mastercard,512.92,Captured,9.23,GBP,Payment Gateway
PAY0004376,BKG004384,2025-05-16,Mastercard,120.27,Captured,1.92,GBP,Payment Gateway
PAY0004377,BKG004385,2024-09-11,American Express,373.7,Captured,5.98,GBP,Payment Gateway
PAY0004378,BKG004386,2025-07-25,Google Pay,543.15,Captured,8.69,GBP,Payment Gateway
PAY0004379,BKG004387,2026-03-11,Mastercard,780.32,Captured,10.92,GBP,Payment Gateway
PAY0004380,BKG004388,2025-06-17,Visa,112,Captured,1.57,GBP,Payment Gateway
PAY0004381,BKG004388,2025-06-23,Visa,336,Captured,4.7,GBP,Payment Gateway
PAY0004382,BKG004392,2026-04-27,Visa,808.85,Captured,14.56,GBP,Payment Gateway
PAY0004383,BKG004393,2025-07-22,American Express,104.79,Captured,1.47,GBP,Payment Gateway
PAY0004384,BKG004394,2026-07-26,Visa,869.32,Captured,15.65,GBP,Payment Gateway
PAY0004385,BKG004395,2026-05-23,Mastercard,310.64,Captured,3.73,GBP,Payment Gateway
PAY0004386,BKG004396,2026-06-23,Mastercard,429.84,Captured,6.88,GBP,Payment Gateway
PAY0004387,BKG004397,2025-06-22,Visa,367.86,Captured,5.89,GBP,Payment Gateway
PAY0004388,BKG004398,2024-07-07,Visa,827.34,Captured,13.24,GBP,Payment Gateway
PAY0004389,BKG004399,2026-02-05,American Express,1055.18,Captured,16.88,GBP,Payment Gateway
PAY0004390,BKG004400,2025-11-04,Cash,212.3,Captured,0,GBP,Front Desk/PMS
PAY0004391,BKG004401,2026-06-18,American Express,448.97,Captured,6.29,GBP,Payment Gateway
PAY0004392,BKG004402,2026-04-02,Mastercard,1312.13,Captured,20.99,GBP,Payment Gateway
PAY0004393,BKG004403,2025-12-16,Apple Pay,228.85,Captured,3.66,GBP,Payment Gateway
PAY0004394,BKG004404,2025-05-20,Apple Pay,230.98,Captured,2.77,GBP,Payment Gateway
PAY0004395,BKG004405,2026-08-07,Apple Pay,270.06,Captured,4.86,GBP,Payment Gateway
PAY0004396,BKG004406,2025-04-03,Mastercard,331.73,Captured,4.64,GBP,Payment Gateway
PAY0004397,BKG004407,2024-06-19,Bank Transfer,150.44,Captured,0,GBP,Payment Gateway
PAY0004398,BKG004408,2025-05-15,Mastercard,1115.16,Captured,13.38,GBP,Payment Gateway
PAY0004399,BKG004409,2025-01-25,Google Pay,102.06,Captured,1.43,GBP,Payment Gateway
PAY0004400,BKG004410,2026-06-06,Mastercard,581.04,Captured,8.13,GBP,Payment Gateway
PAY0004401,BKG004411,2024-02-24,Apple Pay,556.08,Captured,7.79,GBP,Payment Gateway
PAY0004402,BKG004411,2024-03-02,Visa,1668.23,Captured,26.69,GBP,Payment Gateway
PAY0004403,BKG004412,2024-12-22,Apple Pay,646.98,Captured,11.65,GBP,Payment Gateway
PAY0004404,BKG004413,2025-06-30,Mastercard,201.19,Captured,3.62,GBP,Payment Gateway
PAY0004405,BKG004414,2025-06-16,Mastercard,354.01,Captured,4.96,GBP,Payment Gateway
PAY0004406,BKG004415,2025-11-21,Cash,240.16,Captured,0,GBP,Front Desk/PMS
PAY0004407,BKG004416,2026-03-27,Mastercard,573.39,Captured,10.32,GBP,Payment Gateway
PAY0004408,BKG004417,2024-03-29,Visa,224.41,Captured,3.59,GBP,Payment Gateway
PAY0004409,BKG004418,2026-02-07,Visa,545.1,Captured,7.63,GBP,Payment Gateway
PAY0004410,BKG004419,2024-09-27,American Express,288.84,Captured,3.47,GBP,Payment Gateway
PAY0004411,BKG004420,2026-02-28,Mastercard,823.26,Captured,11.53,GBP,Payment Gateway
PAY0004412,BKG004421,2024-01-16,Mastercard,91.57,Captured,1.65,GBP,Payment Gateway
PAY0004413,BKG004421,2024-01-29,Visa,274.7,Captured,3.3,GBP,Payment Gateway
PAY0004414,BKG004422,2026-07-21,Visa,235.65,Captured,2.83,GBP,Payment Gateway
PAY0004415,BKG004422,2026-08-25,Google Pay,706.96,Captured,9.9,GBP,Payment Gateway
PAY0004416,BKG004423,2026-03-13,Visa,67.5,Captured,1.21,GBP,Payment Gateway
PAY0004417,BKG004423,2026-03-28,Bank Transfer,202.51,Captured,0,GBP,Payment Gateway
PAY0004418,BKG004424,2024-02-28,American Express,386.46,Captured,5.41,GBP,Payment Gateway
PAY0004419,BKG004425,2025-05-16,Visa,285.9,Captured,3.43,GBP,Payment Gateway
PAY0004420,BKG004426,2026-04-19,Mastercard,321.78,Captured,5.79,GBP,Payment Gateway
PAY0004421,BKG004427,2025-08-24,American Express,981.83,Captured,17.67,GBP,Payment Gateway
PAY0004422,BKG004428,2024-02-04,Mastercard,1165.98,Captured,20.99,GBP,Payment Gateway
PAY0004423,BKG004429,2024-05-23,Mastercard,323.53,Captured,5.18,GBP,Payment Gateway
PAY0004424,BKG004430,2025-12-17,Bank Transfer,693.04,Captured,0,GBP,Payment Gateway
PAY0004425,BKG004431,2025-04-08,Visa,1177.61,Captured,21.2,GBP,Payment Gateway
PAY0004426,BKG004432,2025-01-18,Visa,477.03,Captured,8.59,GBP,Payment Gateway
PAY0004427,BKG004433,2024-04-03,American Express,139.16,Captured,2.5,GBP,Payment Gateway
PAY0004428,BKG004435,2026-04-18,Bank Transfer,472.16,Captured,0,GBP,Payment Gateway
PAY0004429,BKG004437,2025-05-06,Google Pay,140.24,Captured,2.24,GBP,Payment Gateway
PAY0004430,BKG004438,2024-03-28,Visa,71.85,Captured,0.86,GBP,Payment Gateway
PAY0004431,BKG004438,2024-05-26,Visa,215.55,Captured,3.02,GBP,Payment Gateway
PAY0004432,BKG004439,2024-06-19,Visa,450.14,Captured,8.1,GBP,Payment Gateway
PAY0004433,BKG004440,2025-12-08,Visa,1436.69,Captured,22.99,GBP,Payment Gateway
PAY0004434,BKG004441,2024-09-22,Mastercard,2441.7,Captured,29.3,GBP,Payment Gateway
PAY0004435,BKG004442,2025-12-27,American Express,365.04,Captured,6.57,GBP,Payment Gateway
PAY0004436,BKG004443,2026-02-22,Cash,360.65,Captured,0,GBP,Front Desk/PMS
PAY0004437,BKG004444,2024-12-16,Visa,487.58,Captured,6.83,GBP,Payment Gateway
PAY0004438,BKG004445,2026-04-24,Visa,145.47,Captured,1.75,GBP,Payment Gateway
PAY0004439,BKG004445,2026-06-03,Visa,436.41,Captured,7.86,GBP,Payment Gateway
PAY0004440,BKG004446,2026-06-23,Mastercard,222.16,Captured,2.67,GBP,Payment Gateway
PAY0004441,BKG004447,2025-10-02,Mastercard,954.81,Captured,13.37,GBP,Payment Gateway
PAY0004442,BKG004448,2025-09-30,Cash,502.46,Captured,0,GBP,Front Desk/PMS
PAY0004443,BKG004449,2024-10-17,Visa,328.72,Captured,3.94,GBP,Payment Gateway
PAY0004444,BKG004450,2024-09-21,Visa,470.22,Captured,7.52,GBP,Payment Gateway
PAY0004445,BKG004451,2024-05-19,Visa,74.11,Captured,1.33,GBP,Payment Gateway
PAY0004446,BKG004451,2024-05-19,Mastercard,222.33,Captured,2.67,GBP,Payment Gateway
PAY0004447,BKG004452,2026-08-15,Visa,195.65,Captured,2.74,GBP,Payment Gateway
PAY0004448,BKG004453,2026-08-01,Bank Transfer,251.62,Captured,0,GBP,Payment Gateway
PAY0004449,BKG004454,2026-02-19,Google Pay,730.24,Captured,8.76,GBP,Payment Gateway
PAY0004450,BKG004455,2024-02-10,Mastercard,65.52,Captured,1.05,GBP,Payment Gateway
PAY0004451,BKG004455,2024-02-23,Mastercard,196.56,Captured,3.54,GBP,Payment Gateway
PAY0004452,BKG004456,2024-09-02,Apple Pay,495.87,Captured,5.95,GBP,Payment Gateway
PAY0004453,BKG004457,2024-08-06,Mastercard,3398.72,Captured,40.78,GBP,Payment Gateway
PAY0004454,BKG004458,2025-04-11,Visa,655.98,Captured,10.5,GBP,Payment Gateway
PAY0004455,BKG004459,2024-11-18,Visa,568.06,Captured,10.23,GBP,Payment Gateway
PAY0004456,BKG004460,2026-06-11,Visa,349.18,Captured,6.29,GBP,Payment Gateway
PAY0004457,BKG004461,2025-06-07,Mastercard,98.6,Captured,1.38,GBP,Payment Gateway
PAY0004458,BKG004462,2024-12-24,Visa,1363.53,Captured,16.36,GBP,Payment Gateway
PAY0004459,BKG004463,2024-10-06,Mastercard,239.94,Captured,3.84,GBP,Payment Gateway
PAY0004460,BKG004465,2026-02-01,Visa,77.04,Captured,0.92,GBP,Payment Gateway
PAY0004461,BKG004466,2024-08-26,American Express,125.46,Captured,2.26,GBP,Payment Gateway
PAY0004462,BKG004467,2025-11-13,Visa,238.41,Captured,3.81,GBP,Payment Gateway
PAY0004463,BKG004468,2026-03-18,Bank Transfer,272.48,Captured,0,GBP,Payment Gateway
PAY0004464,BKG004469,2024-04-21,Mastercard,109.41,Captured,1.53,GBP,Payment Gateway
PAY0004465,BKG004470,2025-05-10,Apple Pay,114.31,Captured,1.6,GBP,Payment Gateway
PAY0004466,BKG004472,2026-03-12,Apple Pay,252.86,Captured,3.54,GBP,Payment Gateway
PAY0004467,BKG004473,2025-01-04,Visa,267.55,Captured,3.75,GBP,Payment Gateway
PAY0004468,BKG004474,2026-04-09,Mastercard,447.49,Captured,7.16,GBP,Payment Gateway
PAY0004469,BKG004475,2024-12-28,Visa,626.1,Captured,8.77,GBP,Payment Gateway
PAY0004470,BKG004477,2026-03-07,Visa,214.01,Captured,2.57,GBP,Payment Gateway
PAY0004471,BKG004478,2026-04-27,Visa,512.92,Captured,7.18,GBP,Payment Gateway
PAY0004472,BKG004479,2026-06-08,Bank Transfer,289.1,Captured,0,GBP,Payment Gateway
PAY0004473,BKG004480,2025-09-12,Mastercard,459.26,Captured,7.35,GBP,Payment Gateway
PAY0004474,BKG004481,2024-11-15,Mastercard,340.41,Captured,4.08,GBP,Payment Gateway
PAY0004475,BKG004482,2025-09-02,Google Pay,2329.18,Captured,41.93,GBP,Payment Gateway
PAY0004476,BKG004483,2024-04-10,Apple Pay,139.3,Captured,1.95,GBP,Payment Gateway
PAY0004477,BKG004485,2026-06-14,Mastercard,106.19,Captured,1.49,GBP,Payment Gateway
PAY0004478,BKG004485,2026-07-03,Visa,318.57,Captured,5.73,GBP,Payment Gateway
PAY0004479,BKG004486,2025-01-30,Mastercard,640.42,Captured,7.69,GBP,Payment Gateway
PAY0004480,BKG004487,2025-06-27,Cash,1578.48,Captured,0,GBP,Front Desk/PMS
PAY0004481,BKG004488,2026-06-04,Mastercard,161.59,Captured,2.59,GBP,Payment Gateway
PAY0004482,BKG004489,2025-07-28,American Express,894.32,Captured,12.52,GBP,Payment Gateway
PAY0004483,BKG004490,2025-04-05,American Express,161.52,Captured,2.91,GBP,Payment Gateway
PAY0004484,BKG004491,2025-05-25,Apple Pay,346.32,Captured,5.54,GBP,Payment Gateway
PAY0004485,BKG004492,2025-04-01,Mastercard,506.31,Captured,8.1,GBP,Payment Gateway
PAY0004486,BKG004493,2025-09-06,Visa,793.66,Captured,14.29,GBP,Payment Gateway
PAY0004487,BKG004494,2024-12-24,Mastercard,104.73,Captured,1.47,GBP,Payment Gateway
PAY0004488,BKG004495,2025-05-24,Mastercard,58.59,Captured,0.7,GBP,Payment Gateway
PAY0004489,BKG004495,2025-05-26,Bank Transfer,175.77,Captured,0,GBP,Payment Gateway
PAY0004490,BKG004496,2025-05-11,Visa,596.54,Captured,7.16,GBP,Payment Gateway
PAY0004491,BKG004497,2026-06-05,American Express,609.49,Captured,7.31,GBP,Payment Gateway
PAY0004492,BKG004498,2024-03-31,Visa,578.15,Captured,6.94,GBP,Payment Gateway
PAY0004493,BKG004499,2025-08-04,Apple Pay,2752.9,Captured,38.54,GBP,Payment Gateway
PAY0004494,BKG004500,2025-04-02,Visa,103.8,Captured,1.87,GBP,Payment Gateway
PAY0004495,BKG004500,2025-04-25,Visa,311.39,Captured,3.74,GBP,Payment Gateway
PAY0004496,BKG004501,2025-04-12,Mastercard,201.24,Captured,3.22,GBP,Payment Gateway
PAY0004497,BKG004502,2024-07-10,Visa,595.94,Captured,7.15,GBP,Payment Gateway
PAY0004498,BKG004503,2026-03-10,Cash,49.72,Captured,0,GBP,Front Desk/PMS
PAY0004499,BKG004503,2026-04-10,Bank Transfer,149.15,Captured,0,GBP,Payment Gateway
PAY0004500,BKG004504,2025-06-11,Mastercard,226.15,Captured,2.71,GBP,Payment Gateway
PAY0004501,BKG004505,2024-12-09,Mastercard,1122.26,Captured,17.96,GBP,Payment Gateway
PAY0004502,BKG004506,2024-07-26,Visa,1093.85,Captured,17.5,GBP,Payment Gateway
PAY0004503,BKG004507,2024-08-07,Visa,456.63,Captured,5.48,GBP,Payment Gateway
PAY0004504,BKG004508,2025-02-19,Google Pay,131,Captured,2.36,GBP,Payment Gateway
PAY0004505,BKG004508,2025-03-12,Mastercard,392.99,Captured,6.29,GBP,Payment Gateway
PAY0004506,BKG004509,2025-09-21,Mastercard,402.34,Captured,6.44,GBP,Payment Gateway
PAY0004507,BKG004510,2024-09-17,Mastercard,634.24,Captured,10.15,GBP,Payment Gateway
PAY0004508,BKG004512,2026-01-02,Google Pay,147.95,Captured,2.66,GBP,Payment Gateway
PAY0004509,BKG004513,2026-08-27,Visa,142.54,Captured,1.71,GBP,Payment Gateway
PAY0004510,BKG004514,2024-04-15,Apple Pay,51.28,Captured,0.62,GBP,Payment Gateway
PAY0004511,BKG004514,2024-04-18,Apple Pay,153.85,Captured,2.77,GBP,Payment Gateway
PAY0004512,BKG004515,2026-01-10,Visa,118.32,Captured,1.42,GBP,Payment Gateway
PAY0004513,BKG004515,2026-01-10,Apple Pay,354.96,Captured,5.68,GBP,Payment Gateway
PAY0004514,BKG004516,2025-06-12,Visa,1039.22,Captured,16.63,GBP,Payment Gateway
PAY0004515,BKG004517,2024-06-26,Visa,403.42,Captured,5.65,GBP,Payment Gateway
PAY0004516,BKG004518,2025-08-05,Apple Pay,137,Captured,1.64,GBP,Payment Gateway
PAY0004517,BKG004519,2026-02-10,Apple Pay,986.65,Captured,11.84,GBP,Payment Gateway
PAY0004518,BKG004520,2026-08-10,Cash,1473.98,Captured,0,GBP,Front Desk/PMS
PAY0004519,BKG004521,2026-06-15,Visa,134.19,Captured,1.88,GBP,Payment Gateway
PAY0004520,BKG004522,2024-01-07,Bank Transfer,202.43,Captured,0,GBP,Payment Gateway
PAY0004521,BKG004522,2024-03-09,Google Pay,607.28,Captured,9.72,GBP,Payment Gateway
PAY0004522,BKG004523,2026-07-17,Mastercard,1116.68,Captured,15.63,GBP,Payment Gateway
PAY0004523,BKG004526,2025-12-09,Visa,103.49,Captured,1.24,GBP,Payment Gateway
PAY0004524,BKG004527,2024-04-06,Visa,392.12,Captured,7.06,GBP,Payment Gateway
PAY0004525,BKG004529,2024-07-28,Visa,193.99,Captured,3.49,GBP,Payment Gateway
PAY0004526,BKG004530,2025-04-22,Visa,128.08,Captured,1.54,GBP,Payment Gateway
PAY0004527,BKG004531,2024-11-12,Google Pay,748.45,Captured,10.48,GBP,Payment Gateway
PAY0004528,BKG004532,2025-05-13,Visa,139.75,Captured,1.96,GBP,Payment Gateway
PAY0004529,BKG004532,2025-05-28,Visa,419.25,Captured,5.87,GBP,Payment Gateway
PAY0004530,BKG004533,2026-08-25,Visa,162.15,Captured,2.27,GBP,Payment Gateway
PAY0004531,BKG004534,2025-09-11,Mastercard,162.94,Captured,1.96,GBP,Payment Gateway
PAY0004532,BKG004535,2024-11-25,Apple Pay,778.77,Captured,14.02,GBP,Payment Gateway
PAY0004533,BKG004536,2025-09-22,Cash,1047.1,Captured,0,GBP,Front Desk/PMS
PAY0004534,BKG004537,2026-03-26,Apple Pay,149.75,Captured,1.8,GBP,Payment Gateway
PAY0004535,BKG004538,2025-11-11,Mastercard,121.59,Captured,1.7,GBP,Payment Gateway
PAY0004536,BKG004539,2026-08-28,Mastercard,196.29,Captured,3.14,GBP,Payment Gateway
PAY0004537,BKG004540,2025-05-30,Visa,178.88,Captured,3.22,GBP,Payment Gateway
PAY0004538,BKG004541,2024-01-19,Cash,173,Captured,0,GBP,Front Desk/PMS
PAY0004539,BKG004541,2024-03-08,Cash,518.99,Captured,0,GBP,Front Desk/PMS
PAY0004540,BKG004542,2025-04-09,Bank Transfer,101.9,Captured,0,GBP,Payment Gateway
PAY0004541,BKG004542,2025-05-20,Apple Pay,305.69,Captured,4.28,GBP,Payment Gateway
PAY0004542,BKG004543,2026-05-03,Mastercard,212.85,Captured,3.83,GBP,Payment Gateway
PAY0004543,BKG004544,2025-02-20,American Express,660.76,Captured,7.93,GBP,Payment Gateway
PAY0004544,BKG004545,2025-12-15,Mastercard,63.82,Captured,0.77,GBP,Payment Gateway
PAY0004545,BKG004545,2025-12-15,Google Pay,191.46,Captured,2.3,GBP,Payment Gateway
PAY0004546,BKG004546,2026-03-25,Visa,123.34,Captured,1.97,GBP,Payment Gateway
PAY0004547,BKG004548,2025-03-14,Mastercard,232.42,Captured,3.72,GBP,Payment Gateway
PAY0004548,BKG004549,2025-03-19,Visa,122.82,Captured,2.21,GBP,Payment Gateway
PAY0004549,BKG004550,2026-06-17,Apple Pay,931.52,Captured,16.77,GBP,Payment Gateway
PAY0004550,BKG004551,2025-07-02,Visa,242.73,Captured,2.91,GBP,Payment Gateway
PAY0004551,BKG004552,2024-03-24,Visa,686.15,Captured,9.61,GBP,Payment Gateway
PAY0004552,BKG004553,2024-09-16,Visa,1198.31,Captured,21.57,GBP,Payment Gateway
PAY0004553,BKG004554,2026-06-24,Mastercard,325.73,Captured,5.86,GBP,Payment Gateway
PAY0004554,BKG004555,2024-06-19,Mastercard,1047.5,Captured,16.76,GBP,Payment Gateway
PAY0004555,BKG004556,2024-10-04,Visa,225.98,Captured,3.62,GBP,Payment Gateway
PAY0004556,BKG004556,2024-10-04,Mastercard,677.94,Captured,8.14,GBP,Payment Gateway
PAY0004557,BKG004557,2025-09-25,Cash,463.43,Captured,0,GBP,Front Desk/PMS
PAY0004558,BKG004558,2024-08-08,Visa,67.06,Captured,1.21,GBP,Payment Gateway
PAY0004559,BKG004558,2024-08-29,Apple Pay,201.19,Captured,2.41,GBP,Payment Gateway
PAY0004560,BKG004559,2024-01-19,Mastercard,297.2,Captured,5.35,GBP,Payment Gateway
PAY0004561,BKG004560,2026-03-02,Visa,540.22,Captured,9.72,GBP,Payment Gateway
PAY0004562,BKG004561,2024-10-14,Visa,728.44,Captured,10.2,GBP,Payment Gateway
PAY0004563,BKG004562,2026-05-31,Mastercard,793.23,Captured,14.28,GBP,Payment Gateway
PAY0004564,BKG004563,2026-05-05,Cash,808.66,Captured,0,GBP,Front Desk/PMS
PAY0004565,BKG004564,2024-09-25,Mastercard,1080.3,Captured,15.12,GBP,Payment Gateway
PAY0004566,BKG004566,2025-02-14,Mastercard,114,Captured,1.37,GBP,Payment Gateway
PAY0004567,BKG004566,2025-02-28,Bank Transfer,341.99,Captured,0,GBP,Payment Gateway
PAY0004568,BKG004567,2024-06-11,Mastercard,718.45,Captured,12.93,GBP,Payment Gateway
PAY0004569,BKG004568,2024-07-15,Mastercard,660.44,Captured,11.89,GBP,Payment Gateway
PAY0004570,BKG004569,2024-12-15,Apple Pay,172.71,Captured,2.07,GBP,Payment Gateway
PAY0004571,BKG004570,2026-01-12,Cash,1993.97,Captured,0,GBP,Front Desk/PMS
PAY0004572,BKG004571,2024-11-01,Cash,313.34,Captured,0,GBP,Front Desk/PMS
PAY0004573,BKG004572,2024-07-22,American Express,227.78,Captured,3.19,GBP,Payment Gateway
PAY0004574,BKG004573,2025-05-13,Visa,74.98,Captured,0.9,GBP,Payment Gateway
PAY0004575,BKG004573,2025-06-02,Mastercard,224.95,Captured,4.05,GBP,Payment Gateway
PAY0004576,BKG004575,2025-03-01,Visa,454.62,Captured,8.18,GBP,Payment Gateway
PAY0004577,BKG004576,2026-08-08,Bank Transfer,841.55,Captured,0,GBP,Payment Gateway
PAY0004578,BKG004577,2026-05-07,American Express,305.4,Captured,5.5,GBP,Payment Gateway
PAY0004579,BKG004578,2026-07-01,Google Pay,1308.31,Captured,20.93,GBP,Payment Gateway
PAY0004580,BKG004579,2024-07-30,Mastercard,170.31,Captured,2.38,GBP,Payment Gateway
PAY0004581,BKG004580,2025-04-16,Visa,352.78,Captured,4.94,GBP,Payment Gateway
PAY0004582,BKG004581,2024-05-24,Apple Pay,564.46,Captured,9.03,GBP,Payment Gateway
PAY0004583,BKG004582,2024-04-09,Visa,574.59,Captured,8.04,GBP,Payment Gateway
PAY0004584,BKG004583,2024-06-26,Bank Transfer,777.72,Captured,0,GBP,Payment Gateway
PAY0004585,BKG004584,2026-08-15,Bank Transfer,5273.07,Captured,0,GBP,Payment Gateway
PAY0004586,BKG004585,2025-06-17,American Express,219.46,Captured,3.07,GBP,Payment Gateway
PAY0004587,BKG004586,2025-01-21,Visa,508.64,Captured,8.14,GBP,Payment Gateway
PAY0004588,BKG004587,2026-03-03,Visa,110.23,Captured,1.32,GBP,Payment Gateway
PAY0004589,BKG004588,2025-11-18,Cash,459,Captured,0,GBP,Front Desk/PMS
PAY0004590,BKG004589,2024-04-21,Visa,104.83,Captured,1.89,GBP,Payment Gateway
PAY0004591,BKG004590,2025-02-23,Mastercard,794.79,Captured,9.54,GBP,Payment Gateway
PAY0004592,BKG004591,2025-08-10,Bank Transfer,506.7,Captured,0,GBP,Payment Gateway
PAY0004593,BKG004592,2025-09-27,Apple Pay,343.04,Captured,4.12,GBP,Payment Gateway
PAY0004594,BKG004594,2024-08-06,Cash,1958.34,Captured,0,GBP,Front Desk/PMS
PAY0004595,BKG004595,2025-03-30,Visa,290.61,Captured,3.49,GBP,Payment Gateway
PAY0004596,BKG004596,2024-05-27,American Express,1569.22,Captured,21.97,GBP,Payment Gateway
PAY0004597,BKG004597,2024-02-29,Mastercard,62.82,Captured,1.13,GBP,Payment Gateway
PAY0004598,BKG004597,2024-03-08,Visa,188.45,Captured,2.64,GBP,Payment Gateway
PAY0004599,BKG004598,2025-10-16,Visa,3905.61,Captured,54.68,GBP,Payment Gateway
PAY0004600,BKG004599,2025-12-01,Visa,953.68,Captured,13.35,GBP,Payment Gateway
PAY0004601,BKG004601,2024-06-24,Visa,204.35,Captured,3.27,GBP,Payment Gateway
PAY0004602,BKG004602,2024-10-20,American Express,253.2,Captured,4.56,GBP,Payment Gateway
PAY0004603,BKG004603,2025-08-23,Visa,1450.86,Captured,20.31,GBP,Payment Gateway
PAY0004604,BKG004604,2026-06-13,Visa,258.19,Captured,4.65,GBP,Payment Gateway
PAY0004605,BKG004605,2025-05-09,Mastercard,1249.68,Captured,17.5,GBP,Payment Gateway
PAY0004606,BKG004606,2025-11-02,Mastercard,353.5,Captured,5.66,GBP,Payment Gateway
PAY0004607,BKG004607,2025-12-17,Mastercard,400.53,Captured,5.61,GBP,Payment Gateway
PAY0004608,BKG004608,2025-08-25,Bank Transfer,121.12,Captured,0,GBP,Payment Gateway
PAY0004609,BKG004609,2025-12-18,Visa,1174.4,Captured,16.44,GBP,Payment Gateway
PAY0004610,BKG004610,2026-05-21,Visa,392.78,Captured,4.71,GBP,Payment Gateway
PAY0004611,BKG004611,2026-08-15,Mastercard,251.52,Captured,4.02,GBP,Payment Gateway
PAY0004612,BKG004612,2025-09-07,Mastercard,340.58,Captured,4.09,GBP,Payment Gateway
PAY0004613,BKG004613,2026-02-21,Mastercard,483.8,Captured,7.74,GBP,Payment Gateway
PAY0004614,BKG004614,2026-08-28,Visa,154.57,Captured,2.16,GBP,Payment Gateway
PAY0004615,BKG004615,2026-06-21,Cash,588.91,Captured,0,GBP,Front Desk/PMS
PAY0004616,BKG004616,2025-08-06,Visa,1014.86,Captured,14.21,GBP,Payment Gateway
PAY0004617,BKG004617,2025-12-20,Bank Transfer,226.39,Captured,0,GBP,Payment Gateway
PAY0004618,BKG004618,2024-02-15,Visa,299.27,Captured,4.79,GBP,Payment Gateway
PAY0004619,BKG004620,2025-07-18,Cash,215.87,Captured,0,GBP,Front Desk/PMS
PAY0004620,BKG004621,2026-05-28,Google Pay,1107.45,Captured,13.29,GBP,Payment Gateway
PAY0004621,BKG004622,2024-12-07,Visa,94.3,Captured,1.7,GBP,Payment Gateway
PAY0004622,BKG004623,2026-05-02,Mastercard,612.69,Captured,8.58,GBP,Payment Gateway
PAY0004623,BKG004624,2024-03-18,Cash,375.55,Captured,0,GBP,Front Desk/PMS
PAY0004624,BKG004625,2024-03-04,Bank Transfer,153.22,Captured,0,GBP,Payment Gateway
PAY0004625,BKG004626,2025-03-23,American Express,278.67,Captured,3.9,GBP,Payment Gateway
PAY0004626,BKG004627,2025-05-09,Mastercard,126.92,Captured,2.03,GBP,Payment Gateway
PAY0004627,BKG004628,2025-07-24,Mastercard,178.01,Captured,3.2,GBP,Payment Gateway
PAY0004628,BKG004629,2024-01-14,Visa,282.26,Captured,3.39,GBP,Payment Gateway
PAY0004629,BKG004630,2024-05-20,Visa,201.05,Captured,2.41,GBP,Payment Gateway
PAY0004630,BKG004630,2024-06-28,Apple Pay,603.16,Captured,9.65,GBP,Payment Gateway
PAY0004631,BKG004631,2025-02-15,Google Pay,179.34,Captured,2.87,GBP,Payment Gateway
PAY0004632,BKG004632,2024-08-09,Bank Transfer,502.64,Captured,0,GBP,Payment Gateway
PAY0004633,BKG004633,2025-08-06,Google Pay,149.26,Captured,2.09,GBP,Payment Gateway
PAY0004634,BKG004634,2026-08-30,Visa,675.66,Captured,10.81,GBP,Payment Gateway
PAY0004635,BKG004635,2025-07-14,Visa,130.23,Captured,2.08,GBP,Payment Gateway
PAY0004636,BKG004636,2024-03-03,Visa,251.89,Captured,3.53,GBP,Payment Gateway
PAY0004637,BKG004637,2026-05-04,Bank Transfer,473.46,Captured,0,GBP,Payment Gateway
PAY0004638,BKG004638,2026-02-15,Google Pay,239.38,Captured,4.31,GBP,Payment Gateway
PAY0004639,BKG004639,2026-08-27,American Express,180.19,Captured,3.24,GBP,Payment Gateway
PAY0004640,BKG004640,2024-10-11,Visa,103.17,Captured,1.65,GBP,Payment Gateway
PAY0004641,BKG004641,2024-09-18,Visa,423.13,Captured,5.92,GBP,Payment Gateway
PAY0004642,BKG004642,2025-02-19,Mastercard,118.75,Captured,1.43,GBP,Payment Gateway
PAY0004643,BKG004643,2024-11-01,Visa,228.47,Captured,2.74,GBP,Payment Gateway
PAY0004644,BKG004644,2026-07-25,Visa,274.34,Captured,3.29,GBP,Payment Gateway
PAY0004645,BKG004645,2025-10-02,Mastercard,262.8,Captured,4.73,GBP,Payment Gateway
PAY0004646,BKG004646,2026-01-05,Mastercard,762.89,Captured,9.15,GBP,Payment Gateway
PAY0004647,BKG004647,2024-07-06,Mastercard,246.51,Captured,4.44,GBP,Payment Gateway
PAY0004648,BKG004647,2024-08-04,Apple Pay,739.53,Captured,13.31,GBP,Payment Gateway
PAY0004649,BKG004648,2024-05-14,Mastercard,1263.71,Captured,22.75,GBP,Payment Gateway
PAY0004650,BKG004649,2026-05-16,Visa,1566.21,Captured,18.79,GBP,Payment Gateway
PAY0004651,BKG004652,2025-06-23,Mastercard,226.36,Captured,3.62,GBP,Payment Gateway
PAY0004652,BKG004653,2025-08-14,Visa,293.91,Captured,4.11,GBP,Payment Gateway
PAY0004653,BKG004654,2026-07-05,Visa,1306.64,Captured,23.52,GBP,Payment Gateway
PAY0004654,BKG004655,2025-10-27,Mastercard,404.92,Captured,5.67,GBP,Payment Gateway
PAY0004655,BKG004656,2026-04-12,Visa,230.97,Captured,4.16,GBP,Payment Gateway
PAY0004656,BKG004657,2024-12-24,Visa,336.72,Captured,4.71,GBP,Payment Gateway
PAY0004657,BKG004658,2024-03-29,Visa,97.56,Captured,1.76,GBP,Payment Gateway
PAY0004658,BKG004659,2024-12-03,Cash,148.98,Captured,0,GBP,Front Desk/PMS
PAY0004659,BKG004660,2026-07-11,Mastercard,530.91,Captured,7.43,GBP,Payment Gateway
PAY0004660,BKG004661,2024-12-23,Mastercard,112.23,Captured,2.02,GBP,Payment Gateway
PAY0004661,BKG004663,2024-06-02,Mastercard,292.12,Captured,4.67,GBP,Payment Gateway
PAY0004662,BKG004663,2024-06-06,Visa,876.35,Captured,10.52,GBP,Payment Gateway
PAY0004663,BKG004664,2025-01-04,Mastercard,159.47,Captured,2.55,GBP,Payment Gateway
PAY0004664,BKG004665,2025-06-27,Visa,468.1,Captured,5.62,GBP,Payment Gateway
PAY0004665,BKG004666,2025-07-08,Visa,357.95,Captured,5.01,GBP,Payment Gateway
PAY0004666,BKG004667,2024-11-14,Mastercard,455.23,Captured,6.37,GBP,Payment Gateway
PAY0004667,BKG004668,2026-06-16,Mastercard,1071.14,Captured,17.14,GBP,Payment Gateway
PAY0004668,BKG004669,2025-01-07,Mastercard,345.68,Captured,4.15,GBP,Payment Gateway
PAY0004669,BKG004670,2026-07-02,Visa,344.44,Captured,4.13,GBP,Payment Gateway
PAY0004670,BKG004671,2025-05-12,Cash,140.5,Captured,0,GBP,Front Desk/PMS
PAY0004671,BKG004671,2025-06-29,Mastercard,421.51,Captured,5.06,GBP,Payment Gateway
PAY0004672,BKG004672,2024-09-05,American Express,218.03,Captured,3.49,GBP,Payment Gateway
PAY0004673,BKG004673,2024-04-28,Mastercard,279.4,Captured,3.91,GBP,Payment Gateway
PAY0004674,BKG004673,2024-05-23,American Express,838.21,Captured,11.73,GBP,Payment Gateway
PAY0004675,BKG004674,2026-06-20,Mastercard,147.14,Captured,2.65,GBP,Payment Gateway
PAY0004676,BKG004675,2024-03-01,Mastercard,1068.25,Captured,14.96,GBP,Payment Gateway
PAY0004677,BKG004676,2024-10-16,Visa,299.95,Captured,5.4,GBP,Payment Gateway
PAY0004678,BKG004676,2024-11-18,American Express,899.84,Captured,14.4,GBP,Payment Gateway
PAY0004679,BKG004677,2025-12-27,Cash,437.48,Captured,0,GBP,Front Desk/PMS
PAY0004680,BKG004678,2025-04-13,Visa,258.74,Captured,4.66,GBP,Payment Gateway
PAY0004681,BKG004679,2025-06-01,Visa,326.76,Captured,4.57,GBP,Payment Gateway
PAY0004682,BKG004680,2024-08-15,Visa,964.96,Captured,11.58,GBP,Payment Gateway
PAY0004683,BKG004681,2025-07-08,Mastercard,128.02,Captured,1.54,GBP,Payment Gateway
PAY0004684,BKG004683,2026-03-02,Bank Transfer,189.74,Captured,0,GBP,Payment Gateway
PAY0004685,BKG004684,2024-07-25,Visa,817.55,Captured,11.45,GBP,Payment Gateway
PAY0004686,BKG004685,2025-02-22,Mastercard,336.86,Captured,4.72,GBP,Payment Gateway
PAY0004687,BKG004686,2025-06-26,Apple Pay,567.76,Captured,6.81,GBP,Payment Gateway
PAY0004688,BKG004687,2025-02-19,Visa,150.48,Captured,2.71,GBP,Payment Gateway
PAY0004689,BKG004688,2024-04-18,Mastercard,310.61,Captured,5.59,GBP,Payment Gateway
PAY0004690,BKG004688,2024-04-19,American Express,931.82,Captured,14.91,GBP,Payment Gateway
PAY0004691,BKG004690,2024-07-08,Visa,1564.36,Captured,21.9,GBP,Payment Gateway
PAY0004692,BKG004691,2025-04-11,Bank Transfer,340.42,Captured,0,GBP,Payment Gateway
PAY0004693,BKG004692,2025-04-02,Bank Transfer,1009.68,Captured,0,GBP,Payment Gateway
PAY0004694,BKG004693,2025-12-30,Apple Pay,123.38,Captured,1.48,GBP,Payment Gateway
PAY0004695,BKG004694,2025-05-23,Cash,133.74,Captured,0,GBP,Front Desk/PMS
PAY0004696,BKG004695,2025-03-13,American Express,2818.37,Captured,39.46,GBP,Payment Gateway
PAY0004697,BKG004697,2026-05-25,Mastercard,238.5,Captured,4.29,GBP,Payment Gateway
PAY0004698,BKG004698,2024-03-17,Visa,360.87,Captured,4.33,GBP,Payment Gateway
PAY0004699,BKG004699,2024-03-19,Apple Pay,226.8,Captured,4.08,GBP,Payment Gateway
PAY0004700,BKG004700,2024-05-10,Apple Pay,259.27,Captured,4.15,GBP,Payment Gateway
PAY0004701,BKG004701,2023-12-04,Visa,170.44,Captured,2.73,GBP,Payment Gateway
PAY0004702,BKG004701,2024-01-13,Cash,511.33,Captured,0,GBP,Front Desk/PMS
PAY0004703,BKG004702,2025-03-30,Bank Transfer,399.05,Captured,0,GBP,Payment Gateway
PAY0004704,BKG004703,2024-06-08,Mastercard,284.92,Captured,3.42,GBP,Payment Gateway
PAY0004705,BKG004704,2024-09-20,Cash,1224.4,Captured,0,GBP,Front Desk/PMS
PAY0004706,BKG004706,2024-10-11,Mastercard,484.65,Captured,8.72,GBP,Payment Gateway
PAY0004707,BKG004707,2025-02-05,Visa,251.91,Captured,4.53,GBP,Payment Gateway
PAY0004708,BKG004709,2026-03-27,American Express,1720.44,Captured,20.65,GBP,Payment Gateway
PAY0004709,BKG004712,2025-03-27,Apple Pay,467.61,Captured,8.42,GBP,Payment Gateway
PAY0004710,BKG004713,2026-03-03,Visa,303.31,Captured,5.46,GBP,Payment Gateway
PAY0004711,BKG004715,2025-05-26,Cash,290.18,Captured,0,GBP,Front Desk/PMS
PAY0004712,BKG004716,2025-01-25,Mastercard,248.16,Captured,3.47,GBP,Payment Gateway
PAY0004713,BKG004717,2024-02-10,Visa,1116.02,Captured,13.39,GBP,Payment Gateway
PAY0004714,BKG004718,2024-06-01,Google Pay,314.45,Captured,5.03,GBP,Payment Gateway
PAY0004715,BKG004719,2025-07-31,American Express,208.13,Captured,2.5,GBP,Payment Gateway
PAY0004716,BKG004720,2026-03-27,Bank Transfer,583.29,Captured,0,GBP,Payment Gateway
PAY0004717,BKG004721,2025-04-13,Mastercard,442.1,Captured,6.19,GBP,Payment Gateway
PAY0004718,BKG004722,2024-07-11,Visa,536.38,Captured,8.58,GBP,Payment Gateway
PAY0004719,BKG004723,2025-03-05,American Express,241.57,Captured,4.35,GBP,Payment Gateway
PAY0004720,BKG004724,2025-07-15,Visa,569.35,Captured,7.97,GBP,Payment Gateway
PAY0004721,BKG004725,2026-07-25,Visa,354.5,Captured,5.67,GBP,Payment Gateway
PAY0004722,BKG004726,2025-06-11,American Express,140.11,Captured,2.52,GBP,Payment Gateway
PAY0004723,BKG004727,2026-02-25,Visa,136.82,Captured,2.19,GBP,Payment Gateway
PAY0004724,BKG004727,2026-03-19,Visa,410.46,Captured,4.93,GBP,Payment Gateway
PAY0004725,BKG004728,2024-12-16,Visa,415.3,Captured,4.98,GBP,Payment Gateway
PAY0004726,BKG004730,2024-11-20,Mastercard,106.59,Captured,1.28,GBP,Payment Gateway
PAY0004727,BKG004732,2025-12-27,Visa,140.82,Captured,1.69,GBP,Payment Gateway
PAY0004728,BKG004733,2024-11-27,Mastercard,417.47,Captured,5.01,GBP,Payment Gateway
PAY0004729,BKG004734,2024-01-04,Mastercard,451.68,Captured,6.32,GBP,Payment Gateway
PAY0004730,BKG004735,2026-04-25,Mastercard,510.69,Captured,6.13,GBP,Payment Gateway
PAY0004731,BKG004736,2024-06-11,Google Pay,141.52,Captured,2.55,GBP,Payment Gateway
PAY0004732,BKG004737,2024-09-10,Visa,48.81,Captured,0.68,GBP,Payment Gateway
PAY0004733,BKG004737,2024-09-16,Mastercard,146.44,Captured,2.64,GBP,Payment Gateway
PAY0004734,BKG004738,2024-12-04,Mastercard,150.15,Captured,2.7,GBP,Payment Gateway
PAY0004735,BKG004739,2024-01-06,American Express,533.22,Captured,8.53,GBP,Payment Gateway
PAY0004736,BKG004740,2026-02-26,Visa,433.41,Captured,6.93,GBP,Payment Gateway
PAY0004737,BKG004741,2025-12-28,Visa,282.57,Captured,3.96,GBP,Payment Gateway
PAY0004738,BKG004742,2024-06-19,Cash,416.42,Captured,0,GBP,Front Desk/PMS
PAY0004739,BKG004743,2026-03-20,Mastercard,163.72,Captured,2.95,GBP,Payment Gateway
PAY0004740,BKG004744,2025-08-23,Visa,120.41,Captured,2.17,GBP,Payment Gateway
PAY0004741,BKG004745,2025-01-01,Mastercard,510.43,Captured,9.19,GBP,Payment Gateway
PAY0004742,BKG004746,2025-01-17,Visa,828.96,Captured,13.26,GBP,Payment Gateway
PAY0004743,BKG004747,2025-12-28,Mastercard,144.27,Captured,2.6,GBP,Payment Gateway
PAY0004744,BKG004748,2026-01-31,Mastercard,105.67,Captured,1.69,GBP,Payment Gateway
PAY0004745,BKG004749,2025-11-28,American Express,394.86,Captured,4.74,GBP,Payment Gateway
PAY0004746,BKG004750,2024-08-05,Visa,701.62,Captured,9.82,GBP,Payment Gateway
PAY0004747,BKG004752,2026-06-21,Mastercard,2552.94,Captured,45.95,GBP,Payment Gateway
PAY0004748,BKG004753,2025-02-27,Apple Pay,252.96,Captured,3.04,GBP,Payment Gateway
PAY0004749,BKG004755,2025-12-27,Bank Transfer,152.26,Captured,0,GBP,Payment Gateway
PAY0004750,BKG004756,2024-09-15,Visa,1131.69,Captured,13.58,GBP,Payment Gateway
PAY0004751,BKG004757,2026-01-21,Mastercard,132.87,Captured,2.13,GBP,Payment Gateway
PAY0004752,BKG004758,2025-11-16,Mastercard,418.5,Captured,5.02,GBP,Payment Gateway
PAY0004753,BKG004758,2025-12-14,American Express,1255.49,Captured,15.07,GBP,Payment Gateway
PAY0004754,BKG004759,2025-05-27,Apple Pay,167.25,Captured,3.01,GBP,Payment Gateway
PAY0004755,BKG004760,2025-05-08,Mastercard,608.54,Captured,10.95,GBP,Payment Gateway
PAY0004756,BKG004761,2026-06-14,Visa,774.82,Captured,10.85,GBP,Payment Gateway
PAY0004757,BKG004762,2026-06-22,Visa,171.78,Captured,2.75,GBP,Payment Gateway
PAY0004758,BKG004762,2026-07-10,Visa,515.33,Captured,6.18,GBP,Payment Gateway
PAY0004759,BKG004763,2026-02-11,Visa,273.81,Captured,4.38,GBP,Payment Gateway
PAY0004760,BKG004764,2025-10-21,Visa,556.36,Captured,10.01,GBP,Payment Gateway
PAY0004761,BKG004765,2025-10-04,Cash,846.15,Captured,0,GBP,Front Desk/PMS
PAY0004762,BKG004766,2025-06-19,American Express,117.83,Captured,2.12,GBP,Payment Gateway
PAY0004763,BKG004767,2024-06-23,Mastercard,1238.82,Captured,14.87,GBP,Payment Gateway
PAY0004764,BKG004768,2024-08-10,Mastercard,320.9,Captured,5.13,GBP,Payment Gateway
PAY0004765,BKG004770,2025-04-01,Mastercard,383.94,Captured,5.38,GBP,Payment Gateway
PAY0004766,BKG004771,2024-08-09,Visa,184.87,Captured,2.59,GBP,Payment Gateway
PAY0004767,BKG004772,2026-07-13,Visa,124.45,Captured,1.99,GBP,Payment Gateway
PAY0004768,BKG004773,2026-03-19,Bank Transfer,1805.44,Captured,0,GBP,Payment Gateway
PAY0004769,BKG004774,2024-03-15,Apple Pay,657.81,Captured,11.84,GBP,Payment Gateway
PAY0004770,BKG004775,2024-04-13,American Express,97.03,Captured,1.36,GBP,Payment Gateway
PAY0004771,BKG004775,2024-05-19,Visa,291.1,Captured,5.24,GBP,Payment Gateway
PAY0004772,BKG004776,2024-11-26,Bank Transfer,261.04,Captured,0,GBP,Payment Gateway
PAY0004773,BKG004777,2026-01-17,Mastercard,293.73,Captured,4.7,GBP,Payment Gateway
PAY0004774,BKG004778,2025-07-11,Mastercard,309.82,Captured,4.34,GBP,Payment Gateway
PAY0004775,BKG004778,2025-08-14,Visa,929.47,Captured,16.73,GBP,Payment Gateway
PAY0004776,BKG004779,2024-12-06,Visa,762.48,Captured,12.2,GBP,Payment Gateway
PAY0004777,BKG004780,2026-08-06,Cash,292.34,Captured,0,GBP,Front Desk/PMS
PAY0004778,BKG004781,2025-12-28,Visa,278.85,Captured,4.46,GBP,Payment Gateway
PAY0004779,BKG004782,2025-03-31,Visa,456.7,Captured,6.39,GBP,Payment Gateway
PAY0004780,BKG004783,2026-03-17,Visa,332.14,Captured,5.98,GBP,Payment Gateway
PAY0004781,BKG004784,2026-05-22,Bank Transfer,656.91,Captured,0,GBP,Payment Gateway
PAY0004782,BKG004785,2024-12-06,Visa,243.71,Captured,3.9,GBP,Payment Gateway
PAY0004783,BKG004786,2024-03-12,Bank Transfer,112.83,Captured,0,GBP,Payment Gateway
PAY0004784,BKG004787,2024-03-23,Mastercard,1110.5,Captured,15.55,GBP,Payment Gateway
PAY0004785,BKG004788,2025-08-06,Apple Pay,731.32,Captured,13.16,GBP,Payment Gateway
PAY0004786,BKG004789,2025-12-30,Apple Pay,880.55,Captured,12.33,GBP,Payment Gateway
PAY0004787,BKG004790,2025-11-05,Cash,614.51,Captured,0,GBP,Front Desk/PMS
PAY0004788,BKG004791,2025-04-13,Visa,229.44,Captured,2.75,GBP,Payment Gateway
PAY0004789,BKG004792,2024-09-28,Google Pay,340.82,Captured,4.77,GBP,Payment Gateway
PAY0004790,BKG004793,2026-03-24,Apple Pay,126.46,Captured,2.28,GBP,Payment Gateway
PAY0004791,BKG004794,2024-09-06,Mastercard,199.6,Captured,2.4,GBP,Payment Gateway
PAY0004792,BKG004794,2024-10-08,American Express,598.79,Captured,8.38,GBP,Payment Gateway
PAY0004793,BKG004796,2026-01-18,American Express,552.23,Captured,8.84,GBP,Payment Gateway
PAY0004794,BKG004797,2025-04-10,Mastercard,230.26,Captured,2.76,GBP,Payment Gateway
PAY0004795,BKG004798,2026-07-15,Visa,122.11,Captured,1.71,GBP,Payment Gateway
PAY0004796,BKG004800,2026-06-14,Mastercard,111.56,Captured,1.78,GBP,Payment Gateway
PAY0004797,BKG004801,2025-01-27,Visa,509.92,Captured,6.12,GBP,Payment Gateway
PAY0004798,BKG004802,2025-10-28,Mastercard,259.26,Captured,3.11,GBP,Payment Gateway
PAY0004799,BKG004803,2026-05-03,Mastercard,410.98,Captured,4.93,GBP,Payment Gateway
PAY0004800,BKG004805,2026-05-23,Cash,641.16,Captured,0,GBP,Front Desk/PMS
PAY0004801,BKG004806,2025-07-15,Mastercard,207.78,Captured,2.49,GBP,Payment Gateway
PAY0004802,BKG004807,2026-01-21,Visa,728.83,Captured,10.2,GBP,Payment Gateway
PAY0004803,BKG004808,2025-02-09,Apple Pay,96.76,Captured,1.16,GBP,Payment Gateway
PAY0004804,BKG004809,2024-01-28,Visa,756.5,Captured,10.59,GBP,Payment Gateway
PAY0004805,BKG004810,2025-12-23,Mastercard,400.04,Captured,7.2,GBP,Payment Gateway
PAY0004806,BKG004811,2025-09-22,Mastercard,566.84,Captured,9.07,GBP,Payment Gateway
PAY0004807,BKG004812,2026-06-16,Visa,652.75,Captured,11.75,GBP,Payment Gateway
PAY0004808,BKG004813,2024-05-26,Visa,298.12,Captured,5.37,GBP,Payment Gateway
PAY0004809,BKG004815,2026-08-26,Visa,783.62,Captured,14.11,GBP,Payment Gateway
PAY0004810,BKG004816,2026-05-07,Cash,191.65,Captured,0,GBP,Front Desk/PMS
PAY0004811,BKG004816,2026-05-24,Visa,574.96,Captured,6.9,GBP,Payment Gateway
PAY0004812,BKG004818,2026-04-16,Mastercard,366.71,Captured,4.4,GBP,Payment Gateway
PAY0004813,BKG004819,2026-08-20,Mastercard,645.68,Captured,9.04,GBP,Payment Gateway
PAY0004814,BKG004820,2026-08-01,Cash,101.66,Captured,0,GBP,Front Desk/PMS
PAY0004815,BKG004820,2026-08-27,Mastercard,304.98,Captured,3.66,GBP,Payment Gateway
PAY0004816,BKG004821,2024-12-25,Visa,231.01,Captured,4.16,GBP,Payment Gateway
PAY0004817,BKG004822,2026-07-20,Cash,203.22,Captured,0,GBP,Front Desk/PMS
PAY0004818,BKG004823,2024-05-08,Visa,129.29,Captured,2.07,GBP,Payment Gateway
PAY0004819,BKG004824,2025-08-24,Mastercard,102.36,Captured,1.43,GBP,Payment Gateway
PAY0004820,BKG004824,2025-09-28,American Express,307.08,Captured,5.53,GBP,Payment Gateway
PAY0004821,BKG004825,2024-06-11,Bank Transfer,117.32,Captured,0,GBP,Payment Gateway
PAY0004822,BKG004826,2024-04-18,Visa,469.5,Captured,8.45,GBP,Payment Gateway
PAY0004823,BKG004827,2025-07-22,American Express,753.67,Captured,9.04,GBP,Payment Gateway
PAY0004824,BKG004828,2025-03-29,Bank Transfer,142.15,Captured,0,GBP,Payment Gateway
PAY0004825,BKG004829,2025-07-25,Mastercard,986.24,Captured,15.78,GBP,Payment Gateway
PAY0004826,BKG004830,2025-08-17,Visa,1169.64,Captured,21.05,GBP,Payment Gateway
PAY0004827,BKG004831,2026-06-22,Mastercard,159.69,Captured,2.24,GBP,Payment Gateway
PAY0004828,BKG004831,2026-06-27,Cash,479.07,Captured,0,GBP,Front Desk/PMS
PAY0004829,BKG004832,2026-08-20,American Express,1495.39,Captured,26.92,GBP,Payment Gateway
PAY0004830,BKG004833,2025-06-18,Apple Pay,457.43,Captured,5.49,GBP,Payment Gateway
PAY0004831,BKG004834,2024-04-24,Bank Transfer,133.84,Captured,0,GBP,Payment Gateway
PAY0004832,BKG004835,2026-01-05,Mastercard,83.83,Captured,1.17,GBP,Payment Gateway
PAY0004833,BKG004836,2025-10-16,Mastercard,1011.6,Captured,12.14,GBP,Payment Gateway
PAY0004834,BKG004837,2025-07-03,Cash,182.99,Captured,0,GBP,Front Desk/PMS
PAY0004835,BKG004838,2024-11-04,Google Pay,133.72,Captured,2.41,GBP,Payment Gateway
PAY0004836,BKG004839,2025-11-01,Visa,521.37,Captured,7.3,GBP,Payment Gateway
PAY0004837,BKG004840,2025-01-10,Mastercard,157.43,Captured,2.2,GBP,Payment Gateway
PAY0004838,BKG004841,2024-01-10,Visa,1445.64,Captured,26.02,GBP,Payment Gateway
PAY0004839,BKG004842,2024-12-31,Mastercard,175.65,Captured,2.11,GBP,Payment Gateway
PAY0004840,BKG004843,2025-05-20,Visa,71.89,Captured,0.86,GBP,Payment Gateway
PAY0004841,BKG004843,2025-05-21,Mastercard,215.69,Captured,3.02,GBP,Payment Gateway
PAY0004842,BKG004844,2024-10-06,Mastercard,348.34,Captured,5.57,GBP,Payment Gateway
PAY0004843,BKG004845,2025-12-13,Mastercard,562.17,Captured,7.87,GBP,Payment Gateway
PAY0004844,BKG004846,2026-07-30,Mastercard,294.22,Captured,4.71,GBP,Payment Gateway
PAY0004845,BKG004847,2024-08-10,Mastercard,249.42,Captured,3.99,GBP,Payment Gateway
PAY0004846,BKG004848,2025-11-24,Visa,329.05,Captured,5.26,GBP,Payment Gateway
PAY0004847,BKG004849,2026-08-05,Visa,1158.72,Captured,13.9,GBP,Payment Gateway
PAY0004848,BKG004850,2024-07-31,Mastercard,156.92,Captured,1.88,GBP,Payment Gateway
PAY0004849,BKG004851,2025-04-16,American Express,132.68,Captured,2.12,GBP,Payment Gateway
PAY0004850,BKG004852,2024-04-26,Mastercard,343.02,Captured,6.17,GBP,Payment Gateway
PAY0004851,BKG004853,2024-08-16,Bank Transfer,319.06,Captured,0,GBP,Payment Gateway
PAY0004852,BKG004854,2025-12-04,Visa,183.19,Captured,2.56,GBP,Payment Gateway
PAY0004853,BKG004855,2026-04-29,Apple Pay,711.04,Captured,9.95,GBP,Payment Gateway
PAY0004854,BKG004856,2024-10-09,Cash,323.08,Captured,0,GBP,Front Desk/PMS
PAY0004855,BKG004856,2024-10-25,Visa,969.25,Captured,17.45,GBP,Payment Gateway
PAY0004856,BKG004857,2024-09-25,Mastercard,2729.73,Captured,49.14,GBP,Payment Gateway
PAY0004857,BKG004858,2024-03-24,Mastercard,179.25,Captured,2.87,GBP,Payment Gateway
PAY0004858,BKG004859,2025-10-16,Visa,1582.92,Captured,19,GBP,Payment Gateway
PAY0004859,BKG004860,2024-03-29,Mastercard,291.12,Captured,5.24,GBP,Payment Gateway
PAY0004860,BKG004861,2025-07-11,Mastercard,636.69,Captured,10.19,GBP,Payment Gateway
PAY0004861,BKG004862,2026-01-12,American Express,739.63,Captured,13.31,GBP,Payment Gateway
PAY0004862,BKG004864,2025-04-23,Visa,52.11,Captured,0.73,GBP,Payment Gateway
PAY0004863,BKG004864,2025-05-09,Mastercard,156.33,Captured,2.5,GBP,Payment Gateway
PAY0004864,BKG004865,2025-03-21,Visa,586.58,Captured,10.56,GBP,Payment Gateway
PAY0004865,BKG004866,2025-03-11,Visa,103.89,Captured,1.25,GBP,Payment Gateway
PAY0004866,BKG004866,2025-03-22,Mastercard,311.67,Captured,4.99,GBP,Payment Gateway
PAY0004867,BKG004867,2025-03-26,Bank Transfer,1045.5,Captured,0,GBP,Payment Gateway
PAY0004868,BKG004868,2024-05-17,Bank Transfer,156.03,Captured,0,GBP,Payment Gateway
PAY0004869,BKG004868,2024-07-13,Mastercard,468.09,Captured,6.55,GBP,Payment Gateway
PAY0004870,BKG004869,2026-06-14,Visa,549.56,Captured,8.79,GBP,Payment Gateway
PAY0004871,BKG004870,2026-08-11,American Express,563.23,Captured,6.76,GBP,Payment Gateway
PAY0004872,BKG004871,2025-10-18,Mastercard,126.45,Captured,1.52,GBP,Payment Gateway
PAY0004873,BKG004872,2025-06-22,Google Pay,214.4,Captured,3,GBP,Payment Gateway
PAY0004874,BKG004873,2024-12-20,Visa,335.25,Captured,4.69,GBP,Payment Gateway
PAY0004875,BKG004874,2026-05-17,Visa,109.94,Captured,1.76,GBP,Payment Gateway
PAY0004876,BKG004874,2026-05-30,Mastercard,329.81,Captured,5.94,GBP,Payment Gateway
PAY0004877,BKG004875,2025-04-02,Visa,522.03,Captured,8.35,GBP,Payment Gateway
PAY0004878,BKG004876,2025-08-24,Mastercard,3279.36,Captured,59.03,GBP,Payment Gateway
PAY0004879,BKG004877,2025-01-22,Mastercard,1996.76,Captured,27.95,GBP,Payment Gateway
PAY0004880,BKG004878,2024-03-16,Apple Pay,424.07,Captured,5.09,GBP,Payment Gateway
PAY0004881,BKG004879,2025-05-23,Cash,212.32,Captured,0,GBP,Front Desk/PMS
PAY0004882,BKG004880,2024-11-21,Visa,274.29,Captured,4.39,GBP,Payment Gateway
PAY0004883,BKG004881,2025-07-26,Google Pay,684.72,Captured,8.22,GBP,Payment Gateway
PAY0004884,BKG004882,2026-08-19,Mastercard,912.75,Captured,14.6,GBP,Payment Gateway
PAY0004885,BKG004883,2025-04-04,Visa,177.76,Captured,3.2,GBP,Payment Gateway
PAY0004886,BKG004884,2024-09-21,American Express,728.2,Captured,8.74,GBP,Payment Gateway
PAY0004887,BKG004885,2026-02-15,Google Pay,661.88,Captured,10.59,GBP,Payment Gateway
PAY0004888,BKG004886,2025-08-03,Visa,308,Captured,3.7,GBP,Payment Gateway
PAY0004889,BKG004887,2026-03-20,Visa,524.05,Captured,9.43,GBP,Payment Gateway
PAY0004890,BKG004888,2024-07-03,Visa,119.55,Captured,2.15,GBP,Payment Gateway
PAY0004891,BKG004889,2026-01-01,Mastercard,296.64,Captured,4.15,GBP,Payment Gateway
PAY0004892,BKG004890,2026-05-25,Mastercard,342.37,Captured,6.16,GBP,Payment Gateway
PAY0004893,BKG004891,2025-07-24,Visa,212.22,Captured,2.97,GBP,Payment Gateway
PAY0004894,BKG004892,2026-04-15,Mastercard,363.82,Captured,5.82,GBP,Payment Gateway
PAY0004895,BKG004894,2026-07-18,Visa,524.86,Captured,9.45,GBP,Payment Gateway
PAY0004896,BKG004895,2025-12-12,Visa,94.7,Captured,1.14,GBP,Payment Gateway
PAY0004897,BKG004895,2025-12-29,Visa,284.09,Captured,3.98,GBP,Payment Gateway
PAY0004898,BKG004896,2025-06-21,Mastercard,244.78,Captured,3.92,GBP,Payment Gateway
PAY0004899,BKG004897,2026-04-09,Google Pay,128.85,Captured,1.55,GBP,Payment Gateway
PAY0004900,BKG004898,2025-05-15,Mastercard,1222.3,Captured,19.56,GBP,Payment Gateway
PAY0004901,BKG004899,2026-07-22,Apple Pay,175.99,Captured,3.17,GBP,Payment Gateway
PAY0004902,BKG004900,2025-09-02,Visa,284.04,Captured,5.11,GBP,Payment Gateway
PAY0004903,BKG004901,2025-11-30,Mastercard,71.62,Captured,1.15,GBP,Payment Gateway
PAY0004904,BKG004901,2025-12-21,Apple Pay,214.88,Captured,3.44,GBP,Payment Gateway
PAY0004905,BKG004902,2024-05-30,American Express,899.77,Captured,10.8,GBP,Payment Gateway
PAY0004906,BKG004903,2026-02-24,Mastercard,159.65,Captured,2.24,GBP,Payment Gateway
PAY0004907,BKG004904,2024-04-28,Mastercard,641.82,Captured,10.27,GBP,Payment Gateway
PAY0004908,BKG004905,2024-04-11,Visa,647.35,Captured,10.36,GBP,Payment Gateway
PAY0004909,BKG004906,2024-10-29,Visa,118.82,Captured,2.14,GBP,Payment Gateway
PAY0004910,BKG004907,2024-06-05,Visa,621.45,Captured,9.94,GBP,Payment Gateway
PAY0004911,BKG004908,2024-07-04,Google Pay,431.2,Captured,5.17,GBP,Payment Gateway
PAY0004912,BKG004910,2025-01-31,Cash,219.22,Captured,0,GBP,Front Desk/PMS
PAY0004913,BKG004911,2026-04-01,Apple Pay,183.86,Captured,3.31,GBP,Payment Gateway
PAY0004914,BKG004911,2026-04-05,Mastercard,551.59,Captured,8.83,GBP,Payment Gateway
PAY0004915,BKG004912,2026-01-07,Apple Pay,745.2,Captured,8.94,GBP,Payment Gateway
PAY0004916,BKG004913,2024-06-06,Visa,354.32,Captured,5.67,GBP,Payment Gateway
PAY0004917,BKG004914,2024-05-12,Apple Pay,208.25,Captured,3.75,GBP,Payment Gateway
PAY0004918,BKG004915,2024-05-08,Visa,427.77,Captured,5.99,GBP,Payment Gateway
PAY0004919,BKG004916,2024-11-18,Visa,131.89,Captured,1.58,GBP,Payment Gateway
PAY0004920,BKG004917,2025-07-18,American Express,709.03,Captured,12.76,GBP,Payment Gateway
PAY0004921,BKG004918,2024-05-17,Bank Transfer,627.44,Captured,0,GBP,Payment Gateway
PAY0004922,BKG004919,2024-07-10,Visa,191.08,Captured,2.29,GBP,Payment Gateway
PAY0004923,BKG004921,2026-05-11,Visa,551.36,Captured,7.72,GBP,Payment Gateway
PAY0004924,BKG004922,2024-10-20,Visa,566.58,Captured,7.93,GBP,Payment Gateway
PAY0004925,BKG004923,2025-06-24,Mastercard,735.06,Captured,8.82,GBP,Payment Gateway
PAY0004926,BKG004924,2026-04-23,Google Pay,387.91,Captured,6.98,GBP,Payment Gateway
PAY0004927,BKG004925,2024-01-03,American Express,402.39,Captured,4.83,GBP,Payment Gateway
PAY0004928,BKG004927,2024-06-12,Mastercard,101.47,Captured,1.42,GBP,Payment Gateway
PAY0004929,BKG004928,2024-07-03,Visa,159.56,Captured,2.55,GBP,Payment Gateway
PAY0004930,BKG004929,2026-06-24,Apple Pay,321.94,Captured,5.79,GBP,Payment Gateway
PAY0004931,BKG004929,2026-07-12,Visa,965.81,Captured,17.38,GBP,Payment Gateway
PAY0004932,BKG004930,2024-08-05,Mastercard,522.54,Captured,7.32,GBP,Payment Gateway
PAY0004933,BKG004931,2024-04-19,Mastercard,482.36,Captured,8.68,GBP,Payment Gateway
PAY0004934,BKG004932,2024-07-30,Visa,1278.92,Captured,17.9,GBP,Payment Gateway
PAY0004935,BKG004934,2024-11-24,Cash,408.96,Captured,0,GBP,Front Desk/PMS
PAY0004936,BKG004935,2026-07-30,Cash,82.98,Captured,0,GBP,Front Desk/PMS
PAY0004937,BKG004935,2026-08-07,Apple Pay,248.93,Captured,4.48,GBP,Payment Gateway
PAY0004938,BKG004936,2025-01-21,Mastercard,155.89,Captured,1.87,GBP,Payment Gateway
PAY0004939,BKG004937,2024-04-04,Visa,273.72,Captured,3.83,GBP,Payment Gateway
PAY0004940,BKG004938,2025-06-18,Bank Transfer,278.12,Captured,0,GBP,Payment Gateway
PAY0004941,BKG004939,2026-04-17,Apple Pay,584.42,Captured,9.35,GBP,Payment Gateway
PAY0004942,BKG004940,2026-08-02,Google Pay,430.92,Captured,7.76,GBP,Payment Gateway
PAY0004943,BKG004941,2025-04-06,Visa,105.78,Captured,1.48,GBP,Payment Gateway
PAY0004944,BKG004942,2026-03-12,Visa,330.57,Captured,4.63,GBP,Payment Gateway
PAY0004945,BKG004944,2024-02-03,Visa,463.08,Captured,5.56,GBP,Payment Gateway
PAY0004946,BKG004945,2025-09-14,Bank Transfer,260.78,Captured,0,GBP,Payment Gateway
PAY0004947,BKG004946,2024-12-12,Apple Pay,429.59,Captured,6.01,GBP,Payment Gateway
PAY0004948,BKG004947,2024-08-26,Cash,168.02,Captured,0,GBP,Front Desk/PMS
PAY0004949,BKG004947,2024-10-13,Visa,504.06,Captured,9.07,GBP,Payment Gateway
PAY0004950,BKG004948,2026-06-08,Bank Transfer,87,Captured,0,GBP,Payment Gateway
PAY0004951,BKG004948,2026-06-23,Visa,261.01,Captured,3.65,GBP,Payment Gateway
PAY0004952,BKG004949,2025-09-09,Apple Pay,463.95,Captured,7.42,GBP,Payment Gateway
PAY0004953,BKG004950,2024-08-03,Visa,1225.57,Captured,14.71,GBP,Payment Gateway
PAY0004954,BKG004951,2025-08-02,Apple Pay,363.99,Captured,6.55,GBP,Payment Gateway
PAY0004955,BKG004952,2024-04-22,Mastercard,117.88,Captured,1.41,GBP,Payment Gateway
PAY0004956,BKG004953,2024-04-26,Apple Pay,187.02,Captured,3.37,GBP,Payment Gateway
PAY0004957,BKG004953,2024-04-26,Google Pay,561.06,Captured,10.1,GBP,Payment Gateway
PAY0004958,BKG004954,2024-05-25,Bank Transfer,47.14,Captured,0,GBP,Payment Gateway
PAY0004959,BKG004954,2024-06-14,Google Pay,141.43,Captured,1.7,GBP,Payment Gateway
PAY0004960,BKG004955,2026-03-03,Visa,92.58,Captured,1.67,GBP,Payment Gateway
PAY0004961,BKG004955,2026-05-10,Mastercard,277.73,Captured,4.44,GBP,Payment Gateway
PAY0004962,BKG004956,2024-11-27,Mastercard,1187.16,Captured,18.99,GBP,Payment Gateway
PAY0004963,BKG004957,2024-06-09,Visa,229.56,Captured,3.21,GBP,Payment Gateway
PAY0004964,BKG004958,2025-08-21,Cash,369.33,Captured,0,GBP,Front Desk/PMS
PAY0004965,BKG004960,2024-11-17,Visa,961.59,Captured,13.46,GBP,Payment Gateway
PAY0004966,BKG004961,2026-05-30,Mastercard,2402.19,Captured,43.24,GBP,Payment Gateway
PAY0004967,BKG004962,2024-12-07,Visa,899.47,Captured,16.19,GBP,Payment Gateway
PAY0004968,BKG004963,2025-01-10,Visa,692.65,Captured,12.47,GBP,Payment Gateway
PAY0004969,BKG004964,2025-01-26,Visa,201.06,Captured,3.22,GBP,Payment Gateway
PAY0004970,BKG004965,2024-05-18,Mastercard,1813.92,Captured,25.39,GBP,Payment Gateway
PAY0004971,BKG004966,2026-07-06,Apple Pay,181.57,Captured,2.91,GBP,Payment Gateway
PAY0004972,BKG004968,2026-08-14,Visa,63.6,Captured,0.89,GBP,Payment Gateway
PAY0004973,BKG004968,2026-08-24,Apple Pay,190.79,Captured,3.05,GBP,Payment Gateway
PAY0004974,BKG004969,2025-06-22,Visa,777.68,Captured,12.44,GBP,Payment Gateway
PAY0004975,BKG004970,2024-05-14,Visa,195.13,Captured,3.51,GBP,Payment Gateway
PAY0004976,BKG004970,2024-06-11,Mastercard,585.38,Captured,10.54,GBP,Payment Gateway
PAY0004977,BKG004971,2024-03-15,Cash,302.79,Captured,0,GBP,Front Desk/PMS
PAY0004978,BKG004972,2026-03-15,Mastercard,183.77,Captured,2.57,GBP,Payment Gateway
PAY0004979,BKG004973,2026-07-13,Visa,402.9,Captured,5.64,GBP,Payment Gateway
PAY0004980,BKG004974,2025-02-05,Visa,484.71,Captured,6.79,GBP,Payment Gateway
PAY0004981,BKG004976,2025-10-07,Visa,119.7,Captured,1.44,GBP,Payment Gateway
PAY0004982,BKG004977,2024-02-04,Mastercard,180.18,Captured,2.52,GBP,Payment Gateway
PAY0004983,BKG004977,2024-03-08,Visa,540.54,Captured,7.57,GBP,Payment Gateway
PAY0004984,BKG004978,2025-03-23,Apple Pay,735.76,Captured,10.3,GBP,Payment Gateway
PAY0004985,BKG004979,2026-02-26,Visa,946.7,Captured,11.36,GBP,Payment Gateway
PAY0004986,BKG004980,2025-12-19,Mastercard,1392.19,Captured,22.28,GBP,Payment Gateway
PAY0004987,BKG004981,2024-06-21,Mastercard,258.01,Captured,4.13,GBP,Payment Gateway
PAY0004988,BKG004983,2025-07-16,Google Pay,108.5,Captured,1.3,GBP,Payment Gateway
PAY0004989,BKG004983,2025-09-22,Apple Pay,325.5,Captured,5.21,GBP,Payment Gateway
PAY0004990,BKG004984,2026-07-30,Bank Transfer,3691.75,Captured,0,GBP,Payment Gateway
PAY0004991,BKG004985,2025-10-07,Google Pay,96.87,Captured,1.36,GBP,Payment Gateway
PAY0004992,BKG004986,2026-06-29,Visa,277.68,Captured,3.89,GBP,Payment Gateway
PAY0004993,BKG004987,2025-01-23,Mastercard,126.12,Captured,2.27,GBP,Payment Gateway
PAY0004994,BKG004987,2025-02-15,American Express,378.36,Captured,6.81,GBP,Payment Gateway
PAY0004995,BKG004988,2025-05-15,Mastercard,1917.44,Captured,34.51,GBP,Payment Gateway
PAY0004996,BKG004989,2026-08-15,Google Pay,729.57,Captured,8.75,GBP,Payment Gateway
PAY0004997,BKG004990,2025-12-21,Visa,218.58,Captured,3.5,GBP,Payment Gateway
PAY0004998,BKG004992,2025-07-20,Visa,241.54,Captured,2.9,GBP,Payment Gateway
PAY0004999,BKG004993,2024-06-17,Cash,610.72,Captured,0,GBP,Front Desk/PMS
PAY0005000,BKG004994,2026-05-06,Mastercard,433.14,Captured,5.2,GBP,Payment Gateway
PAY0005001,BKG004995,2025-10-24,Cash,422.64,Captured,0,GBP,Front Desk/PMS
PAY0005002,BKG004996,2024-12-27,Bank Transfer,279.22,Captured,0,GBP,Payment Gateway
PAY0005003,BKG004997,2024-09-22,American Express,95.49,Captured,1.53,GBP,Payment Gateway
PAY0005004,BKG004998,2026-06-22,American Express,475.77,Captured,8.56,GBP,Payment Gateway
PAY0005005,BKG004999,2026-05-12,Mastercard,126.44,Captured,1.52,GBP,Payment Gateway
PAY0005006,BKG005000,2025-11-25,Visa,126.95,Captured,2.29,GBP,Payment Gateway
