ReviewID,BookingID,HotelID,GuestID,ReviewDate,ReviewSource,OverallScore,CleanlinessScore,ServiceScore,LocationScore,ValueScore,ReviewTitle,ManagementResponseSent
REV000001,BKG000009,HTL002,GST00019,2026-06-01,Google,4.9,5,5,4.7,4.7,Would stay again,Yes
REV000002,BKG000010,HTL003,GST00024,2026-02-19,Booking.com,3.2,3.4,3.8,3,2.8,Solid city break,Yes
REV000003,BKG000011,HTL003,GST01120,2024-12-29,Tripadvisor,4.3,4.6,3.8,4.2,4.4,Would stay again,Yes
REV000004,BKG000013,HTL003,GST00363,2026-02-18,Booking.com,4,3.8,3.8,4,3.5,Comfortable stay,Yes
REV000005,BKG000014,HTL001,GST01777,2024-09-11,Tripadvisor,4.8,5,4.7,4.9,4.7,Great stay,Yes
REV000006,BKG000015,HTL006,GST01416,2024-04-17,Tripadvisor,4,4,3.6,4.1,4.1,Good overall,Yes
REV000007,BKG000023,HTL001,GST00019,2025-01-16,Expedia,5,4.9,5,4.5,4.7,Great stay,Yes
REV000008,BKG000029,HTL004,GST00472,2024-12-10,Booking.com,3.4,3.4,3.4,3.4,3.8,Convenient hotel,Yes
REV000009,BKG000030,HTL003,GST00415,2026-04-11,Google,4.3,4.1,3.9,4.1,3.8,Would stay again,Yes
REV000010,BKG000032,HTL004,GST00176,2024-04-24,Post-stay Survey,4.2,4.1,4.1,4.3,3.8,Would stay again,Yes
REV000011,BKG000035,HTL005,GST00048,2026-01-08,Google,4,4.3,4.2,4.2,3.5,Mostly positive,Yes
REV000012,BKG000039,HTL003,GST01312,2024-07-07,Post-stay Survey,4,4.9,4.1,3.7,4.4,Mostly positive,No
REV000013,BKG000045,HTL002,GST00954,2024-07-08,Booking.com,3.8,3.5,3.6,3.3,3.4,Mostly positive,No
REV000014,BKG000051,HTL003,GST00597,2026-08-25,Tripadvisor,3.1,3.5,3.3,2.7,2.8,Disappointing stay,Yes
REV000015,BKG000053,HTL004,GST01782,2025-07-31,Expedia,4.4,5,5,4.9,4.7,Lovely weekend,No
REV000016,BKG000057,HTL005,GST00743,2025-09-26,Post-stay Survey,4,4.3,4.2,3.9,3.8,Convenient hotel,Yes
REV000017,BKG000058,HTL005,GST00701,2026-04-25,Expedia,3,3.1,3.2,3,2.6,Could be better,Yes
REV000018,BKG000060,HTL003,GST00460,2026-08-16,Tripadvisor,5,5,4.8,4.9,3.9,Good business stay,Yes
REV000019,BKG000065,HTL002,GST00012,2024-12-24,Booking.com,4.2,3.8,4.5,5,3.5,Good business stay,Yes
REV000020,BKG000066,HTL005,GST01510,2024-10-24,Tripadvisor,5,5,5,4.5,4.4,Excellent location,No
REV000021,BKG000069,HTL002,GST01672,2026-02-10,Post-stay Survey,4.4,4.8,3.5,4.6,4.5,Very comfortable,No
REV000022,BKG000070,HTL002,GST01479,2024-06-10,Booking.com,4.1,4.8,4,4.2,3.5,Comfortable stay,Yes
REV000023,BKG000076,HTL005,GST00721,2024-06-15,Google,3.7,4,3.2,4.4,3.2,Comfortable stay,Yes
REV000024,BKG000086,HTL001,GST01491,2024-09-19,Expedia,4.5,5,3.9,4.6,4.6,Very comfortable,Yes
REV000025,BKG000087,HTL003,GST01761,2026-09-06,Post-stay Survey,3.6,3.4,3.2,3.5,3.6,Good overall,No
REV000026,BKG000090,HTL001,GST00002,2025-07-31,Google,4.5,4.8,5,5,4.3,Would stay again,Yes
REV000027,BKG000095,HTL002,GST01702,2024-11-06,Tripadvisor,3.6,3.2,3.5,3.9,3.7,Convenient hotel,Yes
REV000028,BKG000099,HTL006,GST00165,2024-11-27,Tripadvisor,4.3,4.7,4.3,4.1,4.2,Would stay again,Yes
REV000029,BKG000100,HTL001,GST01746,2024-12-28,Post-stay Survey,3.7,4.5,3.8,3.1,3.8,Solid city break,Yes
REV000030,BKG000101,HTL006,GST01253,2024-02-17,Post-stay Survey,4.6,4.4,4.6,4.7,4.5,Good business stay,Yes
REV000031,BKG000104,HTL004,GST01497,2025-12-14,Tripadvisor,4.2,4,5,3.6,4.6,Excellent location,No
REV000032,BKG000106,HTL003,GST00716,2024-07-24,Post-stay Survey,4.3,4.5,4.2,3.9,3.7,Good business stay,Yes
REV000033,BKG000108,HTL005,GST00622,2025-03-09,Tripadvisor,4.4,4.7,4.5,4.5,4.4,Very comfortable,Yes
REV000034,BKG000110,HTL002,GST01124,2024-10-10,Expedia,4.2,4.1,4.6,4.7,4.1,Very comfortable,Yes
REV000035,BKG000113,HTL003,GST00154,2025-05-17,Expedia,3.4,4,3.6,3.2,3.5,Mostly positive,Yes
REV000036,BKG000116,HTL004,GST01628,2024-09-13,Booking.com,4.3,4.3,4.3,4.2,4.7,Friendly team,Yes
REV000037,BKG000127,HTL002,GST00451,2024-09-05,Booking.com,4.1,4.3,4.9,4.5,3.8,Convenient hotel,Yes
REV000038,BKG000128,HTL001,GST00222,2025-09-14,Expedia,3.8,3.8,4.2,4.7,4.2,Fine for a short stay,Yes
REV000039,BKG000129,HTL002,GST00610,2024-08-15,Tripadvisor,4,4.3,3.7,3.9,3.9,Mostly positive,Yes
REV000040,BKG000131,HTL005,GST00034,2026-06-30,Expedia,4.4,4.5,5,4.1,4.3,Friendly team,Yes
REV000041,BKG000133,HTL005,GST01218,2024-07-15,Booking.com,3.5,3.1,3.3,3.3,3.3,Solid city break,Yes
REV000042,BKG000134,HTL004,GST01046,2024-11-24,Google,3.8,4.3,4.8,3.9,3.1,Fine for a short stay,No
REV000043,BKG000139,HTL003,GST01189,2024-02-25,Tripadvisor,3.1,3.4,3.2,3.6,2.7,Not as expected,No
REV000044,BKG000140,HTL004,GST01032,2026-07-11,Booking.com,3.8,3.9,3.5,3.9,3.3,Mostly positive,Yes
REV000045,BKG000144,HTL001,GST00467,2026-02-01,Expedia,4.5,4.5,4.6,4.6,5,Great stay,No
REV000046,BKG000145,HTL006,GST00212,2026-06-28,Google,2.7,2.6,2.9,2.9,1.8,Not as expected,Yes
REV000047,BKG000148,HTL002,GST00626,2024-05-21,Booking.com,5,5,5,4.6,5,Lovely weekend,Yes
REV000048,BKG000149,HTL004,GST01814,2026-08-17,Tripadvisor,4.1,4.2,4.3,4,3.6,Solid city break,Yes
REV000049,BKG000156,HTL003,GST00067,2024-10-11,Post-stay Survey,4.9,5,4.8,4.6,5,Lovely weekend,Yes
REV000050,BKG000163,HTL004,GST00062,2026-06-21,Tripadvisor,4.3,4.9,4.2,4,4.6,Friendly team,Yes
REV000051,BKG000165,HTL003,GST00345,2025-10-21,Tripadvisor,3.4,3.8,2.9,3.4,3.1,Mostly positive,Yes
REV000052,BKG000168,HTL002,GST00111,2025-03-19,Post-stay Survey,3.8,4,3.5,4.3,3.5,Good overall,Yes
REV000053,BKG000172,HTL002,GST02021,2026-05-09,Tripadvisor,3.8,4.2,4.1,4.1,3,Good overall,Yes
REV000054,BKG000174,HTL005,GST01663,2024-05-27,Expedia,4.1,4.1,4.4,4.5,4.2,Convenient hotel,Yes
REV000055,BKG000178,HTL002,GST01937,2024-03-24,Post-stay Survey,3.5,4,3.3,3.7,3.5,Comfortable stay,Yes
REV000056,BKG000179,HTL005,GST01535,2024-09-07,Post-stay Survey,5,5,4.5,4.5,4.7,Clean and convenient,Yes
REV000057,BKG000182,HTL006,GST00178,2026-04-25,Tripadvisor,5,5,4.6,4.8,4.9,Great stay,Yes
REV000058,BKG000183,HTL004,GST00974,2024-11-12,Tripadvisor,4.5,4.7,4.5,4.5,4.4,Would stay again,Yes
REV000059,BKG000186,HTL002,GST00500,2026-03-12,Tripadvisor,4.7,4.1,4.4,5,4.7,Clean and convenient,Yes
REV000060,BKG000189,HTL004,GST01608,2025-08-22,Tripadvisor,4.9,5,4.5,4.4,4.7,Very comfortable,Yes
REV000061,BKG000190,HTL001,GST01374,2024-02-04,Google,4.2,4.3,4.9,4.6,4.5,Lovely weekend,Yes
REV000062,BKG000194,HTL001,GST00287,2026-04-01,Tripadvisor,4.9,4.9,4.7,5,4.8,Great stay,No
REV000063,BKG000204,HTL004,GST00240,2024-10-06,Booking.com,3.7,3.5,3.1,4.4,3.6,Comfortable stay,Yes
REV000064,BKG000211,HTL003,GST02034,2024-12-04,Tripadvisor,5,5,5,5,5,Excellent location,Yes
REV000065,BKG000223,HTL001,GST01508,2026-07-16,Post-stay Survey,4.1,4.6,3.7,4.1,4.5,Comfortable stay,Yes
REV000066,BKG000226,HTL001,GST01060,2026-04-22,Tripadvisor,3.8,4.2,3.5,3.9,4,Comfortable stay,Yes
REV000067,BKG000231,HTL003,GST01747,2024-02-26,Tripadvisor,3.3,3.2,3.2,3.9,2.9,Comfortable stay,Yes
REV000068,BKG000232,HTL006,GST00072,2026-08-21,Expedia,4,3.6,4.9,4.6,4.2,Convenient hotel,Yes
REV000069,BKG000241,HTL006,GST00357,2025-06-01,Post-stay Survey,3.6,3.9,4,3.8,3.4,Mostly positive,Yes
REV000070,BKG000245,HTL001,GST01468,2024-03-24,Expedia,4.1,3.8,4,3.9,3.8,Mostly positive,Yes
REV000071,BKG000257,HTL005,GST00409,2024-04-25,Expedia,4,4.9,4.2,4.1,3.3,Solid city break,Yes
REV000072,BKG000259,HTL001,GST01166,2024-02-27,Post-stay Survey,4.6,5,4.9,5,4.8,Clean and convenient,Yes
REV000073,BKG000261,HTL002,GST00133,2026-07-19,Post-stay Survey,2.7,2.7,2.5,2.8,3,Not as expected,Yes
REV000074,BKG000263,HTL005,GST00826,2025-10-24,Tripadvisor,3.9,3.6,3.3,4,3,Comfortable stay,Yes
REV000075,BKG000271,HTL004,GST01597,2026-05-01,Booking.com,4.8,5,5,4.8,4,Very comfortable,No
REV000076,BKG000273,HTL001,GST00272,2024-09-15,Post-stay Survey,5,4.6,5,4.3,4,Great stay,Yes
REV000077,BKG000277,HTL002,GST01164,2024-09-20,Post-stay Survey,4.3,3.9,4.1,4.6,4.5,Good business stay,No
REV000078,BKG000281,HTL002,GST01089,2025-02-04,Expedia,5,5,4.5,5,4.4,Great stay,No
REV000079,BKG000289,HTL002,GST01967,2024-01-07,Post-stay Survey,3.9,4.1,3.9,3.8,4.1,Comfortable stay,Yes
REV000080,BKG000292,HTL003,GST00387,2024-08-08,Booking.com,4,3.7,3.5,4.1,4.1,Good overall,No
REV000081,BKG000294,HTL004,GST00105,2026-04-14,Tripadvisor,4.7,4.9,4.3,5,4.7,Clean and convenient,Yes
REV000082,BKG000297,HTL004,GST00171,2025-10-03,Booking.com,3.6,3.7,4.2,3.8,3.8,Mostly positive,Yes
REV000083,BKG000301,HTL004,GST00189,2024-10-16,Tripadvisor,4.7,4.9,5,5,4.3,Excellent location,Yes
REV000084,BKG000304,HTL002,GST02071,2026-07-09,Post-stay Survey,5,4.9,4.4,3.7,4.4,Very comfortable,Yes
REV000085,BKG000305,HTL005,GST00309,2025-04-20,Post-stay Survey,4.9,4.3,4.9,4.4,5,Would stay again,Yes
REV000086,BKG000307,HTL002,GST00212,2026-09-05,Tripadvisor,3,2.9,2.6,3.8,2.9,Needs improvement,Yes
REV000087,BKG000308,HTL001,GST00844,2026-02-02,Post-stay Survey,4.5,4.2,4.5,4.3,4.5,Very comfortable,No
REV000088,BKG000314,HTL001,GST00692,2024-07-24,Tripadvisor,4.4,4.6,4,4.5,4.8,Very comfortable,Yes
REV000089,BKG000315,HTL005,GST00877,2026-05-09,Expedia,4,3.7,4.8,4.4,3.6,Mostly positive,Yes
REV000090,BKG000318,HTL006,GST00378,2026-08-27,Tripadvisor,5,5,5,4.1,5,Friendly team,Yes
REV000091,BKG000324,HTL003,GST00001,2024-04-29,Booking.com,3.9,4,3.1,3.6,3.5,Good overall,Yes
REV000092,BKG000331,HTL001,GST00006,2026-05-22,Post-stay Survey,3.6,3.8,3.6,4.1,3.8,Solid city break,Yes
REV000093,BKG000335,HTL004,GST01373,2025-10-02,Booking.com,3.7,3.7,4,3.4,3.7,Solid city break,Yes
REV000094,BKG000340,HTL001,GST00278,2025-11-04,Booking.com,3,3,2.4,3.3,2.5,Needs improvement,No
REV000095,BKG000341,HTL006,GST01776,2024-10-04,Tripadvisor,4.3,4.1,3.9,4.8,4.2,Lovely weekend,Yes
REV000096,BKG000346,HTL006,GST02036,2025-12-16,Post-stay Survey,4.2,3.9,4.2,4.6,4.2,Would stay again,Yes
REV000097,BKG000362,HTL005,GST00613,2024-07-19,Tripadvisor,3.7,3.6,4.4,4,3.3,Solid city break,Yes
REV000098,BKG000370,HTL003,GST01774,2024-08-11,Expedia,3.9,4.2,3.9,3.8,4.1,Mostly positive,Yes
REV000099,BKG000372,HTL001,GST01608,2025-10-25,Expedia,4.5,4.5,5,4.8,3.5,Clean and convenient,Yes
REV000100,BKG000373,HTL003,GST00459,2025-10-02,Google,2.6,2.9,2.2,3,2.9,Disappointing stay,Yes
REV000101,BKG000374,HTL001,GST00548,2025-03-20,Google,4.8,4.9,4.7,4.6,5,Very comfortable,Yes
REV000102,BKG000376,HTL004,GST00018,2026-07-19,Tripadvisor,5,4.8,4.2,4.9,5,Lovely weekend,Yes
REV000103,BKG000377,HTL001,GST01971,2025-10-18,Booking.com,5,5,5,4.9,4.2,Friendly team,Yes
REV000104,BKG000378,HTL003,GST00717,2024-12-04,Google,3.5,3.9,3.5,3.8,3.1,Comfortable stay,Yes
REV000105,BKG000379,HTL004,GST01589,2024-12-27,Expedia,3.9,3.5,4,4,3.8,Convenient hotel,Yes
REV000106,BKG000387,HTL002,GST00711,2024-10-27,Booking.com,3.3,3.7,3.2,3.4,3.3,Solid city break,Yes
REV000107,BKG000393,HTL006,GST00725,2024-09-27,Tripadvisor,4.6,4.5,4.5,4.9,4.9,Great stay,Yes
REV000108,BKG000408,HTL005,GST00016,2025-05-06,Expedia,4.1,4.4,4.2,4.4,4.1,Fine for a short stay,Yes
REV000109,BKG000411,HTL003,GST00202,2026-02-20,Post-stay Survey,3.7,4.4,3.7,4,3.7,Comfortable stay,Yes
REV000110,BKG000413,HTL003,GST00751,2025-02-04,Tripadvisor,4.1,4.2,4.6,4.4,3.2,Solid city break,Yes
REV000111,BKG000415,HTL001,GST01722,2026-08-08,Post-stay Survey,4.3,3.8,4.2,4.5,4.2,Clean and convenient,Yes
REV000112,BKG000419,HTL002,GST00194,2026-01-12,Expedia,3.8,4,3.7,3.6,3.7,Fine for a short stay,Yes
REV000113,BKG000422,HTL002,GST01284,2026-04-08,Expedia,4.4,4,4,4.5,3.2,Excellent location,Yes
REV000114,BKG000424,HTL001,GST00197,2026-05-07,Expedia,3.8,3.4,4.1,4.1,4,Mostly positive,Yes
REV000115,BKG000428,HTL003,GST00191,2025-10-15,Expedia,3.6,3.5,3.8,3.9,3.1,Fine for a short stay,Yes
REV000116,BKG000436,HTL001,GST01206,2026-06-09,Tripadvisor,4,4.1,3.7,3.3,3.5,Solid city break,Yes
REV000117,BKG000439,HTL003,GST00432,2025-12-13,Booking.com,4.1,4.5,3.7,4.2,4.7,Comfortable stay,Yes
REV000118,BKG000453,HTL002,GST00272,2025-11-24,Tripadvisor,3.3,2.8,3,3.3,3.2,Mostly positive,Yes
REV000119,BKG000454,HTL003,GST00015,2025-01-28,Booking.com,4.2,4.3,5,4.6,4.1,Good business stay,Yes
REV000120,BKG000456,HTL001,GST00040,2024-08-28,Tripadvisor,3.7,4.7,3.8,4,4,Mostly positive,Yes
REV000121,BKG000462,HTL004,GST01216,2025-12-15,Post-stay Survey,4.4,3.7,3.8,5,4.3,Friendly team,Yes
REV000122,BKG000464,HTL001,GST00635,2025-03-26,Tripadvisor,2.8,3.6,2.4,2.8,2.1,Needs improvement,Yes
REV000123,BKG000465,HTL004,GST00156,2026-06-15,Google,4,4.3,4.5,3.8,4,Mostly positive,Yes
REV000124,BKG000468,HTL005,GST01750,2026-05-17,Booking.com,3.5,3.6,3.3,3.6,3,Convenient hotel,Yes
REV000125,BKG000474,HTL002,GST00781,2024-06-14,Post-stay Survey,4,3.6,4,4.1,4.1,Good overall,Yes
REV000126,BKG000475,HTL001,GST02266,2025-04-27,Post-stay Survey,4.9,4.4,4.6,4.2,5,Very comfortable,Yes
REV000127,BKG000478,HTL004,GST01739,2024-02-27,Expedia,5,4.9,5,4.8,5,Lovely weekend,Yes
REV000128,BKG000485,HTL006,GST00498,2026-01-05,Google,5,5,4.5,4.8,5,Clean and convenient,Yes
REV000129,BKG000487,HTL006,GST00475,2024-06-23,Google,4.6,5,4.8,4.4,5,Would stay again,Yes
REV000130,BKG000488,HTL005,GST01007,2024-02-27,Google,5,5,4.9,4.9,4.3,Very comfortable,Yes
REV000131,BKG000495,HTL006,GST01616,2024-08-15,Google,4.1,4.2,4.4,4.6,4.2,Solid city break,Yes
REV000132,BKG000496,HTL006,GST00597,2025-05-12,Google,4.2,4.3,3.8,4,4.8,Clean and convenient,Yes
REV000133,BKG000500,HTL006,GST00045,2024-08-07,Expedia,3.9,3.2,4,4.3,4.1,Fine for a short stay,Yes
REV000134,BKG000506,HTL005,GST00094,2025-12-23,Post-stay Survey,4.4,4.2,4,4.4,4.6,Great stay,Yes
REV000135,BKG000515,HTL001,GST01656,2025-02-16,Tripadvisor,5,5,4.9,5,4.9,Excellent location,Yes
REV000136,BKG000519,HTL002,GST00822,2025-08-29,Expedia,4,3.7,3.6,4,3.4,Convenient hotel,Yes
REV000137,BKG000524,HTL004,GST00317,2024-10-12,Tripadvisor,4.6,4.4,4.4,4.4,4.5,Great stay,Yes
REV000138,BKG000525,HTL006,GST01200,2026-01-15,Booking.com,4.3,4.5,3.9,5,3.7,Excellent location,Yes
REV000139,BKG000530,HTL005,GST01469,2025-07-09,Google,4.6,5,4.8,4.5,4.5,Lovely weekend,Yes
REV000140,BKG000550,HTL005,GST00462,2025-07-05,Google,3.3,3.4,2.4,3.4,3.7,Comfortable stay,No
REV000141,BKG000555,HTL004,GST00172,2024-06-29,Expedia,4.5,4.7,4.6,4.7,4.9,Very comfortable,No
REV000142,BKG000562,HTL002,GST00472,2026-04-30,Tripadvisor,5,5,5,4.5,4.7,Lovely weekend,Yes
REV000143,BKG000564,HTL001,GST01056,2026-05-24,Google,4.5,4.7,4.5,4.9,4.8,Very comfortable,No
REV000144,BKG000565,HTL003,GST00556,2024-08-25,Google,4.1,3.5,4.6,4,4.6,Convenient hotel,Yes
REV000145,BKG000571,HTL004,GST01634,2025-09-22,Post-stay Survey,4.6,3.3,3.7,4.7,4.6,Good business stay,Yes
REV000146,BKG000574,HTL006,GST01408,2024-04-23,Google,4.2,4.1,4.9,4,4.4,Excellent location,No
REV000147,BKG000578,HTL003,GST00348,2026-03-01,Google,3.2,3.3,3.3,2.4,3.6,Mostly positive,Yes
REV000148,BKG000582,HTL001,GST01951,2025-01-11,Google,3.6,4.2,3.3,3.5,3.6,Mostly positive,Yes
REV000149,BKG000584,HTL003,GST00684,2025-05-20,Booking.com,5,5,4.5,4.9,4.5,Excellent location,No
REV000150,BKG000586,HTL004,GST01668,2026-08-23,Google,3.7,3.3,4.1,4,2.8,Good overall,Yes
REV000151,BKG000588,HTL004,GST02285,2024-02-27,Booking.com,3.4,3.8,3.8,3.4,2.8,Comfortable stay,Yes
REV000152,BKG000592,HTL001,GST02007,2024-06-20,Booking.com,5,5,4.8,3.9,4.4,Very comfortable,Yes
REV000153,BKG000593,HTL004,GST00205,2025-03-18,Google,3.8,4,4.3,4.3,3.1,Mostly positive,No
REV000154,BKG000594,HTL006,GST00842,2024-01-25,Google,5,5,5,4.5,4.5,Good business stay,No
REV000155,BKG000595,HTL002,GST01648,2025-11-09,Booking.com,4.8,4.1,4.6,4.7,5,Great stay,Yes
REV000156,BKG000601,HTL004,GST00259,2026-05-26,Booking.com,5,5,4.9,4.9,4.8,Great stay,Yes
REV000157,BKG000605,HTL006,GST00967,2025-11-01,Google,4.5,4.6,4.2,4.9,4.8,Very comfortable,Yes
REV000158,BKG000609,HTL003,GST00042,2024-06-20,Expedia,4.1,4,4.2,4.1,3.7,Good overall,Yes
REV000159,BKG000613,HTL005,GST01516,2025-08-27,Expedia,4.3,4.2,3.8,4,4.1,Lovely weekend,Yes
REV000160,BKG000621,HTL002,GST00352,2025-05-29,Post-stay Survey,4,4.5,4.2,4.5,4.1,Solid city break,Yes
REV000161,BKG000622,HTL002,GST00079,2026-02-07,Expedia,2.8,2.7,2.4,2.9,2.7,Could be better,Yes
REV000162,BKG000623,HTL001,GST01208,2026-03-13,Post-stay Survey,5,5,5,4.7,5,Great stay,Yes
REV000163,BKG000624,HTL001,GST00202,2025-01-13,Tripadvisor,5,5,5,4.9,5,Lovely weekend,No
REV000164,BKG000625,HTL004,GST01508,2024-04-11,Post-stay Survey,5,5,5,4.7,5,Great stay,Yes
REV000165,BKG000629,HTL004,GST01059,2025-07-06,Tripadvisor,3.9,3.5,4.3,4.1,4.4,Convenient hotel,Yes
REV000166,BKG000637,HTL001,GST00588,2024-05-12,Booking.com,4.6,4.4,4.9,4.5,4.6,Excellent location,Yes
REV000167,BKG000638,HTL002,GST01085,2025-12-08,Post-stay Survey,4.3,3.7,4.3,3.9,4,Very comfortable,Yes
REV000168,BKG000652,HTL006,GST01483,2024-09-18,Google,3.7,4.1,3.6,3.2,3.6,Comfortable stay,Yes
REV000169,BKG000654,HTL002,GST02063,2025-10-14,Google,3.9,3.7,4,3.9,3.7,Comfortable stay,Yes
REV000170,BKG000659,HTL003,GST01419,2025-03-29,Google,4.9,4.4,4.7,4.4,4.3,Very comfortable,Yes
REV000171,BKG000660,HTL001,GST02161,2025-12-26,Booking.com,4.6,4.8,4.3,4.8,4.3,Very comfortable,Yes
REV000172,BKG000662,HTL002,GST02093,2025-06-15,Tripadvisor,3.9,4.3,3.4,4,3.4,Good overall,Yes
REV000173,BKG000664,HTL002,GST00631,2024-06-23,Tripadvisor,4,4.1,4.6,4.5,4.1,Good overall,Yes
REV000174,BKG000665,HTL001,GST01668,2024-06-23,Tripadvisor,3.8,3.7,4.2,3.9,2.9,Comfortable stay,Yes
REV000175,BKG000667,HTL005,GST00221,2025-02-14,Expedia,4.2,4.7,4,4.8,3.9,Clean and convenient,Yes
REV000176,BKG000676,HTL002,GST01565,2026-05-06,Post-stay Survey,4.2,4,4,4.6,4.3,Great stay,Yes
REV000177,BKG000681,HTL003,GST00810,2024-08-28,Booking.com,3.8,3.6,3.8,3.6,3.4,Comfortable stay,Yes
REV000178,BKG000683,HTL001,GST00329,2025-04-21,Tripadvisor,3.7,3.6,3.2,3.4,3.9,Convenient hotel,Yes
REV000179,BKG000689,HTL002,GST00969,2025-08-22,Google,4.5,4,4.2,5,4,Good business stay,Yes
REV000180,BKG000692,HTL004,GST01286,2024-06-07,Google,4.8,4.6,4.5,5,4.4,Lovely weekend,Yes
REV000181,BKG000694,HTL004,GST01367,2024-12-04,Post-stay Survey,5,4.7,5,4.3,5,Friendly team,Yes
REV000182,BKG000698,HTL005,GST00083,2024-01-23,Expedia,4.1,4.1,4,3.8,3.1,Comfortable stay,Yes
REV000183,BKG000699,HTL004,GST00657,2025-06-20,Post-stay Survey,4.2,4.6,5,4.3,3.9,Excellent location,Yes
REV000184,BKG000704,HTL006,GST00332,2024-07-01,Post-stay Survey,3.5,3.3,4.2,4.1,3.1,Comfortable stay,Yes
REV000185,BKG000711,HTL001,GST00006,2026-08-20,Google,4.7,4.4,4.8,4.7,5,Excellent location,Yes
REV000186,BKG000714,HTL004,GST00910,2024-09-02,Post-stay Survey,5,5,5,4.4,5,Excellent location,Yes
REV000187,BKG000716,HTL001,GST01108,2024-07-17,Tripadvisor,5,5,5,4.1,4.6,Clean and convenient,Yes
REV000188,BKG000721,HTL002,GST00018,2025-08-18,Google,4.1,4.3,4.1,4.1,4,Fine for a short stay,Yes
REV000189,BKG000726,HTL002,GST00007,2024-08-11,Post-stay Survey,4.3,4.2,4.6,4.7,4.5,Lovely weekend,Yes
REV000190,BKG000727,HTL002,GST01021,2026-09-02,Post-stay Survey,3.5,3.7,3.9,3.6,3.7,Convenient hotel,Yes
REV000191,BKG000729,HTL001,GST00988,2025-12-08,Booking.com,3.8,4.8,3.8,4.4,3.5,Fine for a short stay,Yes
REV000192,BKG000730,HTL004,GST00658,2024-04-16,Google,5,5,4.9,5,4.7,Lovely weekend,Yes
REV000193,BKG000731,HTL003,GST00252,2024-05-08,Google,3.4,3.3,3.1,3.9,2.8,Comfortable stay,No
REV000194,BKG000734,HTL004,GST00502,2026-08-24,Google,3.4,2.9,3,4,3.1,Solid city break,Yes
REV000195,BKG000736,HTL005,GST01198,2024-08-15,Booking.com,4.6,4.3,4.7,4.6,4.9,Good business stay,Yes
REV000196,BKG000738,HTL006,GST00880,2024-05-04,Tripadvisor,4.5,5,4.1,5,3.8,Very comfortable,No
REV000197,BKG000746,HTL004,GST00347,2025-07-25,Post-stay Survey,4.2,3.8,4.2,4,4.2,Clean and convenient,Yes
REV000198,BKG000747,HTL003,GST00562,2025-04-08,Post-stay Survey,4.7,5,5,4.6,4.2,Clean and convenient,Yes
REV000199,BKG000749,HTL005,GST00230,2026-04-09,Google,4.9,4.7,5,4.7,5,Very comfortable,Yes
REV000200,BKG000750,HTL005,GST00285,2024-05-06,Google,3.7,3.9,3.4,3.2,3.4,Good overall,Yes
REV000201,BKG000752,HTL004,GST01225,2025-12-20,Booking.com,4.6,4.6,5,4.7,4.7,Very comfortable,Yes
REV000202,BKG000755,HTL002,GST00898,2024-01-27,Google,4.2,4.1,4,4,3.4,Lovely weekend,Yes
REV000203,BKG000757,HTL003,GST01341,2024-05-08,Google,3.1,3.3,3.4,3.2,2.2,Mixed experience,Yes
REV000204,BKG000758,HTL004,GST01511,2024-08-31,Post-stay Survey,3.7,3.2,3.8,3.9,2.9,Mostly positive,No
REV000205,BKG000759,HTL003,GST00879,2024-07-18,Booking.com,3.4,3.9,4,3.9,3.2,Convenient hotel,No
REV000206,BKG000760,HTL001,GST01248,2024-09-30,Booking.com,5,5,4.9,3.9,5,Clean and convenient,Yes
REV000207,BKG000763,HTL001,GST00090,2024-10-21,Booking.com,4.2,4,3.9,4.6,3.7,Great stay,Yes
REV000208,BKG000767,HTL004,GST02232,2025-06-25,Tripadvisor,5,5,4.7,4,5,Great stay,Yes
REV000209,BKG000768,HTL004,GST01687,2026-08-02,Post-stay Survey,4,3.8,3.6,3.7,3.4,Solid city break,Yes
REV000210,BKG000770,HTL001,GST01742,2026-05-28,Google,4.3,4.7,3.9,4.2,5,Friendly team,Yes
REV000211,BKG000775,HTL005,GST00282,2026-01-09,Expedia,4.1,4.7,3.9,3.8,4,Solid city break,Yes
REV000212,BKG000776,HTL003,GST00112,2025-02-01,Tripadvisor,4.7,4.2,4.8,4.2,4,Good business stay,Yes
REV000213,BKG000778,HTL001,GST01261,2025-06-29,Google,5,4.5,4.6,4.2,4.9,Friendly team,No
REV000214,BKG000781,HTL004,GST00569,2025-08-25,Booking.com,4.5,5,4.4,4.4,3.6,Clean and convenient,Yes
REV000215,BKG000790,HTL003,GST02222,2025-01-04,Google,4.7,4.7,4.8,5,5,Clean and convenient,Yes
REV000216,BKG000792,HTL004,GST01853,2025-03-18,Post-stay Survey,4.4,4.3,5,4.4,3.6,Friendly team,Yes
REV000217,BKG000803,HTL001,GST00303,2024-08-05,Post-stay Survey,5,4.7,4.9,4.8,5,Very comfortable,Yes
REV000218,BKG000804,HTL001,GST01189,2024-04-21,Google,4.2,4.3,4.3,4.1,4.1,Would stay again,Yes
REV000219,BKG000806,HTL003,GST00109,2025-11-13,Booking.com,3.5,3.8,4.1,3.4,4,Mostly positive,Yes
REV000220,BKG000809,HTL002,GST00489,2025-11-03,Google,3,3.4,3.4,3.5,2.4,Disappointing stay,Yes
REV000221,BKG000816,HTL001,GST00011,2024-05-21,Tripadvisor,3.9,3.9,3.5,4.3,4.5,Convenient hotel,Yes
REV000222,BKG000818,HTL006,GST00193,2025-12-11,Post-stay Survey,3.1,3.4,3.4,3.7,3.3,Could be better,Yes
REV000223,BKG000819,HTL002,GST00847,2025-03-30,Tripadvisor,4.6,4.7,4.2,4.5,5,Good business stay,No
REV000224,BKG000820,HTL003,GST00588,2026-06-06,Post-stay Survey,4.5,4.9,5,3.8,4.4,Great stay,Yes
REV000225,BKG000822,HTL002,GST00164,2024-06-05,Tripadvisor,3.7,3.8,3.9,4.2,2.5,Good overall,Yes
REV000226,BKG000830,HTL001,GST00457,2025-06-07,Google,5,5,5,4.6,4,Would stay again,Yes
REV000227,BKG000832,HTL002,GST00119,2026-04-27,Expedia,3.7,3.7,3.5,3.8,3.5,Comfortable stay,Yes
REV000228,BKG000841,HTL002,GST01029,2024-01-15,Booking.com,3.8,3.2,3.1,3.7,3.7,Fine for a short stay,No
REV000229,BKG000847,HTL001,GST01058,2024-02-25,Booking.com,3.5,3.6,3.2,3.8,3.1,Solid city break,Yes
REV000230,BKG000850,HTL002,GST00230,2026-07-23,Post-stay Survey,4.6,5,5,4.9,4.7,Excellent location,No
REV000231,BKG000851,HTL005,GST00066,2024-07-22,Google,5,5,5,4.8,4.9,Great stay,Yes
REV000232,BKG000854,HTL006,GST00077,2024-03-28,Google,4.5,5,4.6,5,3.9,Clean and convenient,Yes
REV000233,BKG000855,HTL001,GST00031,2024-10-10,Tripadvisor,4.3,4.9,4.2,4.6,4.7,Friendly team,Yes
REV000234,BKG000856,HTL004,GST00655,2025-07-23,Booking.com,4.4,3.6,4.5,4.7,4.2,Would stay again,Yes
REV000235,BKG000860,HTL005,GST01154,2025-04-30,Booking.com,4.3,3.9,4.9,4.5,4.5,Excellent location,No
REV000236,BKG000870,HTL005,GST01127,2025-08-18,Tripadvisor,3.9,3.5,3.8,4.9,4.2,Solid city break,Yes
REV000237,BKG000872,HTL002,GST00497,2024-08-30,Post-stay Survey,5,5,5,4.3,4.3,Lovely weekend,Yes
REV000238,BKG000873,HTL001,GST01108,2024-12-06,Expedia,4.9,5,4.9,4.8,5,Friendly team,Yes
REV000239,BKG000878,HTL003,GST01742,2025-10-21,Tripadvisor,3.6,3.6,3.3,3.8,3.6,Solid city break,Yes
REV000240,BKG000879,HTL001,GST00251,2026-07-09,Post-stay Survey,3.7,3.6,3.4,4.4,3.3,Fine for a short stay,Yes
REV000241,BKG000894,HTL001,GST00559,2025-02-15,Google,5,5,4.5,4.7,5,Would stay again,Yes
REV000242,BKG000904,HTL003,GST00318,2025-11-24,Expedia,5,4.5,5,5,5,Excellent location,Yes
REV000243,BKG000906,HTL005,GST02054,2025-02-17,Post-stay Survey,3.8,3.5,4,3.8,4.2,Fine for a short stay,No
REV000244,BKG000909,HTL004,GST00320,2026-04-23,Expedia,4.3,4.9,4.7,4.3,4.5,Good business stay,Yes
REV000245,BKG000914,HTL003,GST00497,2024-09-06,Post-stay Survey,3,3.6,3.5,3.1,2.6,Could be better,No
REV000246,BKG000916,HTL004,GST01885,2025-07-27,Post-stay Survey,5,5,5,4.7,5,Excellent location,No
REV000247,BKG000921,HTL004,GST01981,2024-07-11,Google,3.5,3.7,3.1,3.7,3.4,Fine for a short stay,Yes
REV000248,BKG000925,HTL002,GST00543,2024-09-20,Tripadvisor,4.1,3.6,3.9,4,3.6,Solid city break,Yes
REV000249,BKG000931,HTL005,GST00670,2026-04-12,Post-stay Survey,4.8,5,4.7,4.7,4.5,Great stay,Yes
REV000250,BKG000932,HTL003,GST00025,2025-08-28,Google,5,4.6,5,5,5,Very comfortable,Yes
REV000251,BKG000933,HTL001,GST00983,2026-08-18,Tripadvisor,3.7,3.6,3.7,3.9,3.8,Mostly positive,Yes
REV000252,BKG000938,HTL001,GST00877,2025-11-16,Post-stay Survey,3.6,3.5,4,3.7,3.9,Fine for a short stay,Yes
REV000253,BKG000943,HTL005,GST00461,2026-07-12,Booking.com,4.8,5,4.5,4.7,5,Lovely weekend,Yes
REV000254,BKG000946,HTL002,GST01694,2025-12-28,Expedia,3.5,4.2,2.9,3.5,3.7,Fine for a short stay,Yes
REV000255,BKG000948,HTL003,GST00080,2026-08-20,Google,4.8,4.6,4.3,4.8,4.6,Very comfortable,No
REV000256,BKG000949,HTL002,GST01281,2025-01-08,Expedia,4.3,4,4.1,4,4,Clean and convenient,No
REV000257,BKG000950,HTL003,GST00297,2024-09-14,Google,4.7,4.7,5,4.8,4.6,Friendly team,Yes
REV000258,BKG000951,HTL006,GST00260,2026-05-28,Post-stay Survey,4.6,4.4,4.8,4.6,4.3,Very comfortable,Yes
REV000259,BKG000953,HTL003,GST01040,2024-10-08,Booking.com,3.4,3.1,3.6,3.3,3.4,Good overall,Yes
REV000260,BKG000954,HTL003,GST00174,2025-08-17,Google,3.8,3.3,3.7,3.6,3.6,Mostly positive,Yes
REV000261,BKG000956,HTL004,GST01008,2025-01-09,Tripadvisor,4.4,4,4.2,4.5,4.1,Lovely weekend,Yes
REV000262,BKG000963,HTL002,GST00043,2024-08-04,Tripadvisor,4.2,4.6,4.6,4.9,4.8,Good business stay,Yes
REV000263,BKG000964,HTL005,GST00478,2025-09-10,Tripadvisor,3.8,3.9,4.3,2.9,4.2,Good overall,Yes
REV000264,BKG000967,HTL003,GST01227,2026-02-04,Tripadvisor,3.4,3.6,3.7,4,2.9,Good overall,No
REV000265,BKG000968,HTL005,GST01960,2025-11-13,Booking.com,3.4,3.6,3.7,3.3,3,Good overall,Yes
REV000266,BKG000969,HTL005,GST01606,2025-05-09,Google,3.6,3.9,3.7,4,3.6,Good overall,Yes
REV000267,BKG000971,HTL006,GST01776,2026-01-24,Tripadvisor,4.1,4.2,4.4,4.4,4.1,Convenient hotel,Yes
REV000268,BKG000975,HTL002,GST00027,2024-12-12,Booking.com,5,5,4.5,4.3,4.9,Lovely weekend,No
REV000269,BKG000982,HTL006,GST01486,2026-01-30,Tripadvisor,4.9,4.8,4.6,4.8,5,Clean and convenient,Yes
REV000270,BKG000984,HTL002,GST01286,2025-10-18,Google,4.1,3.9,3.8,4.2,4.4,Comfortable stay,Yes
REV000271,BKG000987,HTL002,GST01537,2024-12-21,Google,4.1,3.8,4.3,4.1,4,Fine for a short stay,No
REV000272,BKG000996,HTL005,GST01831,2025-04-26,Post-stay Survey,3.6,3.4,2.6,3.9,3.9,Solid city break,No
REV000273,BKG000998,HTL003,GST01662,2025-07-29,Tripadvisor,3.8,4.4,4,3.9,4,Fine for a short stay,Yes
REV000274,BKG001006,HTL002,GST00047,2025-07-26,Expedia,3.7,3.8,3.4,4.3,3.8,Mostly positive,Yes
REV000275,BKG001008,HTL004,GST00337,2026-06-25,Post-stay Survey,3.5,3.3,3.7,3.9,2.9,Convenient hotel,Yes
REV000276,BKG001011,HTL003,GST00890,2025-06-04,Post-stay Survey,3.9,4.3,3.7,4.2,3.7,Mostly positive,Yes
REV000277,BKG001017,HTL001,GST00007,2025-03-10,Post-stay Survey,3.8,3.6,3.1,4.2,4.1,Good overall,Yes
REV000278,BKG001019,HTL004,GST00947,2024-07-08,Post-stay Survey,4.4,4.9,3.8,5,4.9,Good business stay,No
REV000279,BKG001020,HTL006,GST00268,2025-08-08,Google,3.7,3.9,3.7,3.9,3.4,Solid city break,Yes
REV000280,BKG001027,HTL001,GST01078,2026-02-07,Tripadvisor,4.3,3.5,4.3,4,4.6,Lovely weekend,Yes
REV000281,BKG001030,HTL003,GST01111,2026-08-05,Expedia,3.8,3.7,3.5,3.3,4.1,Solid city break,Yes
REV000282,BKG001035,HTL005,GST01106,2026-01-26,Tripadvisor,3.4,3.7,3.5,3.4,3.8,Convenient hotel,Yes
REV000283,BKG001038,HTL001,GST01239,2025-10-09,Expedia,3.5,4,4,3.9,3.6,Comfortable stay,Yes
REV000284,BKG001041,HTL003,GST01244,2025-10-13,Google,5,5,4.3,4.7,4.3,Clean and convenient,Yes
REV000285,BKG001042,HTL005,GST01246,2025-06-19,Booking.com,5,5,5,5,5,Great stay,No
REV000286,BKG001047,HTL006,GST01339,2024-03-09,Expedia,4.1,5,3.7,4.1,4.5,Mostly positive,Yes
REV000287,BKG001052,HTL002,GST00053,2025-07-05,Google,3.1,2.9,2.7,3.6,3.2,Needs improvement,Yes
REV000288,BKG001055,HTL003,GST00555,2024-10-02,Booking.com,4.5,4.8,4.7,4.5,4.5,Friendly team,Yes
REV000289,BKG001059,HTL004,GST01749,2026-08-10,Expedia,2.8,3.1,2.1,2.9,2.3,Not as expected,Yes
REV000290,BKG001062,HTL006,GST00046,2025-09-02,Post-stay Survey,4.5,4.5,5,5,4.2,Very comfortable,Yes
REV000291,BKG001067,HTL005,GST00770,2025-07-13,Expedia,3.8,4,4.2,3.8,3,Mostly positive,Yes
REV000292,BKG001069,HTL001,GST00427,2025-08-03,Booking.com,5,5,4.5,4.3,5,Clean and convenient,No
REV000293,BKG001072,HTL003,GST00025,2024-11-25,Google,4.6,4.6,4.2,4.9,5,Great stay,Yes
REV000294,BKG001073,HTL005,GST00933,2026-02-21,Booking.com,4.1,3.8,4.3,4,3.2,Solid city break,Yes
REV000295,BKG001074,HTL003,GST00462,2025-11-10,Booking.com,4.1,3.8,4.5,4.8,4,Good overall,Yes
REV000296,BKG001075,HTL003,GST01612,2026-07-10,Expedia,4.4,4.3,5,4,3.7,Great stay,Yes
REV000297,BKG001076,HTL003,GST02281,2025-09-15,Expedia,4.1,3.9,4.7,4.4,4.4,Mostly positive,Yes
REV000298,BKG001077,HTL002,GST00417,2025-01-16,Post-stay Survey,3.5,3.2,3.7,3.3,3.7,Comfortable stay,Yes
REV000299,BKG001081,HTL005,GST00640,2024-09-18,Post-stay Survey,4.2,4.6,4,4.1,3.9,Good business stay,Yes
REV000300,BKG001082,HTL001,GST01427,2025-07-23,Expedia,4.6,4.5,5,4.5,5,Lovely weekend,Yes
REV000301,BKG001083,HTL003,GST00942,2025-05-15,Expedia,4.2,4.8,3.3,4.3,4.2,Lovely weekend,Yes
REV000302,BKG001094,HTL003,GST00114,2026-07-07,Google,3.8,4.5,4.6,4.1,3.6,Good overall,Yes
REV000303,BKG001100,HTL002,GST00250,2025-04-28,Tripadvisor,4.8,5,4.8,4.6,4,Excellent location,Yes
REV000304,BKG001102,HTL001,GST00626,2026-03-28,Post-stay Survey,5,5,5,5,5,Would stay again,No
REV000305,BKG001105,HTL001,GST00727,2025-07-10,Expedia,4.7,4.5,4.3,5,4.1,Great stay,No
REV000306,BKG001107,HTL005,GST01875,2025-06-30,Post-stay Survey,3.6,4.3,3.2,3.3,3,Fine for a short stay,Yes
REV000307,BKG001111,HTL004,GST01983,2025-08-03,Expedia,5,5,5,4.9,4.9,Great stay,Yes
REV000308,BKG001116,HTL003,GST02277,2025-07-12,Google,4.1,4.2,3.8,4.5,3.3,Convenient hotel,No
REV000309,BKG001118,HTL002,GST01717,2026-01-21,Post-stay Survey,4.8,5,4,4.8,5,Great stay,Yes
REV000310,BKG001123,HTL004,GST00737,2024-03-08,Expedia,3.7,3.5,3.5,3.5,3.8,Solid city break,No
REV000311,BKG001126,HTL006,GST00489,2026-08-25,Post-stay Survey,4.5,4.7,4.1,4.3,5,Lovely weekend,Yes
REV000312,BKG001128,HTL004,GST00460,2025-09-08,Tripadvisor,3.7,3.2,4.6,3.7,3.4,Good overall,Yes
REV000313,BKG001131,HTL005,GST00307,2025-05-09,Google,3.8,4.4,3.8,3.5,3.3,Convenient hotel,No
REV000314,BKG001133,HTL003,GST00182,2024-02-08,Tripadvisor,4.6,5,4.4,4.7,4.6,Good business stay,No
REV000315,BKG001134,HTL005,GST01153,2026-05-19,Google,4.2,4.7,4.4,5,4.8,Excellent location,Yes
REV000316,BKG001135,HTL004,GST00833,2026-09-02,Tripadvisor,5,4.8,4.9,4.6,4.8,Clean and convenient,Yes
REV000317,BKG001142,HTL004,GST01904,2026-08-10,Tripadvisor,5,4.4,4.6,4.6,4.8,Great stay,Yes
REV000318,BKG001144,HTL002,GST01758,2024-09-28,Post-stay Survey,3.6,3.6,4,3.5,4,Solid city break,Yes
REV000319,BKG001151,HTL001,GST00587,2024-04-18,Tripadvisor,3.6,3.7,3.6,4.3,3.4,Solid city break,Yes
REV000320,BKG001155,HTL004,GST00958,2024-08-12,Post-stay Survey,3.4,3.4,3.8,3.8,3.5,Comfortable stay,Yes
REV000321,BKG001158,HTL005,GST00020,2026-08-11,Post-stay Survey,3.6,3.7,3.5,3.9,3.6,Mostly positive,Yes
REV000322,BKG001164,HTL001,GST01342,2026-02-05,Expedia,4.9,5,4.8,4.8,5,Good business stay,Yes
REV000323,BKG001165,HTL002,GST00029,2025-02-01,Booking.com,3,2.8,3.2,3.2,2,Needs improvement,Yes
REV000324,BKG001166,HTL002,GST01491,2025-05-15,Post-stay Survey,4.8,4.9,5,5,4.6,Excellent location,Yes
REV000325,BKG001173,HTL003,GST00369,2025-04-26,Google,2.9,3.4,2.6,3.5,2.1,Could be better,No
REV000326,BKG001180,HTL001,GST01314,2025-09-05,Booking.com,4.4,4.5,4.7,4.2,4.7,Would stay again,Yes
REV000327,BKG001181,HTL004,GST00494,2026-03-08,Google,4.2,4,3.9,4.2,4.3,Lovely weekend,Yes
REV000328,BKG001185,HTL001,GST01364,2025-09-27,Tripadvisor,5,5,5,4.9,5,Lovely weekend,Yes
REV000329,BKG001186,HTL001,GST01500,2026-05-08,Tripadvisor,5,5,4.7,4.6,4.3,Excellent location,No
REV000330,BKG001189,HTL002,GST00350,2024-07-24,Expedia,2.9,2.8,2.8,3.6,2.1,Mixed experience,Yes
REV000331,BKG001192,HTL005,GST00772,2026-09-06,Tripadvisor,4.6,5,4.7,5,4.2,Friendly team,Yes
REV000332,BKG001193,HTL002,GST02048,2024-08-13,Google,4.3,4,4.3,4.9,4.4,Lovely weekend,Yes
REV000333,BKG001194,HTL001,GST01522,2025-09-01,Booking.com,3.8,4.1,4.7,4,4.3,Fine for a short stay,No
REV000334,BKG001202,HTL006,GST00107,2024-04-29,Tripadvisor,4.5,4.2,4.6,4.9,4.1,Great stay,No
REV000335,BKG001205,HTL001,GST00373,2024-11-28,Google,4.8,4.5,4.3,5,4.6,Friendly team,Yes
REV000336,BKG001210,HTL006,GST00219,2024-04-15,Tripadvisor,3.9,4,2.9,4.3,3.7,Good overall,Yes
REV000337,BKG001211,HTL005,GST01147,2026-04-26,Google,4.6,4.7,4.7,4.8,4.1,Clean and convenient,Yes
REV000338,BKG001222,HTL002,GST01251,2024-11-04,Post-stay Survey,4.2,3.9,4.5,4.5,4.4,Friendly team,No
REV000339,BKG001224,HTL005,GST00062,2025-01-15,Expedia,4,4.2,4.6,4,3.5,Solid city break,Yes
REV000340,BKG001233,HTL001,GST00101,2026-09-06,Google,4.7,5,5,4.7,5,Would stay again,Yes
REV000341,BKG001236,HTL004,GST00010,2025-09-16,Google,4.5,4.6,4.1,4.5,3.8,Would stay again,Yes
REV000342,BKG001237,HTL004,GST00524,2026-08-24,Google,4.4,4.5,4.2,4.5,3.3,Excellent location,Yes
REV000343,BKG001241,HTL005,GST00519,2025-06-20,Expedia,5,5,4.6,4.7,5,Great stay,Yes
REV000344,BKG001246,HTL006,GST00078,2024-09-01,Tripadvisor,4.4,4.6,4.5,4.9,4.5,Friendly team,Yes
REV000345,BKG001247,HTL001,GST01294,2025-04-07,Post-stay Survey,3.3,3.2,3.3,3.8,3.5,Comfortable stay,Yes
REV000346,BKG001250,HTL003,GST00483,2025-07-14,Post-stay Survey,3.7,3.8,4.1,4.1,4.1,Convenient hotel,No
REV000347,BKG001251,HTL002,GST01436,2024-08-22,Expedia,4.6,5,4.4,4.6,3.7,Clean and convenient,No
REV000348,BKG001254,HTL004,GST00065,2024-05-12,Expedia,5,5,4.8,5,5,Lovely weekend,Yes
REV000349,BKG001256,HTL001,GST00264,2026-08-24,Expedia,4.2,4.6,3,4.2,3.8,Great stay,Yes
REV000350,BKG001257,HTL001,GST00795,2024-05-12,Tripadvisor,3.8,3.3,3.4,3.5,4.5,Comfortable stay,Yes
REV000351,BKG001259,HTL003,GST01478,2024-07-13,Post-stay Survey,2.5,2.7,2.8,2.6,2.2,Disappointing stay,Yes
REV000352,BKG001260,HTL001,GST01781,2025-12-17,Google,4.2,3.9,4.1,4.1,3.6,Excellent location,Yes
REV000353,BKG001264,HTL002,GST01258,2026-06-28,Booking.com,3.8,4.2,3.5,4,3.6,Comfortable stay,No
REV000354,BKG001267,HTL005,GST02250,2024-08-02,Tripadvisor,4.6,4.8,4.2,4.8,4.6,Friendly team,No
REV000355,BKG001268,HTL003,GST00907,2024-10-05,Expedia,4.5,4.7,5,5,4.1,Would stay again,Yes
REV000356,BKG001272,HTL006,GST00515,2024-08-15,Booking.com,5,5,5,4.3,4.7,Would stay again,Yes
REV000357,BKG001274,HTL004,GST00050,2024-07-03,Post-stay Survey,3.5,3.7,3.9,3.9,3.5,Comfortable stay,Yes
REV000358,BKG001280,HTL006,GST00793,2024-07-19,Booking.com,3.7,4.2,4,3.5,4.2,Good overall,Yes
REV000359,BKG001281,HTL004,GST00374,2025-07-01,Google,4.1,4.4,4.1,3.8,4.4,Fine for a short stay,Yes
REV000360,BKG001283,HTL003,GST00069,2026-02-11,Google,3.4,3.5,2.7,3.7,3.2,Mostly positive,Yes
REV000361,BKG001288,HTL003,GST01940,2025-12-28,Expedia,4,4.6,3.6,3.7,4.1,Convenient hotel,Yes
REV000362,BKG001289,HTL002,GST00264,2026-07-14,Google,3.8,3.4,4,4.6,3.9,Comfortable stay,Yes
REV000363,BKG001305,HTL001,GST00623,2026-03-26,Expedia,4.5,4.8,5,4.8,4.6,Friendly team,No
REV000364,BKG001308,HTL002,GST00074,2024-03-26,Google,4.7,4.6,5,4.8,4.3,Clean and convenient,Yes
REV000365,BKG001311,HTL005,GST00032,2024-08-26,Google,4.2,4.5,4.5,4.2,4.7,Good business stay,Yes
REV000366,BKG001315,HTL001,GST00662,2024-04-15,Google,4.3,5,4.6,4.9,4.3,Very comfortable,No
REV000367,BKG001323,HTL004,GST00483,2024-04-17,Tripadvisor,5,5,5,4.9,4.8,Very comfortable,Yes
REV000368,BKG001326,HTL001,GST02137,2026-07-10,Expedia,5,4.9,5,4.7,4.5,Friendly team,Yes
REV000369,BKG001327,HTL001,GST00257,2024-10-29,Post-stay Survey,4.8,4.8,4.6,4.5,4.4,Clean and convenient,Yes
REV000370,BKG001328,HTL005,GST00409,2024-12-12,Tripadvisor,4.7,4.5,4.5,4.9,5,Good business stay,Yes
REV000371,BKG001329,HTL006,GST02287,2024-09-02,Expedia,3,2.7,3.5,3.1,3.4,Not as expected,Yes
REV000372,BKG001337,HTL005,GST01650,2025-05-31,Expedia,4.5,4.3,4.8,4.6,4.8,Clean and convenient,Yes
REV000373,BKG001339,HTL002,GST00608,2025-06-20,Tripadvisor,3.8,4,3.9,4.3,3.4,Fine for a short stay,Yes
REV000374,BKG001342,HTL002,GST00002,2026-06-16,Google,4.4,4.3,3.3,4.5,4.6,Great stay,Yes
REV000375,BKG001344,HTL002,GST01373,2025-12-08,Tripadvisor,4.5,5,4.4,4.4,4.5,Very comfortable,Yes
REV000376,BKG001350,HTL004,GST01088,2025-03-13,Tripadvisor,4.2,4,4.7,4.5,3.6,Lovely weekend,No
REV000377,BKG001352,HTL005,GST00468,2026-02-15,Post-stay Survey,4.1,3.7,4.5,4.8,4.1,Convenient hotel,No
REV000378,BKG001356,HTL006,GST01481,2024-05-07,Booking.com,4.1,4.1,3.9,4.5,3.5,Fine for a short stay,Yes
REV000379,BKG001359,HTL005,GST01296,2025-10-30,Google,4,4.1,4,4.4,5,Solid city break,Yes
REV000380,BKG001360,HTL003,GST02149,2025-02-12,Google,4,4.2,3.7,4.1,3.3,Comfortable stay,No
REV000381,BKG001361,HTL001,GST00623,2024-09-17,Expedia,4,4,4.2,4.4,4,Convenient hotel,Yes
REV000382,BKG001366,HTL006,GST01113,2024-10-09,Post-stay Survey,3.3,3.1,3.1,3.5,4,Good overall,Yes
REV000383,BKG001371,HTL006,GST00595,2026-04-27,Booking.com,3.9,4.8,4.5,3.5,5,Convenient hotel,Yes
REV000384,BKG001375,HTL006,GST00074,2024-05-07,Booking.com,3.7,4,3.9,4,3.8,Mostly positive,Yes
REV000385,BKG001376,HTL004,GST01296,2026-05-11,Booking.com,3.7,3,3.7,3.9,3.9,Convenient hotel,Yes
REV000386,BKG001377,HTL003,GST00440,2025-01-08,Expedia,3.8,3.7,3.2,3.7,3.4,Mostly positive,Yes
REV000387,BKG001386,HTL006,GST01319,2026-06-27,Post-stay Survey,5,5,5,4.8,4.6,Clean and convenient,Yes
REV000388,BKG001391,HTL001,GST01726,2024-12-15,Tripadvisor,5,4.8,4.9,4.4,4.9,Great stay,Yes
REV000389,BKG001392,HTL001,GST00085,2025-01-27,Tripadvisor,3.4,4,3.9,3.4,3.1,Comfortable stay,No
REV000390,BKG001393,HTL005,GST00152,2025-11-14,Post-stay Survey,5,5,5,5,4.2,Lovely weekend,Yes
REV000391,BKG001396,HTL001,GST00230,2024-03-06,Google,3.8,3.5,4.5,4.5,3.2,Convenient hotel,Yes
REV000392,BKG001402,HTL001,GST00237,2025-01-09,Google,3,3,3.1,4,3.6,Disappointing stay,Yes
REV000393,BKG001404,HTL005,GST00629,2025-05-21,Tripadvisor,4.3,4.6,5,3.8,4.6,Would stay again,Yes
REV000394,BKG001413,HTL004,GST01481,2025-03-17,Google,4.4,4.1,4.3,4.2,4.3,Excellent location,Yes
REV000395,BKG001417,HTL001,GST01014,2024-01-21,Tripadvisor,4.5,4.8,4.6,4.2,4.5,Very comfortable,Yes
REV000396,BKG001423,HTL001,GST01677,2025-09-06,Google,4.2,4.6,3.9,4,4.4,Would stay again,Yes
REV000397,BKG001427,HTL003,GST02053,2025-11-23,Booking.com,3.3,2.5,3.3,3.3,2.9,Comfortable stay,Yes
REV000398,BKG001441,HTL004,GST00805,2026-04-18,Booking.com,4.5,4.1,4.7,4.4,4.9,Lovely weekend,No
REV000399,BKG001445,HTL003,GST00133,2025-08-06,Post-stay Survey,5,5,5,4.8,5,Friendly team,Yes
REV000400,BKG001446,HTL006,GST00025,2024-01-15,Tripadvisor,4.5,5,3.4,4.3,4,Would stay again,Yes
REV000401,BKG001454,HTL003,GST01852,2024-11-22,Post-stay Survey,4.2,5,4.2,4.4,3.4,Excellent location,No
REV000402,BKG001455,HTL001,GST01526,2025-08-17,Booking.com,4.9,4.7,4.1,4.3,4.1,Very comfortable,No
REV000403,BKG001462,HTL005,GST00253,2026-04-03,Google,3.4,4,3.1,3.6,4.2,Convenient hotel,Yes
REV000404,BKG001465,HTL001,GST01850,2025-03-21,Google,4.9,4.9,4.9,4.5,4.6,Great stay,Yes
REV000405,BKG001467,HTL002,GST01384,2025-09-14,Expedia,4.3,3.9,4.1,4.8,4.4,Clean and convenient,Yes
REV000406,BKG001468,HTL004,GST00012,2024-08-09,Booking.com,4,3.7,3.8,4,4,Mostly positive,Yes
REV000407,BKG001475,HTL004,GST00001,2025-06-19,Google,4.3,4.4,4.3,4.3,3.8,Excellent location,Yes
REV000408,BKG001480,HTL004,GST00094,2024-08-03,Expedia,3.9,3.5,4.7,4.1,3.5,Mostly positive,No
REV000409,BKG001489,HTL001,GST00400,2025-10-17,Booking.com,4.5,4.3,4,4.5,4,Lovely weekend,Yes
REV000410,BKG001495,HTL003,GST00093,2024-07-14,Tripadvisor,4.1,4.1,3.5,4.7,3.7,Solid city break,Yes
REV000411,BKG001498,HTL005,GST01041,2025-06-07,Expedia,3.9,3.5,4.2,3.6,3.5,Comfortable stay,Yes
REV000412,BKG001501,HTL004,GST00071,2024-04-03,Booking.com,5,5,5,5,4.6,Good business stay,Yes
REV000413,BKG001502,HTL002,GST00931,2026-06-06,Tripadvisor,5,5,5,5,4.6,Clean and convenient,No
REV000414,BKG001506,HTL004,GST00193,2024-01-21,Google,4.9,5,4.8,5,4.7,Excellent location,Yes
REV000415,BKG001507,HTL001,GST01257,2025-06-11,Expedia,4.3,4.6,4.1,4,3.1,Great stay,Yes
REV000416,BKG001508,HTL006,GST01224,2025-02-04,Google,4.3,4.4,3.5,4.7,4.5,Good business stay,No
REV000417,BKG001513,HTL001,GST00709,2025-07-23,Post-stay Survey,4.5,4.9,5,5,4.8,Would stay again,Yes
REV000418,BKG001514,HTL003,GST00113,2025-10-06,Booking.com,4.6,5,3.8,4.7,4.1,Lovely weekend,Yes
REV000419,BKG001516,HTL003,GST01330,2024-04-21,Expedia,3.8,3.3,4.1,3.9,3.3,Mostly positive,Yes
REV000420,BKG001517,HTL001,GST01127,2025-09-10,Google,5,5,4.9,4.3,5,Great stay,Yes
REV000421,BKG001519,HTL003,GST00778,2024-02-11,Booking.com,4.1,4,3.7,4.1,3.3,Solid city break,Yes
REV000422,BKG001521,HTL002,GST00115,2025-09-26,Post-stay Survey,4.4,4.6,3.9,4.4,4.9,Clean and convenient,No
REV000423,BKG001523,HTL001,GST01079,2024-05-13,Google,4.7,4.7,4.8,4.8,4.6,Great stay,Yes
REV000424,BKG001524,HTL001,GST01701,2025-10-28,Google,4.1,4.6,4.9,4.1,4.1,Convenient hotel,Yes
REV000425,BKG001529,HTL005,GST00970,2024-09-07,Booking.com,3.5,3.4,3.6,3.6,3.7,Comfortable stay,Yes
REV000426,BKG001532,HTL003,GST00837,2025-09-05,Tripadvisor,4.6,5,4.4,4.7,4.4,Would stay again,Yes
REV000427,BKG001536,HTL006,GST01550,2024-09-15,Tripadvisor,4.4,4.2,4,5,4.5,Friendly team,Yes
REV000428,BKG001543,HTL002,GST01308,2026-05-08,Booking.com,4.6,4.8,4.5,4.5,4.6,Friendly team,Yes
REV000429,BKG001548,HTL001,GST01171,2026-08-16,Post-stay Survey,3.3,3.4,2.7,3.4,3.1,Mostly positive,No
REV000430,BKG001549,HTL002,GST01192,2024-04-18,Booking.com,4.5,4.9,4.9,4.9,4.5,Good business stay,Yes
REV000431,BKG001551,HTL006,GST01871,2025-03-21,Post-stay Survey,4.1,4.7,3.7,4.4,3.9,Good overall,Yes
REV000432,BKG001556,HTL002,GST00942,2025-09-23,Post-stay Survey,4.4,4.4,4.5,4.3,3.7,Excellent location,Yes
REV000433,BKG001557,HTL001,GST00028,2026-06-26,Tripadvisor,5,4.9,5,4.6,5,Would stay again,Yes
REV000434,BKG001567,HTL002,GST00497,2025-12-24,Google,3.6,4,3.5,3.7,3.4,Comfortable stay,Yes
REV000435,BKG001572,HTL004,GST00454,2024-11-25,Post-stay Survey,4.5,4.6,4.3,4.8,4.5,Good business stay,No
REV000436,BKG001580,HTL006,GST01839,2024-11-19,Expedia,3.8,4,4.5,3.9,4.2,Solid city break,Yes
REV000437,BKG001584,HTL003,GST00731,2025-08-09,Google,4.5,4.6,4.6,4.2,4.6,Great stay,Yes
REV000438,BKG001588,HTL006,GST00115,2026-07-28,Booking.com,3.2,3.3,2.8,3.1,2.8,Solid city break,Yes
REV000439,BKG001593,HTL001,GST00324,2025-12-11,Google,4.4,4.5,4.6,4.6,4.3,Lovely weekend,Yes
REV000440,BKG001596,HTL001,GST00791,2026-06-22,Booking.com,3.7,4.1,4.3,3.8,4.5,Comfortable stay,Yes
REV000441,BKG001597,HTL001,GST00007,2026-06-18,Google,4.5,4.5,4.8,4.1,4.6,Excellent location,Yes
REV000442,BKG001598,HTL004,GST00855,2025-10-07,Post-stay Survey,4.2,4.6,4.3,4.3,3.8,Very comfortable,Yes
REV000443,BKG001606,HTL003,GST02266,2026-05-12,Google,4.3,4.9,4.4,4.5,4.1,Excellent location,Yes
REV000444,BKG001607,HTL006,GST00559,2025-02-15,Expedia,3.8,3.7,3.6,4.4,3.7,Good overall,Yes
REV000445,BKG001609,HTL004,GST00215,2025-03-01,Post-stay Survey,4.5,4.5,4.3,4.6,4.3,Clean and convenient,Yes
REV000446,BKG001613,HTL006,GST00594,2025-09-19,Google,5,5,5,4.8,5,Friendly team,Yes
REV000447,BKG001623,HTL006,GST01512,2025-01-28,Google,5,4.8,4.9,4.5,4.1,Great stay,No
REV000448,BKG001624,HTL003,GST00111,2025-05-26,Expedia,3.7,3.8,3.2,3.5,3.9,Convenient hotel,Yes
REV000449,BKG001626,HTL006,GST00752,2025-08-15,Booking.com,5,5,5,4.8,5,Clean and convenient,Yes
REV000450,BKG001630,HTL003,GST01592,2024-08-25,Tripadvisor,5,4.8,4.9,4.3,5,Clean and convenient,Yes
REV000451,BKG001633,HTL003,GST00063,2025-09-24,Booking.com,3.8,3.5,3.6,4.1,3.9,Comfortable stay,Yes
REV000452,BKG001636,HTL006,GST02229,2024-03-12,Tripadvisor,3.7,3.9,3.4,3.3,3.3,Convenient hotel,Yes
REV000453,BKG001637,HTL006,GST01227,2026-08-01,Post-stay Survey,4.8,4.2,4.7,4.1,4.9,Clean and convenient,Yes
REV000454,BKG001644,HTL002,GST00837,2026-08-19,Booking.com,3,2.8,2.7,3,3,Needs improvement,Yes
REV000455,BKG001645,HTL003,GST00976,2026-07-31,Google,3.3,2.7,2.6,3.2,4,Fine for a short stay,Yes
REV000456,BKG001649,HTL001,GST00137,2025-02-11,Expedia,3.3,3.6,3.4,3.6,3.1,Mostly positive,Yes
REV000457,BKG001650,HTL005,GST01316,2024-05-24,Expedia,3.8,4.2,3.6,4.1,3.7,Solid city break,Yes
REV000458,BKG001653,HTL002,GST00616,2026-07-01,Tripadvisor,4.6,5,4.8,4.2,4.9,Excellent location,Yes
REV000459,BKG001655,HTL006,GST00840,2026-08-07,Google,3.3,3.1,3.2,3.8,3.4,Good overall,Yes
REV000460,BKG001658,HTL002,GST00105,2024-05-11,Google,4.1,4,4.2,4.4,3.9,Fine for a short stay,Yes
REV000461,BKG001664,HTL002,GST00286,2024-12-18,Post-stay Survey,3.8,3.9,3.3,3.4,3.7,Comfortable stay,Yes
REV000462,BKG001668,HTL002,GST01052,2024-07-30,Tripadvisor,4.4,4.4,4,4.8,4.5,Friendly team,Yes
REV000463,BKG001669,HTL001,GST00583,2024-05-24,Booking.com,4.2,4.1,4.6,4,3.9,Excellent location,Yes
REV000464,BKG001673,HTL004,GST00232,2025-01-20,Booking.com,5,5,4.6,4.3,4.1,Friendly team,Yes
REV000465,BKG001676,HTL005,GST01247,2026-06-22,Google,4.4,4.3,4.2,4.6,4.2,Friendly team,Yes
REV000466,BKG001677,HTL006,GST01250,2025-10-29,Tripadvisor,4.3,4,4.5,4.4,4.2,Friendly team,Yes
REV000467,BKG001684,HTL005,GST01885,2025-10-13,Google,4.2,4.5,5,4.1,4,Excellent location,Yes
REV000468,BKG001686,HTL003,GST00133,2025-08-02,Post-stay Survey,2.7,2.1,2.8,2.5,2.7,Disappointing stay,Yes
REV000469,BKG001687,HTL003,GST00563,2025-09-02,Google,3.5,4,2.9,3.7,3.3,Mostly positive,No
REV000470,BKG001688,HTL001,GST01429,2024-06-09,Booking.com,3.9,4,4.1,3.5,3.8,Fine for a short stay,Yes
REV000471,BKG001693,HTL001,GST01672,2024-09-05,Tripadvisor,4.7,4.1,5,4.6,5,Very comfortable,No
REV000472,BKG001695,HTL002,GST01340,2025-06-29,Post-stay Survey,3.2,2.7,3.3,3.3,2.8,Convenient hotel,No
REV000473,BKG001699,HTL001,GST01230,2024-06-17,Booking.com,5,5,4.1,5,4.1,Lovely weekend,No
REV000474,BKG001702,HTL005,GST01121,2025-05-04,Tripadvisor,4,4.5,3.6,3.6,4.1,Solid city break,Yes
REV000475,BKG001710,HTL004,GST00231,2024-11-19,Google,4.3,3.9,4.3,4.4,4.5,Lovely weekend,Yes
REV000476,BKG001715,HTL001,GST00143,2024-06-07,Expedia,4.9,5,5,4.8,4.9,Lovely weekend,Yes
REV000477,BKG001719,HTL004,GST00055,2026-08-24,Expedia,3.8,4.3,4.3,3.8,3.5,Good overall,Yes
REV000478,BKG001722,HTL001,GST00383,2025-11-26,Post-stay Survey,4.3,4.5,3.7,4.2,4.3,Great stay,Yes
REV000479,BKG001724,HTL004,GST01134,2025-09-24,Post-stay Survey,4.6,4.6,4.8,4.2,5,Clean and convenient,Yes
REV000480,BKG001726,HTL005,GST00947,2026-08-22,Tripadvisor,3.9,3.4,3.9,3.6,3.6,Solid city break,Yes
REV000481,BKG001733,HTL005,GST01205,2025-05-22,Expedia,3.2,2.3,3.1,3.3,3.9,Fine for a short stay,No
REV000482,BKG001734,HTL004,GST01216,2026-06-03,Booking.com,3.2,3,3.5,3.5,3.8,Mostly positive,Yes
REV000483,BKG001741,HTL001,GST01124,2024-05-06,Post-stay Survey,4.2,3.9,3.5,3.8,4.9,Would stay again,Yes
REV000484,BKG001743,HTL003,GST01503,2025-04-28,Tripadvisor,3.3,3.8,2.8,3.8,3.1,Convenient hotel,Yes
REV000485,BKG001748,HTL002,GST01474,2026-05-24,Post-stay Survey,3.5,4,3.4,3.6,3.3,Fine for a short stay,Yes
REV000486,BKG001749,HTL003,GST01109,2025-06-15,Booking.com,4,3.5,4.5,4.6,4.9,Solid city break,Yes
REV000487,BKG001775,HTL001,GST01620,2025-05-30,Expedia,4.1,4.9,3.7,4.1,3.8,Comfortable stay,No
REV000488,BKG001776,HTL003,GST00905,2026-04-19,Booking.com,4.4,4.1,5,4.4,4,Excellent location,Yes
REV000489,BKG001777,HTL006,GST00066,2025-09-01,Tripadvisor,4.2,4.1,3.8,4.6,3.8,Friendly team,Yes
REV000490,BKG001780,HTL002,GST01098,2026-03-28,Google,4.1,4.1,4.5,4.1,4.6,Fine for a short stay,Yes
REV000491,BKG001781,HTL004,GST01068,2024-02-24,Booking.com,4.1,3.9,3.9,3.7,5,Solid city break,Yes
REV000492,BKG001786,HTL005,GST00005,2025-09-24,Booking.com,3.1,3.9,3.3,3.4,3.3,Not as expected,Yes
REV000493,BKG001794,HTL006,GST01299,2025-10-20,Booking.com,4.5,4.5,4.6,4.3,4.4,Great stay,Yes
REV000494,BKG001795,HTL004,GST01750,2024-02-16,Booking.com,4.1,4.5,4.1,4.2,4,Mostly positive,Yes
REV000495,BKG001800,HTL002,GST01192,2025-12-11,Google,3.8,4.1,4.2,3.9,3.4,Comfortable stay,No
REV000496,BKG001808,HTL006,GST01524,2025-07-30,Post-stay Survey,5,4.9,4.7,5,4.7,Would stay again,Yes
REV000497,BKG001809,HTL004,GST01532,2024-06-10,Tripadvisor,4.5,4.4,4.2,4.4,4.3,Lovely weekend,Yes
REV000498,BKG001813,HTL006,GST01259,2024-05-26,Google,4.4,4.8,4.6,4.6,4.6,Would stay again,Yes
REV000499,BKG001814,HTL001,GST00037,2024-08-18,Post-stay Survey,5,4.7,5,4.8,4.6,Very comfortable,Yes
REV000500,BKG001823,HTL001,GST01635,2024-03-29,Post-stay Survey,4.6,4.9,4.3,4.9,3.8,Very comfortable,Yes
REV000501,BKG001825,HTL003,GST00019,2024-07-31,Expedia,3.3,3.5,3.4,3.9,2.9,Convenient hotel,Yes
REV000502,BKG001828,HTL004,GST01697,2025-08-27,Expedia,4,4,4.5,4.2,4.1,Convenient hotel,Yes
REV000503,BKG001829,HTL002,GST01850,2024-02-19,Booking.com,3.3,3.7,3,3.6,3.3,Convenient hotel,Yes
REV000504,BKG001830,HTL001,GST01115,2024-06-12,Booking.com,3.2,3.5,4,3.9,3,Convenient hotel,Yes
REV000505,BKG001832,HTL004,GST00831,2025-12-25,Tripadvisor,4.2,4.2,4.9,4.4,4.4,Lovely weekend,Yes
REV000506,BKG001835,HTL006,GST01319,2024-08-27,Booking.com,5,5,5,5,5,Great stay,Yes
REV000507,BKG001838,HTL003,GST01232,2026-04-25,Tripadvisor,4.1,3.5,4.1,3.4,4.6,Fine for a short stay,Yes
REV000508,BKG001839,HTL005,GST00039,2026-05-31,Google,4.4,4.3,5,4.7,3.6,Good business stay,Yes
REV000509,BKG001842,HTL003,GST01552,2026-05-31,Booking.com,4.1,3.6,4.1,4.6,3.7,Solid city break,Yes
REV000510,BKG001844,HTL006,GST00956,2024-11-11,Post-stay Survey,4,3.8,3.7,3.7,3.8,Solid city break,Yes
REV000511,BKG001849,HTL002,GST01575,2024-05-17,Booking.com,3.9,3.7,3.4,4,3.6,Convenient hotel,Yes
REV000512,BKG001851,HTL006,GST00353,2024-12-29,Booking.com,4.8,4.7,4.5,4.2,4.7,Good business stay,Yes
REV000513,BKG001852,HTL005,GST00759,2026-07-21,Google,3.3,2.7,3.6,2.9,3,Comfortable stay,Yes
REV000514,BKG001867,HTL004,GST00174,2026-04-28,Booking.com,5,5,4.8,4.7,4.9,Great stay,Yes
REV000515,BKG001869,HTL005,GST01019,2024-07-13,Booking.com,3.8,3.5,3.5,4.2,3.2,Solid city break,Yes
REV000516,BKG001871,HTL004,GST02228,2026-01-16,Tripadvisor,4.6,4.6,4.5,4.2,4,Friendly team,No
REV000517,BKG001872,HTL002,GST01715,2025-04-10,Booking.com,4.9,4.1,4.4,4.5,5,Very comfortable,Yes
REV000518,BKG001873,HTL003,GST00356,2025-05-05,Expedia,4.2,3.8,4.1,4.2,4.1,Clean and convenient,Yes
REV000519,BKG001874,HTL001,GST00442,2026-02-15,Post-stay Survey,4.6,4.5,5,4.2,4.8,Excellent location,Yes
REV000520,BKG001878,HTL003,GST00003,2025-03-21,Expedia,4.4,4.4,4.3,4.9,4.7,Friendly team,Yes
REV000521,BKG001881,HTL006,GST01737,2026-06-12,Booking.com,4.2,4.4,4,4,4.1,Good business stay,Yes
REV000522,BKG001882,HTL001,GST00375,2025-10-08,Google,4.3,5,3.6,4.6,4.4,Clean and convenient,Yes
REV000523,BKG001889,HTL001,GST00150,2024-11-16,Expedia,4.5,5,4.4,4.8,3.7,Friendly team,Yes
REV000524,BKG001891,HTL001,GST01225,2025-12-29,Booking.com,4.2,4.5,3.7,4.4,3.9,Lovely weekend,Yes
REV000525,BKG001892,HTL004,GST01008,2024-09-15,Booking.com,5,5,5,4.2,4.9,Clean and convenient,No
REV000526,BKG001894,HTL003,GST00345,2026-02-12,Post-stay Survey,5,5,5,5,4.8,Excellent location,Yes
REV000527,BKG001901,HTL003,GST00341,2024-03-13,Post-stay Survey,4.1,4.4,4.6,4.2,3.1,Solid city break,Yes
REV000528,BKG001905,HTL004,GST01862,2025-11-28,Tripadvisor,3.2,3.6,4,3.1,2.9,Fine for a short stay,Yes
REV000529,BKG001906,HTL006,GST00388,2024-09-04,Booking.com,3.6,3.5,2.5,3.7,3,Solid city break,Yes
REV000530,BKG001911,HTL004,GST00046,2024-11-26,Post-stay Survey,4.7,5,5,4.6,4.2,Friendly team,Yes
REV000531,BKG001913,HTL006,GST01898,2026-04-06,Tripadvisor,4.3,3.7,5,4.6,3.7,Lovely weekend,Yes
REV000532,BKG001924,HTL001,GST00003,2024-08-06,Post-stay Survey,3.8,4.2,4.6,4.3,4.3,Mostly positive,No
REV000533,BKG001935,HTL005,GST01916,2024-04-12,Google,3.8,4.1,4.6,4.7,2.5,Mostly positive,Yes
REV000534,BKG001938,HTL002,GST00941,2025-06-20,Tripadvisor,3.4,3.6,3.3,3.7,3.7,Fine for a short stay,No
REV000535,BKG001940,HTL003,GST00329,2025-11-05,Expedia,4.8,5,3.9,4.7,4.7,Very comfortable,Yes
REV000536,BKG001941,HTL003,GST02093,2026-03-28,Tripadvisor,4,3.7,3.6,3.9,4.1,Solid city break,Yes
REV000537,BKG001945,HTL001,GST01174,2025-09-22,Booking.com,4.1,4.6,4.2,4,3.8,Fine for a short stay,Yes
REV000538,BKG001947,HTL001,GST00642,2024-07-30,Post-stay Survey,4.7,4.1,5,5,4.6,Lovely weekend,Yes
REV000539,BKG001949,HTL001,GST00956,2025-03-11,Expedia,4.8,5,5,4.4,4.7,Lovely weekend,Yes
REV000540,BKG001950,HTL005,GST01606,2025-07-04,Expedia,3.9,3.6,3.4,4.4,3.8,Comfortable stay,Yes
REV000541,BKG001952,HTL005,GST00714,2025-06-18,Google,4,4.9,3,4.1,3.8,Fine for a short stay,Yes
REV000542,BKG001955,HTL004,GST00907,2024-11-26,Tripadvisor,4.2,3.5,4,4,4.1,Friendly team,Yes
REV000543,BKG001959,HTL002,GST01491,2025-12-19,Booking.com,2.9,3.2,3.2,3.9,2.6,Needs improvement,Yes
REV000544,BKG001960,HTL001,GST00010,2024-04-25,Booking.com,4.8,3.9,4.8,4.7,4.3,Great stay,Yes
REV000545,BKG001965,HTL004,GST01648,2025-03-09,Post-stay Survey,5,5,4.5,4.7,4.8,Great stay,Yes
REV000546,BKG001967,HTL002,GST00938,2024-10-26,Booking.com,3.9,4,3.7,3.6,4,Mostly positive,No
REV000547,BKG001972,HTL005,GST00178,2025-07-26,Booking.com,5,4.6,5,4.8,4.4,Friendly team,Yes
REV000548,BKG001978,HTL006,GST00704,2025-07-01,Tripadvisor,4.3,4.2,5,4.2,4.7,Would stay again,Yes
REV000549,BKG001982,HTL006,GST00523,2025-09-02,Booking.com,4.5,4.6,4.5,4.6,4.4,Great stay,Yes
REV000550,BKG001983,HTL003,GST00067,2025-08-30,Post-stay Survey,3.7,3.6,4.1,4,4,Mostly positive,Yes
REV000551,BKG001984,HTL006,GST01062,2025-05-04,Expedia,4.6,4.9,4.2,5,4,Clean and convenient,Yes
REV000552,BKG001994,HTL006,GST01476,2024-05-16,Expedia,3.4,4.2,3.9,4.4,3.7,Solid city break,Yes
REV000553,BKG002014,HTL001,GST00536,2024-06-24,Expedia,4.1,4.2,3.8,4.3,3.7,Convenient hotel,Yes
REV000554,BKG002015,HTL003,GST00313,2025-05-08,Google,4,4,4.2,3.8,4,Mostly positive,Yes
REV000555,BKG002016,HTL005,GST00255,2024-12-30,Tripadvisor,2.4,2.8,3.1,2.7,2.2,Could be better,No
REV000556,BKG002017,HTL003,GST00254,2024-08-07,Post-stay Survey,4.3,4.5,4.3,4.6,4.4,Clean and convenient,Yes
REV000557,BKG002020,HTL003,GST01238,2026-01-06,Booking.com,4.6,4.9,5,4.8,3.6,Clean and convenient,Yes
REV000558,BKG002025,HTL005,GST00009,2024-12-26,Google,3.9,4.7,4.8,4.2,3.6,Comfortable stay,Yes
REV000559,BKG002026,HTL001,GST00805,2026-04-27,Post-stay Survey,3.5,3.4,3.1,4.1,3.7,Good overall,Yes
REV000560,BKG002035,HTL001,GST00021,2026-07-26,Expedia,4.1,3.7,4.6,4.4,4.9,Convenient hotel,Yes
REV000561,BKG002036,HTL002,GST00055,2026-04-20,Post-stay Survey,3.6,3.8,3.8,3.5,3.7,Solid city break,Yes
REV000562,BKG002043,HTL002,GST00969,2025-09-21,Google,3.8,3.8,3.9,3.7,3.4,Good overall,Yes
REV000563,BKG002045,HTL003,GST01692,2024-11-23,Post-stay Survey,3.7,3,4.3,3.8,4.5,Fine for a short stay,Yes
REV000564,BKG002048,HTL002,GST02209,2024-03-30,Expedia,2.7,3.4,3.1,2.5,2.6,Mixed experience,Yes
REV000565,BKG002049,HTL004,GST00003,2025-06-08,Booking.com,4.8,5,4.5,4,4.4,Friendly team,Yes
REV000566,BKG002059,HTL002,GST01503,2026-05-16,Post-stay Survey,3.8,4.2,3.7,4.1,3.3,Mostly positive,Yes
REV000567,BKG002060,HTL002,GST00062,2025-04-07,Post-stay Survey,3.9,4.4,3.6,4.3,3.4,Solid city break,Yes
REV000568,BKG002065,HTL004,GST00563,2025-04-30,Expedia,4,4.2,4.5,4.5,3.7,Good overall,Yes
REV000569,BKG002071,HTL003,GST00016,2024-10-14,Booking.com,5,5,5,4.4,4.2,Clean and convenient,Yes
REV000570,BKG002072,HTL001,GST01243,2024-02-27,Post-stay Survey,4.5,4.2,5,4.9,4.4,Lovely weekend,No
REV000571,BKG002075,HTL006,GST01174,2024-03-25,Google,4.8,5,5,5,4.9,Friendly team,Yes
REV000572,BKG002076,HTL002,GST00226,2026-06-25,Post-stay Survey,4.4,4.9,4.3,4.3,4.8,Clean and convenient,Yes
REV000573,BKG002077,HTL001,GST01967,2024-10-22,Google,5,5,5,4.6,4.4,Great stay,Yes
REV000574,BKG002080,HTL004,GST01637,2024-01-16,Google,3.3,4,3.5,3.3,3.3,Fine for a short stay,Yes
REV000575,BKG002082,HTL006,GST01526,2024-10-15,Booking.com,3.4,3.1,3.1,3.5,3.3,Solid city break,Yes
REV000576,BKG002083,HTL001,GST00622,2024-02-09,Expedia,3.7,3.8,3.9,3.5,4.2,Good overall,Yes
REV000577,BKG002087,HTL006,GST01800,2025-11-01,Post-stay Survey,4.2,4.2,4.1,4.5,3.9,Friendly team,No
REV000578,BKG002088,HTL005,GST02124,2024-10-06,Post-stay Survey,3.1,3.7,3.5,3.7,2.7,Could be better,Yes
REV000579,BKG002089,HTL002,GST01606,2025-04-16,Post-stay Survey,4.9,5,4.2,5,5,Excellent location,Yes
REV000580,BKG002097,HTL004,GST01458,2024-07-05,Expedia,5,5,4.8,4.5,5,Friendly team,Yes
REV000581,BKG002098,HTL002,GST00282,2026-09-01,Expedia,3.1,2.7,2.9,3.3,3.4,Needs improvement,Yes
REV000582,BKG002100,HTL002,GST00871,2026-04-24,Booking.com,4.9,4.4,5,4.7,5,Very comfortable,No
REV000583,BKG002101,HTL001,GST01657,2024-06-29,Expedia,4.9,5,4.3,4.6,4.2,Great stay,Yes
REV000584,BKG002106,HTL003,GST00422,2025-01-30,Tripadvisor,4.5,4.4,4.3,4.7,4.8,Good business stay,Yes
REV000585,BKG002109,HTL002,GST02053,2026-07-18,Post-stay Survey,3.8,3.7,3.9,4.1,3.7,Solid city break,Yes
REV000586,BKG002110,HTL005,GST00482,2024-04-21,Booking.com,3.5,3.8,3.8,4.2,3.4,Convenient hotel,Yes
REV000587,BKG002117,HTL006,GST00061,2025-10-23,Post-stay Survey,4,4.3,3.2,4,4.4,Fine for a short stay,No
REV000588,BKG002120,HTL001,GST00555,2025-10-04,Expedia,5,5,5,5,4.8,Great stay,Yes
REV000589,BKG002121,HTL005,GST00551,2025-06-22,Expedia,3.9,4.4,3.2,3.6,3,Convenient hotel,Yes
REV000590,BKG002122,HTL003,GST00122,2025-09-02,Tripadvisor,4,4.1,4.6,4.6,3.8,Convenient hotel,Yes
REV000591,BKG002137,HTL002,GST01210,2025-08-28,Expedia,3.8,3.7,3.7,4.4,3.3,Solid city break,Yes
REV000592,BKG002144,HTL006,GST00871,2024-08-07,Google,3.8,4,3.9,3.7,3.2,Convenient hotel,Yes
REV000593,BKG002146,HTL001,GST00453,2024-05-15,Booking.com,3.3,3.8,3.1,3.3,2.8,Solid city break,Yes
REV000594,BKG002147,HTL001,GST00768,2024-07-15,Google,5,5,4.3,4.9,5,Friendly team,Yes
REV000595,BKG002148,HTL001,GST01471,2025-08-01,Google,4.2,4.4,3.7,4.2,3.8,Excellent location,Yes
REV000596,BKG002149,HTL002,GST02064,2025-09-14,Expedia,5,4.6,5,5,5,Great stay,Yes
REV000597,BKG002151,HTL004,GST01735,2025-05-14,Expedia,4.8,4.7,4.5,5,4.6,Excellent location,No
REV000598,BKG002160,HTL002,GST00678,2025-10-02,Tripadvisor,3.8,3.5,4.2,3.3,3.6,Solid city break,Yes
REV000599,BKG002164,HTL001,GST01473,2024-11-22,Google,3.5,4,3.7,3.6,2.9,Convenient hotel,Yes
REV000600,BKG002168,HTL006,GST02276,2025-11-13,Booking.com,4.1,3.6,4.4,3.8,4.2,Convenient hotel,Yes
REV000601,BKG002171,HTL006,GST00081,2026-05-02,Google,3.6,3.5,3.7,4.1,3.5,Solid city break,No
REV000602,BKG002175,HTL003,GST00514,2024-07-25,Post-stay Survey,4.3,4.6,3.8,4,4.6,Would stay again,Yes
REV000603,BKG002176,HTL005,GST00205,2024-08-31,Post-stay Survey,2.3,2.2,2.7,2.3,1.8,Could be better,No
REV000604,BKG002177,HTL005,GST01456,2026-01-02,Expedia,4.1,4.8,3.2,4.8,3.8,Solid city break,Yes
REV000605,BKG002180,HTL006,GST00314,2025-07-23,Booking.com,3.4,3.7,3.4,4.2,3.6,Convenient hotel,Yes
REV000606,BKG002181,HTL003,GST00445,2025-12-10,Google,3,3.7,2.3,3.1,2.8,Disappointing stay,Yes
REV000607,BKG002185,HTL006,GST01620,2024-06-18,Tripadvisor,4,4,4.3,5,4.4,Good overall,Yes
REV000608,BKG002188,HTL004,GST00277,2025-09-07,Post-stay Survey,4.5,4.8,5,4.2,4.4,Excellent location,No
REV000609,BKG002195,HTL003,GST02281,2026-09-06,Tripadvisor,5,4.9,4.6,4.5,5,Would stay again,Yes
REV000610,BKG002199,HTL006,GST01926,2024-05-18,Expedia,4.9,5,5,4.6,4.6,Good business stay,No
REV000611,BKG002200,HTL005,GST01354,2024-07-30,Expedia,4.8,5,4.9,5,4.4,Clean and convenient,Yes
REV000612,BKG002202,HTL002,GST01257,2026-01-05,Tripadvisor,4.7,4.2,4.3,4.8,5,Excellent location,Yes
REV000613,BKG002205,HTL003,GST00073,2025-06-18,Booking.com,3.9,4.3,3.4,4.2,3.6,Fine for a short stay,Yes
REV000614,BKG002220,HTL006,GST00193,2026-07-14,Tripadvisor,5,5,5,4.8,5,Good business stay,Yes
REV000615,BKG002222,HTL001,GST00925,2024-12-31,Booking.com,4.1,4.2,4.2,4.8,4.6,Good overall,Yes
REV000616,BKG002228,HTL001,GST01916,2026-05-08,Booking.com,4.7,4.7,4.7,4.5,4,Very comfortable,Yes
REV000617,BKG002232,HTL006,GST01293,2026-06-24,Expedia,4.2,3.9,3.8,4.6,4.4,Lovely weekend,Yes
REV000618,BKG002238,HTL001,GST00615,2024-07-28,Post-stay Survey,4.4,3.7,4.1,4.7,3.8,Excellent location,Yes
REV000619,BKG002240,HTL001,GST00319,2024-08-14,Google,5,5,5,4.8,4.3,Excellent location,Yes
REV000620,BKG002242,HTL001,GST00064,2026-03-25,Post-stay Survey,3.8,4.2,3.6,3.9,3.1,Fine for a short stay,Yes
REV000621,BKG002252,HTL002,GST00429,2024-10-20,Booking.com,4.2,4.6,4.1,4.6,4.6,Good business stay,No
REV000622,BKG002253,HTL003,GST00457,2024-08-28,Tripadvisor,4.2,5,4.4,4.5,4.4,Good business stay,No
REV000623,BKG002256,HTL001,GST00765,2024-09-03,Tripadvisor,4.9,5,5,4.4,5,Great stay,Yes
REV000624,BKG002257,HTL002,GST00564,2025-09-30,Google,3.7,3.2,3.7,3.9,4,Fine for a short stay,No
REV000625,BKG002258,HTL003,GST00353,2024-02-11,Google,4.4,4.1,4.3,4.5,4.3,Would stay again,No
REV000626,BKG002260,HTL005,GST01681,2025-10-27,Booking.com,3.6,3.5,3.2,3.7,3.2,Good overall,Yes
REV000627,BKG002263,HTL002,GST00002,2026-05-01,Tripadvisor,4.5,4.6,4.9,5,3.2,Great stay,Yes
REV000628,BKG002265,HTL006,GST01812,2026-07-20,Booking.com,2.9,3.5,3.1,3,3,Disappointing stay,Yes
REV000629,BKG002268,HTL001,GST00662,2024-05-04,Post-stay Survey,4.5,4.3,5,4.7,5,Clean and convenient,Yes
REV000630,BKG002278,HTL003,GST00419,2025-12-05,Post-stay Survey,4.2,4.8,4.1,4.6,3.6,Lovely weekend,Yes
REV000631,BKG002280,HTL002,GST01349,2024-08-19,Post-stay Survey,4,4.6,3.6,4,3.6,Good overall,Yes
REV000632,BKG002282,HTL004,GST00523,2025-04-17,Expedia,4.5,4.2,4.5,4.8,4.4,Great stay,Yes
REV000633,BKG002290,HTL005,GST00114,2024-12-28,Expedia,3.5,3.8,3.3,4,3.5,Convenient hotel,Yes
REV000634,BKG002292,HTL001,GST00721,2024-01-28,Booking.com,4.6,5,4.3,4.6,4.5,Would stay again,Yes
REV000635,BKG002296,HTL002,GST00252,2026-08-01,Booking.com,4.3,4.8,3.9,4.2,5,Friendly team,Yes
REV000636,BKG002300,HTL004,GST01680,2024-12-13,Google,4.5,4.1,4.3,4.7,5,Good business stay,Yes
REV000637,BKG002314,HTL006,GST01754,2024-07-11,Booking.com,4.4,4.5,3.9,4.8,4.5,Good business stay,No
REV000638,BKG002318,HTL004,GST00028,2026-04-23,Post-stay Survey,4.9,5,4.9,4.1,5,Friendly team,Yes
REV000639,BKG002327,HTL002,GST02016,2026-08-21,Expedia,4.4,4.8,4.9,4.9,4.5,Great stay,Yes
REV000640,BKG002333,HTL004,GST00237,2026-09-07,Booking.com,5,5,4.9,4.6,4.3,Friendly team,Yes
REV000641,BKG002336,HTL003,GST01143,2026-08-24,Booking.com,4.5,4.6,4.1,4.3,5,Lovely weekend,No
REV000642,BKG002343,HTL005,GST00352,2025-10-20,Expedia,2.3,1.9,1.7,2.3,2.4,Could be better,Yes
REV000643,BKG002345,HTL003,GST00916,2025-05-17,Post-stay Survey,4.3,5,4.2,4.9,4.2,Would stay again,No
REV000644,BKG002351,HTL003,GST01282,2026-08-11,Google,3.7,3.8,3.2,3.4,3.9,Solid city break,Yes
REV000645,BKG002352,HTL006,GST01092,2026-08-01,Tripadvisor,4.3,4,3.9,4.7,4.4,Excellent location,Yes
REV000646,BKG002358,HTL004,GST00349,2025-08-26,Post-stay Survey,5,5,4.9,4.7,4.6,Excellent location,Yes
REV000647,BKG002370,HTL006,GST01768,2024-04-21,Expedia,3.7,3.6,4.2,4.4,3.3,Solid city break,Yes
REV000648,BKG002372,HTL003,GST00035,2025-09-24,Google,3.3,2.9,3.1,3.1,3.6,Comfortable stay,Yes
REV000649,BKG002375,HTL006,GST00287,2026-04-25,Post-stay Survey,4.3,4.1,4.3,4.1,4.1,Clean and convenient,Yes
REV000650,BKG002388,HTL003,GST01787,2024-08-01,Tripadvisor,4.6,5,4.5,4.5,4.3,Would stay again,Yes
REV000651,BKG002390,HTL002,GST01069,2024-11-08,Tripadvisor,4.6,4.3,4.3,4.6,4.9,Very comfortable,No
REV000652,BKG002393,HTL002,GST01123,2024-02-28,Google,4.2,4.5,4.2,4.8,3.7,Clean and convenient,Yes
REV000653,BKG002399,HTL001,GST01641,2025-12-26,Booking.com,4.1,3.6,4.1,4.6,3.6,Comfortable stay,Yes
REV000654,BKG002401,HTL005,GST00112,2025-11-08,Post-stay Survey,3.6,3.8,3.7,3.9,2.6,Convenient hotel,Yes
REV000655,BKG002408,HTL003,GST00587,2025-06-26,Tripadvisor,4.2,4.2,4.5,4.1,4.1,Very comfortable,Yes
REV000656,BKG002409,HTL003,GST00765,2025-09-16,Booking.com,4.4,4.2,4.9,4.4,3.6,Lovely weekend,Yes
REV000657,BKG002413,HTL003,GST02181,2024-07-21,Tripadvisor,4.7,4.7,4.6,4.5,4.8,Lovely weekend,Yes
REV000658,BKG002414,HTL003,GST00266,2024-06-07,Post-stay Survey,3.2,2.9,3.2,3.4,2.8,Mostly positive,No
REV000659,BKG002416,HTL003,GST00294,2024-06-05,Post-stay Survey,3.7,4.5,4.4,3.6,3.2,Fine for a short stay,Yes
REV000660,BKG002418,HTL005,GST01006,2025-04-30,Booking.com,3.7,3.8,3.9,4,3.1,Solid city break,Yes
REV000661,BKG002423,HTL006,GST01501,2026-05-17,Post-stay Survey,3.8,4,3.4,3.8,4.2,Solid city break,No
REV000662,BKG002426,HTL002,GST00818,2024-12-07,Expedia,4.4,4,4.7,4.7,4.7,Friendly team,Yes
REV000663,BKG002432,HTL001,GST00687,2024-10-30,Post-stay Survey,4.7,4.7,5,4.4,5,Would stay again,No
REV000664,BKG002438,HTL002,GST00531,2025-07-25,Google,3.8,3.8,3.2,4.6,3.5,Mostly positive,Yes
REV000665,BKG002451,HTL005,GST00246,2025-08-28,Tripadvisor,4.6,4.6,4.3,4.7,4.6,Very comfortable,Yes
REV000666,BKG002452,HTL004,GST01557,2024-02-16,Expedia,4.7,4.7,5,4.9,5,Would stay again,Yes
REV000667,BKG002453,HTL003,GST00261,2024-08-03,Post-stay Survey,4.8,4.3,4.8,4.7,4.3,Excellent location,Yes
REV000668,BKG002462,HTL002,GST00278,2025-03-16,Expedia,3.7,3.7,3.6,3.6,2.8,Solid city break,Yes
REV000669,BKG002465,HTL002,GST01183,2026-05-06,Post-stay Survey,4.6,4.7,4.9,4.8,3.6,Clean and convenient,Yes
REV000670,BKG002466,HTL001,GST00177,2026-08-10,Google,4.2,4.4,4.7,4.5,4.2,Good business stay,No
REV000671,BKG002470,HTL006,GST01074,2026-02-17,Expedia,4.2,4.1,4.7,4.3,3.6,Excellent location,Yes
REV000672,BKG002475,HTL004,GST01661,2025-04-08,Tripadvisor,3.3,3.7,3.5,3.1,3.4,Good overall,Yes
REV000673,BKG002476,HTL006,GST01094,2026-08-19,Post-stay Survey,4.2,4.3,4,4.4,3.8,Lovely weekend,No
REV000674,BKG002481,HTL004,GST00776,2025-09-08,Google,4.3,4.4,3.9,4.4,4.4,Excellent location,Yes
REV000675,BKG002483,HTL005,GST01820,2024-11-08,Tripadvisor,3.2,3,3.5,2.8,3,Fine for a short stay,No
REV000676,BKG002504,HTL006,GST01105,2026-07-24,Booking.com,5,5,5,4.1,4.4,Excellent location,Yes
REV000677,BKG002513,HTL004,GST00001,2024-09-11,Booking.com,3.7,3.4,4,3.3,3.6,Comfortable stay,Yes
REV000678,BKG002515,HTL002,GST00008,2026-05-08,Tripadvisor,4.5,4.7,4.2,4.7,4.2,Clean and convenient,Yes
REV000679,BKG002516,HTL001,GST02076,2025-12-29,Expedia,3.6,3.1,3.4,3.6,3.4,Convenient hotel,Yes
REV000680,BKG002527,HTL001,GST01578,2025-08-03,Tripadvisor,4.9,5,4.9,4.9,4.8,Clean and convenient,Yes
REV000681,BKG002530,HTL006,GST00571,2024-01-15,Expedia,3.9,4.1,3.3,4,3.7,Good overall,Yes
REV000682,BKG002532,HTL001,GST01515,2025-08-06,Tripadvisor,4.8,4.7,5,4.9,4.7,Clean and convenient,Yes
REV000683,BKG002534,HTL001,GST01942,2026-06-09,Booking.com,4.8,5,4.8,4.4,4.6,Lovely weekend,Yes
REV000684,BKG002538,HTL002,GST01608,2025-07-09,Booking.com,4.1,4.2,4.2,4.1,3.8,Fine for a short stay,Yes
REV000685,BKG002539,HTL003,GST00567,2024-01-15,Tripadvisor,4.9,5,5,4.8,4.9,Clean and convenient,Yes
REV000686,BKG002544,HTL005,GST00024,2024-02-02,Google,4.5,5,4.4,4.8,4.3,Clean and convenient,No
REV000687,BKG002545,HTL003,GST00026,2025-07-07,Expedia,3.5,3.8,3,4,3.9,Convenient hotel,Yes
REV000688,BKG002554,HTL005,GST00006,2026-07-10,Google,4,3.8,3.9,3.9,3.8,Comfortable stay,Yes
REV000689,BKG002555,HTL006,GST00517,2024-07-24,Google,4.9,4.6,4.8,4.7,3.7,Good business stay,No
REV000690,BKG002560,HTL002,GST00071,2026-04-09,Post-stay Survey,2.9,3.4,2.7,3.4,3,Mixed experience,No
REV000691,BKG002563,HTL002,GST00111,2025-02-26,Booking.com,4.7,4.5,4.7,4.7,4.7,Excellent location,Yes
REV000692,BKG002565,HTL004,GST00342,2026-08-27,Booking.com,5,5,4.7,5,4.3,Lovely weekend,No
REV000693,BKG002574,HTL002,GST00343,2026-04-16,Expedia,3.7,3.9,3.2,3.5,3.4,Fine for a short stay,Yes
REV000694,BKG002576,HTL001,GST01481,2025-06-17,Expedia,5,5,4.7,4.3,4.6,Good business stay,Yes
REV000695,BKG002581,HTL005,GST01297,2026-06-26,Booking.com,3.5,3.5,3.7,3.5,3.7,Solid city break,Yes
REV000696,BKG002585,HTL004,GST01088,2024-07-01,Tripadvisor,4.3,4.1,3.6,4.4,3.4,Lovely weekend,Yes
REV000697,BKG002589,HTL003,GST00106,2025-01-06,Booking.com,2.9,2.5,3.4,3.1,2.2,Disappointing stay,Yes
REV000698,BKG002590,HTL004,GST00166,2024-07-15,Tripadvisor,4.8,5,5,5,4.2,Would stay again,Yes
REV000699,BKG002592,HTL003,GST01061,2026-04-26,Google,3.2,3.3,3.4,2.9,3.5,Good overall,Yes
REV000700,BKG002596,HTL001,GST00195,2024-10-12,Tripadvisor,5,5,5,4.2,5,Great stay,Yes
REV000701,BKG002606,HTL005,GST01593,2024-05-02,Tripadvisor,4,3.9,4.1,4,3.1,Comfortable stay,No
REV000702,BKG002608,HTL002,GST00284,2024-06-10,Post-stay Survey,5,4.8,5,5,4.5,Good business stay,Yes
REV000703,BKG002609,HTL001,GST00701,2024-11-16,Tripadvisor,4.9,5,5,5,4.6,Great stay,Yes
REV000704,BKG002614,HTL004,GST00212,2026-06-24,Tripadvisor,4.3,4.2,4.9,4.6,4.2,Great stay,Yes
REV000705,BKG002618,HTL004,GST00001,2024-09-19,Google,4,3.7,4.1,3.3,4.3,Fine for a short stay,Yes
REV000706,BKG002619,HTL002,GST00402,2025-12-19,Expedia,5,5,5,4.6,5,Lovely weekend,Yes
REV000707,BKG002623,HTL002,GST01769,2024-10-01,Post-stay Survey,3.2,3.4,3.1,3.2,3.1,Mostly positive,Yes
REV000708,BKG002625,HTL004,GST00031,2025-02-19,Booking.com,4.8,5,4.2,5,3.9,Great stay,Yes
REV000709,BKG002628,HTL005,GST00156,2024-01-16,Expedia,4.9,4.9,4.5,4.8,4.5,Good business stay,No
REV000710,BKG002629,HTL006,GST00461,2025-01-11,Tripadvisor,4.7,5,4.4,4.3,5,Very comfortable,Yes
REV000711,BKG002637,HTL003,GST00272,2024-06-01,Expedia,4.9,5,5,5,4.8,Excellent location,Yes
REV000712,BKG002641,HTL005,GST00300,2025-09-20,Booking.com,4.7,4.9,4.9,4.4,4.4,Great stay,Yes
REV000713,BKG002643,HTL005,GST01271,2024-11-02,Post-stay Survey,4.3,4.4,4.3,4.1,3.7,Clean and convenient,Yes
REV000714,BKG002646,HTL002,GST01134,2026-01-28,Booking.com,3.1,3.5,3.5,3.4,2.7,Not as expected,No
REV000715,BKG002654,HTL006,GST01035,2024-08-10,Post-stay Survey,3.3,3.5,2.7,3.5,3.1,Comfortable stay,Yes
REV000716,BKG002658,HTL003,GST01447,2026-08-08,Booking.com,3.4,3.8,3.7,3.1,3.6,Solid city break,Yes
REV000717,BKG002666,HTL006,GST01028,2024-03-28,Post-stay Survey,4.6,4,4.5,5,4.4,Would stay again,Yes
REV000718,BKG002667,HTL001,GST00877,2026-05-30,Post-stay Survey,5,5,5,4.8,5,Excellent location,Yes
REV000719,BKG002672,HTL004,GST01234,2026-02-28,Google,4.1,3.9,4.2,4.9,4.1,Fine for a short stay,Yes
REV000720,BKG002673,HTL004,GST00468,2024-08-18,Post-stay Survey,3.9,3.9,3.8,4.3,3.4,Comfortable stay,Yes
REV000721,BKG002674,HTL004,GST00898,2024-09-01,Google,5,5,4.9,4.8,5,Would stay again,Yes
REV000722,BKG002675,HTL002,GST00119,2024-07-08,Expedia,3.6,4.2,3.1,4.3,3.6,Mostly positive,Yes
REV000723,BKG002677,HTL001,GST01006,2025-04-09,Post-stay Survey,4.7,4.9,4.5,4.6,4.7,Would stay again,No
REV000724,BKG002679,HTL003,GST00085,2026-07-08,Expedia,4.3,4.8,4.6,3.9,4.6,Clean and convenient,Yes
REV000725,BKG002681,HTL002,GST00090,2026-08-24,Booking.com,5,5,5,4.7,4.8,Good business stay,Yes
REV000726,BKG002684,HTL001,GST00006,2024-11-24,Tripadvisor,4.4,3.8,3.7,4.7,3.9,Good business stay,Yes
REV000727,BKG002692,HTL003,GST00851,2026-05-16,Booking.com,3.5,3.3,3.6,3.1,2.9,Convenient hotel,Yes
REV000728,BKG002693,HTL005,GST00768,2025-06-05,Booking.com,3.4,3.7,2.6,3.8,4.1,Mostly positive,Yes
REV000729,BKG002699,HTL003,GST00834,2026-01-28,Post-stay Survey,3.6,3.6,3.2,3.6,3.3,Solid city break,Yes
REV000730,BKG002721,HTL006,GST00074,2025-01-22,Google,4.4,4.4,5,4.4,3.8,Great stay,Yes
REV000731,BKG002722,HTL003,GST01665,2024-03-31,Expedia,5,5,5,5,4.1,Clean and convenient,Yes
REV000732,BKG002723,HTL003,GST00560,2026-07-20,Google,5,4.5,5,4.4,4.9,Good business stay,Yes
REV000733,BKG002724,HTL005,GST00403,2024-06-23,Tripadvisor,3.7,3.9,4.1,4.6,3.2,Mostly positive,Yes
REV000734,BKG002731,HTL002,GST00999,2024-11-29,Post-stay Survey,4.3,4.9,3.2,4.2,5,Clean and convenient,Yes
REV000735,BKG002733,HTL004,GST01375,2025-11-27,Google,4.1,3.8,4.2,4.8,3.8,Comfortable stay,Yes
REV000736,BKG002741,HTL005,GST00768,2025-03-14,Expedia,3.5,2.8,3.2,3.5,3.1,Mostly positive,Yes
REV000737,BKG002743,HTL003,GST01734,2026-06-07,Google,3.7,4.3,4.7,3.5,2.6,Mostly positive,No
REV000738,BKG002744,HTL001,GST01854,2026-08-02,Booking.com,4.4,4,4.2,5,4.5,Excellent location,Yes
REV000739,BKG002747,HTL006,GST00185,2024-12-30,Google,3.6,3.5,3.5,3.7,2.7,Good overall,Yes
REV000740,BKG002749,HTL001,GST01104,2024-07-06,Booking.com,5,5,5,5,5,Very comfortable,Yes
REV000741,BKG002758,HTL004,GST00992,2026-08-26,Google,3.9,4.1,3.7,4.4,3.7,Fine for a short stay,Yes
REV000742,BKG002760,HTL004,GST01708,2024-05-16,Expedia,4,4.4,3.5,3.8,3.9,Comfortable stay,Yes
REV000743,BKG002762,HTL006,GST01190,2026-05-10,Booking.com,4.4,4.2,4.4,4.4,4.3,Good business stay,Yes
REV000744,BKG002767,HTL002,GST01714,2025-09-29,Expedia,3.3,2.8,3.2,3.8,1.8,Mostly positive,Yes
REV000745,BKG002777,HTL002,GST00795,2025-11-01,Tripadvisor,4.5,4.4,3.7,4.5,4.6,Would stay again,Yes
REV000746,BKG002782,HTL001,GST01053,2024-04-30,Tripadvisor,3.7,3.8,3.7,4.4,3.9,Convenient hotel,Yes
REV000747,BKG002783,HTL002,GST01612,2026-03-06,Booking.com,3.7,4.1,4.1,4.1,3.9,Convenient hotel,Yes
REV000748,BKG002786,HTL002,GST01127,2024-06-11,Post-stay Survey,5,4.7,5,4.8,4.9,Excellent location,Yes
REV000749,BKG002793,HTL006,GST01850,2026-07-06,Booking.com,4.4,5,4.7,4.4,4.9,Would stay again,Yes
REV000750,BKG002795,HTL001,GST00087,2026-01-03,Expedia,5,5,4.8,4.4,4.6,Friendly team,Yes
REV000751,BKG002796,HTL001,GST00055,2025-01-28,Booking.com,4.3,4.3,4.3,4.2,4.2,Excellent location,Yes
REV000752,BKG002798,HTL004,GST00623,2025-08-21,Booking.com,5,4.8,5,4.7,4.8,Excellent location,No
REV000753,BKG002801,HTL002,GST01684,2026-02-21,Booking.com,3.7,4.2,3.6,3.9,3.5,Comfortable stay,No
REV000754,BKG002806,HTL003,GST01375,2026-02-11,Google,4,4.4,4.2,4.2,4,Comfortable stay,Yes
REV000755,BKG002810,HTL002,GST01794,2024-08-07,Tripadvisor,3.6,2.8,3.1,3.8,4.2,Comfortable stay,No
REV000756,BKG002812,HTL005,GST00045,2026-05-14,Google,4.3,3.8,4,4.6,4.2,Great stay,Yes
REV000757,BKG002815,HTL006,GST01397,2024-07-08,Google,3.6,3.4,3.9,4,3.9,Convenient hotel,No
REV000758,BKG002822,HTL006,GST01278,2025-10-01,Tripadvisor,3.7,4,3.2,4.2,3.5,Mostly positive,Yes
REV000759,BKG002825,HTL004,GST02021,2025-07-23,Booking.com,4.3,4.5,3.8,4.4,4.9,Clean and convenient,Yes
REV000760,BKG002827,HTL002,GST01598,2026-08-27,Post-stay Survey,3.8,4.4,4.1,4.1,4,Comfortable stay,Yes
REV000761,BKG002829,HTL001,GST00209,2026-04-05,Google,4.2,4.4,3.8,4.3,4,Good business stay,Yes
REV000762,BKG002832,HTL002,GST00834,2025-01-14,Expedia,4.4,4.9,3.4,4.6,4.1,Friendly team,Yes
REV000763,BKG002835,HTL001,GST00798,2026-04-20,Google,5,5,5,4.6,4.4,Would stay again,No
REV000764,BKG002864,HTL003,GST00255,2026-06-13,Google,3.6,3.6,2.9,4.1,4.3,Good overall,Yes
REV000765,BKG002868,HTL002,GST00001,2024-08-26,Booking.com,3.7,3.3,4.2,4.2,3.5,Convenient hotel,Yes
REV000766,BKG002872,HTL005,GST01060,2024-12-16,Booking.com,4.3,4.5,4.4,4.1,4.6,Lovely weekend,Yes
REV000767,BKG002876,HTL006,GST01123,2026-04-28,Post-stay Survey,4.2,4.7,4.1,4,3.6,Excellent location,No
REV000768,BKG002884,HTL006,GST00387,2024-11-14,Google,3.9,4.9,4.2,4.1,3.7,Solid city break,Yes
REV000769,BKG002890,HTL006,GST01219,2024-01-28,Expedia,3.6,3.7,3.9,3.4,3.8,Fine for a short stay,No
REV000770,BKG002891,HTL005,GST01417,2025-09-12,Post-stay Survey,3.4,3.6,3.7,4.2,3.2,Mostly positive,Yes
REV000771,BKG002896,HTL006,GST01297,2024-03-26,Expedia,3.3,3.3,3.5,3,3.5,Comfortable stay,No
REV000772,BKG002897,HTL005,GST00246,2026-07-30,Booking.com,3.3,3.9,3.4,3.5,3.5,Convenient hotel,No
REV000773,BKG002902,HTL001,GST02109,2026-07-24,Tripadvisor,4.1,4.3,4.5,4.8,4.6,Fine for a short stay,Yes
REV000774,BKG002916,HTL003,GST00092,2024-06-21,Tripadvisor,3.3,3,3.7,3.8,3.1,Good overall,Yes
REV000775,BKG002919,HTL005,GST02237,2025-12-31,Post-stay Survey,3.6,3.5,3.6,4.1,3.9,Good overall,Yes
REV000776,BKG002925,HTL005,GST01947,2026-01-06,Tripadvisor,3.8,3.5,3.9,4.1,4.6,Solid city break,No
REV000777,BKG002927,HTL004,GST00362,2025-01-28,Tripadvisor,4.2,4,3.7,4.1,4.5,Would stay again,No
REV000778,BKG002929,HTL006,GST01596,2025-08-11,Post-stay Survey,4,3.7,4.7,3.9,3,Comfortable stay,Yes
REV000779,BKG002933,HTL006,GST00647,2024-03-23,Expedia,3.9,3.4,4.2,3.9,4,Convenient hotel,Yes
REV000780,BKG002935,HTL002,GST00275,2026-04-28,Booking.com,5,4.6,4.4,4,4.1,Good business stay,Yes
REV000781,BKG002943,HTL006,GST00644,2024-09-14,Tripadvisor,4.3,4.7,3.7,4.4,4.4,Lovely weekend,Yes
REV000782,BKG002955,HTL004,GST01210,2024-07-13,Post-stay Survey,4.7,5,5,4.5,4.5,Good business stay,Yes
REV000783,BKG002958,HTL001,GST01388,2025-09-27,Tripadvisor,4.9,4.5,4.4,5,4.5,Would stay again,No
REV000784,BKG002962,HTL005,GST01331,2026-08-19,Booking.com,4.1,3.5,4.5,4.8,3.7,Good overall,Yes
REV000785,BKG002963,HTL003,GST00001,2025-01-02,Booking.com,3.8,4.6,4.3,3.9,3.4,Mostly positive,Yes
REV000786,BKG002969,HTL006,GST00286,2024-10-06,Google,4.5,4.7,4.4,5,4,Friendly team,Yes
REV000787,BKG002970,HTL004,GST00372,2025-08-05,Tripadvisor,3.4,3.7,3.5,3.7,2.6,Good overall,Yes
REV000788,BKG002974,HTL004,GST00066,2024-12-11,Post-stay Survey,4.8,4.7,4.6,4.9,4.2,Clean and convenient,Yes
REV000789,BKG002976,HTL001,GST02018,2024-06-04,Expedia,3.5,3.4,2.8,3.3,3.1,Good overall,Yes
REV000790,BKG002978,HTL001,GST01022,2026-07-28,Post-stay Survey,4.1,4.1,4.4,4.2,4,Comfortable stay,Yes
REV000791,BKG002981,HTL005,GST01508,2025-03-16,Google,4.1,3.8,3.6,3.9,4.1,Fine for a short stay,Yes
REV000792,BKG002984,HTL003,GST01035,2024-03-22,Booking.com,3.8,4.4,3.7,4.4,4,Convenient hotel,Yes
REV000793,BKG002985,HTL004,GST01215,2024-11-03,Booking.com,3.9,4,3.8,4.8,3.9,Comfortable stay,Yes
REV000794,BKG002986,HTL001,GST00740,2026-04-12,Tripadvisor,4.4,4.8,4.3,4.5,4.2,Clean and convenient,Yes
REV000795,BKG002988,HTL002,GST00570,2026-03-17,Google,4.8,4.4,4.2,4.6,4.9,Excellent location,Yes
REV000796,BKG002991,HTL001,GST00392,2024-10-03,Google,3.9,3.9,3.5,3.2,3.8,Convenient hotel,Yes
REV000797,BKG002992,HTL004,GST00452,2026-02-20,Expedia,4.2,3.8,4.5,3.5,4.4,Would stay again,No
REV000798,BKG002994,HTL003,GST01928,2025-03-16,Tripadvisor,3.6,3.6,3.6,3.3,4.1,Mostly positive,Yes
REV000799,BKG002995,HTL004,GST01794,2025-11-20,Tripadvisor,4.2,4.2,4.7,4.4,4.7,Very comfortable,Yes
REV000800,BKG002997,HTL004,GST01595,2025-01-29,Google,4.2,4.6,4.2,4.4,3.9,Lovely weekend,Yes
REV000801,BKG002998,HTL003,GST01122,2026-03-08,Google,3.7,3.7,3.9,4.1,3.9,Comfortable stay,Yes
REV000802,BKG003003,HTL005,GST01829,2024-06-25,Tripadvisor,4.8,4.8,4.1,4.7,4.9,Lovely weekend,Yes
REV000803,BKG003005,HTL006,GST00024,2026-08-20,Google,3.6,3.9,3.7,4.2,3.3,Fine for a short stay,Yes
REV000804,BKG003010,HTL006,GST01704,2024-01-28,Google,4.1,3.9,4.4,3.9,3.8,Convenient hotel,No
REV000805,BKG003013,HTL005,GST01278,2025-06-27,Expedia,4.3,3.6,4.3,4.4,4.4,Good business stay,Yes
REV000806,BKG003017,HTL002,GST01108,2024-03-30,Expedia,3.5,3.7,3.3,3.3,4.1,Mostly positive,Yes
REV000807,BKG003018,HTL003,GST01574,2026-05-14,Google,4.2,4.3,4.4,4.3,4.6,Lovely weekend,Yes
REV000808,BKG003027,HTL002,GST01118,2024-06-23,Tripadvisor,4.6,4.1,5,5,4.8,Excellent location,Yes
REV000809,BKG003030,HTL006,GST00995,2025-10-29,Expedia,4.5,4.3,4.7,4.4,5,Great stay,No
REV000810,BKG003032,HTL003,GST00214,2024-10-20,Google,3.6,3.8,4.4,3.8,3.3,Mostly positive,No
REV000811,BKG003033,HTL002,GST00371,2025-12-08,Post-stay Survey,4.2,4,3.9,4.1,4.7,Clean and convenient,Yes
REV000812,BKG003034,HTL004,GST01221,2024-07-25,Google,5,4.9,4.6,4.2,5,Would stay again,Yes
REV000813,BKG003038,HTL001,GST00012,2025-04-01,Expedia,5,5,4.8,4.5,4.4,Good business stay,Yes
REV000814,BKG003041,HTL004,GST01350,2024-09-10,Booking.com,4.8,5,5,4.2,4.6,Friendly team,Yes
REV000815,BKG003043,HTL002,GST00727,2026-01-09,Expedia,3.9,3.7,3.6,4.1,3.8,Convenient hotel,Yes
REV000816,BKG003047,HTL001,GST00669,2024-09-09,Post-stay Survey,3.9,3.5,3.1,4.1,3.5,Mostly positive,Yes
REV000817,BKG003052,HTL001,GST01013,2025-12-17,Tripadvisor,4.5,4.5,4.9,4.6,5,Lovely weekend,Yes
REV000818,BKG003059,HTL004,GST00615,2026-08-10,Expedia,4.9,5,5,4.7,4.8,Friendly team,Yes
REV000819,BKG003061,HTL001,GST01126,2026-07-26,Google,4.6,4.3,4.8,4.9,4.5,Friendly team,Yes
REV000820,BKG003065,HTL001,GST01666,2025-07-22,Post-stay Survey,5,5,5,5,4.5,Would stay again,No
REV000821,BKG003067,HTL003,GST00662,2024-02-24,Post-stay Survey,3.4,3.5,3.4,3.2,3,Solid city break,Yes
REV000822,BKG003072,HTL003,GST00761,2024-08-20,Tripadvisor,5,4.6,4.9,4.6,4.5,Excellent location,No
REV000823,BKG003078,HTL001,GST02210,2025-12-11,Expedia,5,3.9,4.8,4.8,4.1,Great stay,Yes
REV000824,BKG003080,HTL004,GST00293,2025-06-28,Google,4.2,3.8,4.6,4.3,3.5,Excellent location,Yes
REV000825,BKG003085,HTL004,GST00067,2025-06-20,Google,5,5,5,4,4.9,Very comfortable,Yes
REV000826,BKG003092,HTL001,GST01316,2025-03-13,Tripadvisor,3.9,4.2,2.8,4.1,4,Convenient hotel,Yes
REV000827,BKG003093,HTL001,GST01875,2025-12-25,Booking.com,5,5,5,4.4,4.8,Excellent location,Yes
REV000828,BKG003094,HTL001,GST01553,2026-08-25,Booking.com,3,3.1,3.9,3.7,3.2,Disappointing stay,Yes
REV000829,BKG003102,HTL006,GST00137,2026-06-23,Expedia,4.3,3.8,3.9,4.7,4.1,Friendly team,Yes
REV000830,BKG003107,HTL001,GST00379,2026-02-08,Google,3.9,4.3,4,3.7,3.9,Good overall,Yes
REV000831,BKG003108,HTL002,GST01068,2025-04-22,Post-stay Survey,5,5,5,4.5,4.3,Lovely weekend,Yes
REV000832,BKG003109,HTL001,GST00465,2024-12-19,Tripadvisor,4.7,4.6,4.8,4.6,4.3,Excellent location,Yes
REV000833,BKG003110,HTL001,GST02155,2026-07-21,Booking.com,4.3,4.4,4.5,4.4,4.2,Would stay again,Yes
REV000834,BKG003112,HTL001,GST00120,2024-12-19,Tripadvisor,4.1,4.8,4.8,4.6,4.2,Convenient hotel,Yes
REV000835,BKG003114,HTL002,GST01191,2025-06-12,Tripadvisor,4.2,3.7,3.6,4.2,3.3,Very comfortable,Yes
REV000836,BKG003118,HTL002,GST00118,2024-08-05,Tripadvisor,4.5,4.1,4.6,4.6,4.6,Very comfortable,Yes
REV000837,BKG003122,HTL006,GST00854,2025-05-13,Google,3.7,4.4,3.9,3.7,3.6,Comfortable stay,No
REV000838,BKG003123,HTL002,GST01080,2024-05-22,Expedia,4.2,4.7,3.8,4.8,4.2,Very comfortable,Yes
REV000839,BKG003128,HTL002,GST00383,2024-08-28,Post-stay Survey,4,4.9,3.6,4.5,3.4,Convenient hotel,Yes
REV000840,BKG003132,HTL005,GST00157,2026-02-22,Post-stay Survey,3.9,3.8,4.1,4.2,3.9,Fine for a short stay,Yes
REV000841,BKG003134,HTL004,GST01374,2024-09-29,Booking.com,4,4.2,3.3,3.9,4.3,Comfortable stay,No
REV000842,BKG003135,HTL004,GST00737,2024-07-06,Tripadvisor,3.6,3.8,3.8,3.4,2.6,Mostly positive,Yes
REV000843,BKG003139,HTL002,GST00788,2026-09-14,Post-stay Survey,5,4.2,4.3,3.9,4.8,Friendly team,Yes
REV000844,BKG003141,HTL002,GST00001,2025-08-15,Google,3.6,3.6,3,3.6,3.5,Mostly positive,Yes
REV000845,BKG003143,HTL003,GST01385,2026-01-04,Post-stay Survey,4.4,4.4,4.7,5,4.1,Great stay,Yes
REV000846,BKG003145,HTL001,GST01652,2025-03-31,Booking.com,3.9,3.8,4.2,4.3,4.3,Mostly positive,Yes
REV000847,BKG003148,HTL005,GST00223,2024-09-10,Tripadvisor,3.7,4.6,3.3,3.6,3.8,Fine for a short stay,Yes
REV000848,BKG003149,HTL006,GST01406,2025-07-23,Expedia,4.4,4.6,3.4,4.6,3.8,Would stay again,Yes
REV000849,BKG003154,HTL001,GST01604,2025-01-06,Tripadvisor,4.3,4.3,4.8,4.3,3.9,Clean and convenient,No
REV000850,BKG003162,HTL002,GST01164,2025-11-14,Tripadvisor,3.1,3.2,3.1,3.3,3.4,Needs improvement,Yes
REV000851,BKG003165,HTL002,GST00650,2026-04-19,Tripadvisor,4.1,3.5,4.9,4.5,3.6,Convenient hotel,Yes
REV000852,BKG003168,HTL005,GST00510,2025-01-19,Post-stay Survey,3.7,4.4,4.3,4.1,3.4,Fine for a short stay,Yes
REV000853,BKG003171,HTL005,GST01647,2025-12-13,Booking.com,3.7,3.8,3.9,4,3.9,Comfortable stay,Yes
REV000854,BKG003175,HTL002,GST00427,2025-06-28,Post-stay Survey,4.1,3.6,3.8,3.6,4.1,Fine for a short stay,Yes
REV000855,BKG003176,HTL002,GST00039,2024-12-15,Tripadvisor,4.6,4.6,3.8,4.7,3.9,Lovely weekend,No
REV000856,BKG003180,HTL006,GST00853,2025-05-17,Google,4.7,4.9,4.6,5,4.5,Would stay again,Yes
REV000857,BKG003181,HTL006,GST00012,2025-08-13,Booking.com,4.1,4.3,4.1,4,3.5,Fine for a short stay,Yes
REV000858,BKG003183,HTL005,GST00020,2024-12-30,Tripadvisor,3,3.2,2.7,3.4,2.8,Disappointing stay,Yes
REV000859,BKG003184,HTL001,GST01251,2026-09-02,Post-stay Survey,4.3,4,4.5,4.6,4.5,Good business stay,Yes
REV000860,BKG003194,HTL005,GST00373,2026-08-01,Post-stay Survey,4.5,4.9,5,4.5,5,Very comfortable,Yes
REV000861,BKG003198,HTL002,GST00331,2026-04-12,Tripadvisor,3.4,3.5,4.2,3.6,3.7,Mostly positive,No
REV000862,BKG003199,HTL003,GST00005,2025-05-15,Expedia,4.1,4.2,4.3,4.2,3.8,Fine for a short stay,Yes
REV000863,BKG003205,HTL002,GST00528,2026-04-03,Post-stay Survey,3.4,3,4,4.1,3.6,Convenient hotel,Yes
REV000864,BKG003212,HTL004,GST00067,2025-08-25,Booking.com,4.8,4.9,4.8,4.9,5,Would stay again,Yes
REV000865,BKG003213,HTL002,GST00812,2024-04-01,Booking.com,3.7,3.7,4.2,3.9,3.9,Good overall,Yes
REV000866,BKG003229,HTL003,GST01260,2024-09-02,Post-stay Survey,3.5,3.8,3.8,3.3,2.9,Convenient hotel,Yes
REV000867,BKG003231,HTL001,GST00577,2025-10-22,Expedia,3.5,3.5,3.8,3.2,3.2,Mostly positive,Yes
REV000868,BKG003235,HTL004,GST00852,2025-12-20,Tripadvisor,4.4,4.7,4.5,4.4,4.5,Good business stay,No
REV000869,BKG003237,HTL004,GST00423,2024-03-21,Google,4.8,4.6,4.3,4.6,4.9,Great stay,Yes
REV000870,BKG003244,HTL001,GST00331,2026-01-09,Google,3.8,4.2,3.8,4.3,3.7,Mostly positive,Yes
REV000871,BKG003251,HTL001,GST02137,2024-12-13,Expedia,5,5,4.5,4.7,4.1,Clean and convenient,Yes
REV000872,BKG003254,HTL006,GST00172,2025-08-04,Post-stay Survey,4.2,3.7,4.2,4,4,Would stay again,No
REV000873,BKG003255,HTL002,GST00733,2026-07-29,Tripadvisor,3.8,4,3.3,4.4,4.1,Convenient hotel,Yes
REV000874,BKG003261,HTL001,GST00820,2026-03-11,Tripadvisor,4.5,4.5,4.9,4.4,3.9,Would stay again,Yes
REV000875,BKG003262,HTL002,GST01239,2026-09-01,Google,3.9,3,4.1,4,3,Fine for a short stay,Yes
REV000876,BKG003266,HTL001,GST00545,2025-11-02,Expedia,5,5,4.8,4.8,5,Excellent location,No
REV000877,BKG003270,HTL002,GST01039,2026-08-01,Google,5,5,5,5,4.6,Great stay,Yes
REV000878,BKG003271,HTL005,GST00631,2024-04-23,Booking.com,4,4.2,4.3,4.4,4.1,Comfortable stay,Yes
REV000879,BKG003273,HTL006,GST00123,2026-03-03,Tripadvisor,4.4,4.3,4.6,5,4.1,Very comfortable,Yes
REV000880,BKG003274,HTL003,GST00606,2025-05-18,Expedia,3.3,3.2,3.4,4,3.5,Comfortable stay,Yes
REV000881,BKG003281,HTL004,GST00181,2026-05-23,Booking.com,3.9,3.5,3.8,4.3,3.7,Good overall,Yes
REV000882,BKG003286,HTL001,GST00419,2026-08-17,Tripadvisor,4.7,4.7,5,4.4,4.9,Would stay again,Yes
REV000883,BKG003290,HTL006,GST00133,2025-11-26,Post-stay Survey,4.3,3.9,4.3,5,4.6,Very comfortable,Yes
REV000884,BKG003293,HTL003,GST01735,2024-10-25,Booking.com,4.5,4.1,4.7,4.5,4.4,Very comfortable,Yes
REV000885,BKG003298,HTL001,GST00584,2026-07-12,Booking.com,5,5,4.7,4.2,4.5,Friendly team,Yes
REV000886,BKG003302,HTL001,GST00601,2026-02-14,Expedia,5,5,5,4.3,4.8,Friendly team,Yes
REV000887,BKG003311,HTL003,GST01241,2025-12-29,Post-stay Survey,3.7,4.3,3.6,3.7,4.1,Good overall,Yes
REV000888,BKG003317,HTL001,GST01776,2024-03-20,Booking.com,4.7,5,4.7,4.6,4.6,Great stay,Yes
REV000889,BKG003324,HTL006,GST02020,2026-08-04,Tripadvisor,4.7,4.5,5,4.5,4.4,Would stay again,Yes
REV000890,BKG003334,HTL005,GST00225,2024-08-15,Expedia,4.4,4.4,3.8,3.9,4.5,Good business stay,Yes
REV000891,BKG003336,HTL005,GST00305,2024-06-11,Expedia,3.4,2.7,2.9,3,3,Convenient hotel,Yes
REV000892,BKG003337,HTL006,GST00512,2026-08-09,Expedia,4.3,4.7,4.1,4.4,3.7,Friendly team,Yes
REV000893,BKG003340,HTL001,GST00892,2026-08-14,Booking.com,5,5,4.2,4.3,4.8,Great stay,Yes
REV000894,BKG003347,HTL002,GST00755,2026-04-15,Booking.com,4.6,4.8,5,4.5,5,Very comfortable,No
REV000895,BKG003355,HTL005,GST01652,2024-09-20,Google,4,4.5,3.5,4.4,4.7,Comfortable stay,No
REV000896,BKG003363,HTL002,GST00369,2026-01-05,Google,4,4.2,4.5,4.2,4.1,Solid city break,Yes
REV000897,BKG003366,HTL001,GST02091,2025-07-21,Expedia,3.8,3.6,4.4,4,3.9,Comfortable stay,Yes
REV000898,BKG003368,HTL006,GST01202,2025-05-10,Google,4.9,5,5,4.7,4.3,Very comfortable,Yes
REV000899,BKG003370,HTL004,GST00726,2025-01-30,Booking.com,3.7,4.1,3.7,3.9,4.4,Good overall,No
REV000900,BKG003373,HTL001,GST00076,2026-05-21,Post-stay Survey,4.1,4.3,3.8,4.3,4.3,Fine for a short stay,Yes
REV000901,BKG003374,HTL002,GST01853,2024-06-04,Google,5,5,5,4.6,5,Clean and convenient,Yes
REV000902,BKG003375,HTL002,GST00985,2026-01-04,Post-stay Survey,4.4,4,3.8,4.9,4.8,Good business stay,Yes
REV000903,BKG003377,HTL004,GST00875,2026-06-27,Google,4.5,4.2,3.9,4.2,4.4,Good business stay,Yes
REV000904,BKG003380,HTL006,GST00081,2025-10-04,Post-stay Survey,3.9,3.2,4.5,4.4,3.7,Mostly positive,No
REV000905,BKG003388,HTL002,GST00231,2026-05-09,Google,4.5,4.5,5,4.8,4.2,Very comfortable,No
REV000906,BKG003396,HTL002,GST00653,2024-07-04,Post-stay Survey,4.4,4,4.1,4.4,4,Excellent location,Yes
REV000907,BKG003401,HTL004,GST02206,2026-05-05,Expedia,5,4.6,4.9,4.8,5,Great stay,Yes
REV000908,BKG003402,HTL002,GST00169,2026-05-18,Expedia,4.2,4.4,4,4.5,4,Very comfortable,Yes
REV000909,BKG003409,HTL003,GST00696,2024-06-19,Google,4.7,4.7,5,4.4,5,Excellent location,Yes
REV000910,BKG003417,HTL001,GST01196,2025-03-11,Google,3.1,2.7,3.2,3.2,3.5,Disappointing stay,Yes
REV000911,BKG003420,HTL002,GST01263,2025-04-28,Booking.com,3.9,3.1,4.2,4.4,3.2,Mostly positive,Yes
REV000912,BKG003423,HTL006,GST00371,2024-02-01,Post-stay Survey,4.1,4,4.1,4.6,3.8,Comfortable stay,Yes
REV000913,BKG003424,HTL001,GST00043,2025-07-01,Google,4.5,4.6,4.4,4.8,5,Lovely weekend,Yes
REV000914,BKG003425,HTL004,GST01199,2025-11-17,Google,4.5,4,4.3,4.9,5,Very comfortable,Yes
REV000915,BKG003426,HTL001,GST00391,2024-12-24,Expedia,3.6,3.8,4.2,4,3.7,Mostly positive,Yes
REV000916,BKG003436,HTL005,GST01697,2026-07-01,Booking.com,4.3,4.4,3.9,4.3,4.3,Very comfortable,Yes
REV000917,BKG003444,HTL003,GST01450,2024-08-18,Tripadvisor,3.7,4,2.7,3.5,3.6,Solid city break,Yes
REV000918,BKG003452,HTL003,GST00018,2024-10-20,Post-stay Survey,3.2,2.8,2.7,3.3,2.8,Comfortable stay,Yes
REV000919,BKG003454,HTL001,GST00256,2024-07-18,Expedia,4.3,4.3,4.2,4.5,3.8,Great stay,No
REV000920,BKG003455,HTL002,GST00389,2024-12-18,Booking.com,4.3,4.6,4.5,4.2,4.2,Clean and convenient,Yes
REV000921,BKG003461,HTL001,GST00751,2024-03-31,Tripadvisor,4.7,4.7,5,4.6,5,Excellent location,Yes
REV000922,BKG003467,HTL001,GST00884,2024-06-11,Google,5,4.4,4.5,5,4.8,Would stay again,No
REV000923,BKG003473,HTL002,GST02151,2025-10-13,Post-stay Survey,4.1,4.3,4,4.3,3.5,Good overall,Yes
REV000924,BKG003474,HTL003,GST01569,2024-10-31,Google,3.9,4.6,4.2,3.8,4.4,Mostly positive,No
REV000925,BKG003475,HTL001,GST00357,2025-10-11,Expedia,3.4,3.3,3.7,3.6,2.7,Fine for a short stay,Yes
REV000926,BKG003478,HTL003,GST01070,2024-04-24,Google,3.3,3.3,2.9,3.6,3,Mostly positive,No
REV000927,BKG003482,HTL004,GST00285,2024-03-31,Post-stay Survey,4.4,3.9,3.7,4.6,3.8,Good business stay,Yes
REV000928,BKG003485,HTL002,GST01069,2026-09-10,Tripadvisor,4,4.2,3.7,4.1,3.9,Fine for a short stay,Yes
REV000929,BKG003488,HTL002,GST00043,2025-03-16,Post-stay Survey,3.9,4,3.7,4.5,4.5,Mostly positive,Yes
REV000930,BKG003492,HTL002,GST00130,2026-01-02,Booking.com,4.5,5,3.6,3.9,5,Friendly team,No
REV000931,BKG003497,HTL003,GST01783,2026-06-17,Booking.com,4.3,4.6,5,4.6,3.6,Lovely weekend,Yes
REV000932,BKG003498,HTL004,GST02289,2026-08-15,Expedia,4.8,5,5,4.2,4.2,Good business stay,Yes
REV000933,BKG003503,HTL004,GST00673,2024-09-06,Booking.com,3.5,3.4,3.1,3.4,3.6,Comfortable stay,No
REV000934,BKG003505,HTL001,GST00780,2025-03-12,Expedia,5,5,4.5,4.9,4.6,Good business stay,No
REV000935,BKG003514,HTL001,GST00081,2025-05-21,Post-stay Survey,4.4,4.9,4.4,4.2,4.7,Lovely weekend,Yes
REV000936,BKG003520,HTL002,GST00408,2024-07-21,Post-stay Survey,4.1,4.3,4.5,4.4,3.5,Convenient hotel,Yes
REV000937,BKG003521,HTL003,GST00952,2025-06-20,Tripadvisor,4,4,4.1,3.6,4.6,Mostly positive,Yes
REV000938,BKG003523,HTL002,GST01630,2024-04-01,Tripadvisor,4.3,3.9,4.2,4.7,4.8,Great stay,Yes
REV000939,BKG003525,HTL001,GST01569,2026-06-29,Booking.com,4.1,4,4,4.4,3.6,Fine for a short stay,No
REV000940,BKG003526,HTL003,GST00742,2025-03-01,Post-stay Survey,3.8,4.1,3.5,4.6,4.3,Convenient hotel,Yes
REV000941,BKG003527,HTL004,GST00749,2025-08-10,Post-stay Survey,5,5,5,4.5,5,Excellent location,Yes
REV000942,BKG003532,HTL001,GST00733,2026-01-04,Booking.com,5,5,5,4.9,4.9,Friendly team,Yes
REV000943,BKG003535,HTL001,GST01030,2024-09-28,Expedia,5,5,5,4.7,5,Very comfortable,No
REV000944,BKG003539,HTL004,GST02127,2026-07-26,Booking.com,4.3,4,3.8,4.3,4.3,Very comfortable,Yes
REV000945,BKG003541,HTL002,GST02139,2025-04-13,Tripadvisor,4.7,4.7,4.6,4.8,4.1,Clean and convenient,Yes
REV000946,BKG003550,HTL006,GST01083,2024-09-21,Expedia,4.3,4.1,5,4.5,4.2,Very comfortable,Yes
REV000947,BKG003551,HTL001,GST01195,2026-07-05,Expedia,4.6,4.9,3.9,4.7,3.7,Lovely weekend,Yes
REV000948,BKG003552,HTL003,GST00754,2024-08-08,Expedia,5,5,4,5,5,Friendly team,Yes
REV000949,BKG003558,HTL006,GST00864,2026-08-15,Post-stay Survey,4.5,4.5,4.2,4.6,4.6,Would stay again,Yes
REV000950,BKG003566,HTL002,GST00038,2026-04-27,Expedia,4.8,5,4.5,4.8,5,Excellent location,Yes
REV000951,BKG003568,HTL002,GST01233,2024-08-27,Booking.com,4.8,5,4.7,5,5,Friendly team,Yes
REV000952,BKG003571,HTL006,GST00725,2024-07-01,Booking.com,4.3,4.8,5,4.8,4.7,Very comfortable,Yes
REV000953,BKG003572,HTL005,GST00840,2025-11-10,Booking.com,4.7,4.9,4.3,4.4,4.6,Very comfortable,Yes
REV000954,BKG003575,HTL001,GST01018,2025-11-20,Booking.com,4.2,4.1,4.8,4,3.9,Good business stay,Yes
REV000955,BKG003585,HTL006,GST01623,2025-11-27,Tripadvisor,3.6,3.8,3.7,3.8,3.1,Good overall,Yes
REV000956,BKG003594,HTL006,GST00201,2024-05-19,Booking.com,5,4.7,5,4.8,4.4,Would stay again,Yes
REV000957,BKG003597,HTL004,GST00458,2026-08-05,Google,5,5,4.8,4.4,5,Good business stay,Yes
REV000958,BKG003598,HTL005,GST01335,2025-10-28,Expedia,3.9,4,4.7,4.2,3.5,Fine for a short stay,Yes
REV000959,BKG003600,HTL002,GST01618,2024-10-05,Post-stay Survey,5,5,5,5,4.5,Excellent location,Yes
REV000960,BKG003603,HTL004,GST01722,2024-08-03,Post-stay Survey,4,4.7,3.7,3.8,3.8,Convenient hotel,Yes
REV000961,BKG003604,HTL004,GST01986,2025-06-19,Tripadvisor,4.6,4.2,5,4.5,5,Lovely weekend,Yes
REV000962,BKG003605,HTL001,GST00979,2026-05-06,Booking.com,4,4.6,3.6,4.3,3.9,Comfortable stay,Yes
REV000963,BKG003606,HTL006,GST00129,2025-02-19,Expedia,4.8,5,4.1,5,4.7,Lovely weekend,Yes
REV000964,BKG003610,HTL005,GST01459,2025-07-02,Expedia,4.1,4.1,3.3,4,4.4,Good overall,Yes
REV000965,BKG003614,HTL004,GST01539,2025-08-27,Booking.com,3.9,3.5,3.9,3.9,4.3,Good overall,No
REV000966,BKG003617,HTL001,GST00378,2025-09-23,Booking.com,4,4,3.7,4.8,4,Mostly positive,No
REV000967,BKG003623,HTL004,GST00494,2025-04-19,Booking.com,4.6,4.8,4.8,5,4,Very comfortable,Yes
REV000968,BKG003632,HTL002,GST01336,2025-09-04,Expedia,4.6,4.9,4.5,4.4,4.4,Friendly team,Yes
REV000969,BKG003635,HTL005,GST01162,2025-05-26,Post-stay Survey,4.4,4.8,4,4.7,5,Clean and convenient,Yes
REV000970,BKG003636,HTL005,GST00917,2025-03-22,Post-stay Survey,3.8,4.2,2.8,4.5,4.1,Convenient hotel,Yes
REV000971,BKG003638,HTL004,GST01302,2024-05-14,Booking.com,4.1,4.1,4.3,3.7,3.8,Good overall,Yes
REV000972,BKG003640,HTL001,GST01979,2024-11-27,Booking.com,4.8,4.8,5,4.4,5,Clean and convenient,Yes
REV000973,BKG003651,HTL005,GST01721,2024-06-27,Tripadvisor,4,3.8,3.9,4,3.5,Solid city break,Yes
REV000974,BKG003654,HTL004,GST00475,2025-09-02,Post-stay Survey,4.9,4.5,4.5,4.4,4.6,Friendly team,No
REV000975,BKG003659,HTL005,GST00831,2024-06-22,Post-stay Survey,3.6,3.8,3.6,3.8,3.4,Comfortable stay,Yes
REV000976,BKG003663,HTL002,GST01187,2024-02-21,Expedia,4,4.4,3.9,4.4,3.5,Mostly positive,Yes
REV000977,BKG003664,HTL003,GST00382,2024-01-26,Expedia,3.5,4.1,4,3.4,3.4,Solid city break,Yes
REV000978,BKG003666,HTL002,GST01116,2024-02-06,Post-stay Survey,5,5,5,4.6,4.9,Lovely weekend,Yes
REV000979,BKG003672,HTL004,GST02121,2024-12-22,Tripadvisor,4.2,3.4,3.8,4.5,3.5,Very comfortable,Yes
REV000980,BKG003673,HTL003,GST01841,2025-11-12,Booking.com,2.9,3,3.3,3,3,Needs improvement,Yes
REV000981,BKG003675,HTL002,GST00293,2025-07-06,Booking.com,4.5,4.3,3.9,4.9,3.7,Very comfortable,Yes
REV000982,BKG003676,HTL004,GST01018,2024-06-08,Booking.com,4.9,5,5,4.1,4.2,Friendly team,Yes
REV000983,BKG003679,HTL003,GST00992,2026-05-28,Booking.com,4.3,4.9,3.9,4.4,4.9,Very comfortable,Yes
REV000984,BKG003681,HTL003,GST02237,2026-06-27,Tripadvisor,3.5,3.7,3.2,4.2,3.8,Good overall,Yes
REV000985,BKG003699,HTL004,GST01133,2025-05-09,Google,5,4.7,5,4.9,5,Lovely weekend,Yes
REV000986,BKG003700,HTL001,GST02199,2026-07-05,Booking.com,4.3,4.3,4.1,4.3,4.3,Clean and convenient,Yes
REV000987,BKG003703,HTL003,GST02258,2025-09-10,Expedia,3.7,4.3,4.2,3.9,3.8,Solid city break,Yes
REV000988,BKG003704,HTL003,GST00178,2024-08-22,Expedia,3.7,4.3,3.4,4.6,3.6,Good overall,Yes
REV000989,BKG003709,HTL006,GST01829,2024-03-22,Booking.com,4,4.5,4,3.6,3.6,Good overall,Yes
REV000990,BKG003713,HTL004,GST00089,2024-09-29,Post-stay Survey,4,4.1,4.4,4.3,3.5,Convenient hotel,No
REV000991,BKG003721,HTL005,GST00007,2026-02-24,Expedia,3.8,3.9,3.9,4.3,3.4,Comfortable stay,Yes
REV000992,BKG003727,HTL004,GST00109,2024-08-26,Booking.com,5,5,5,4.6,4.6,Friendly team,Yes
REV000993,BKG003730,HTL004,GST01323,2026-03-04,Tripadvisor,4.1,3.5,4.1,4.3,4.7,Solid city break,Yes
REV000994,BKG003736,HTL001,GST00892,2024-10-05,Tripadvisor,4.3,4.1,4.8,4.3,3.9,Lovely weekend,Yes
REV000995,BKG003742,HTL004,GST00061,2026-01-30,Tripadvisor,4.2,5,3.8,4.5,4.5,Lovely weekend,Yes
REV000996,BKG003744,HTL006,GST01872,2026-08-20,Tripadvisor,3.3,3,2.7,3.1,3.9,Fine for a short stay,Yes
REV000997,BKG003745,HTL005,GST00237,2024-06-26,Post-stay Survey,3.4,3.7,3.3,3,3.5,Solid city break,Yes
REV000998,BKG003747,HTL004,GST00078,2026-02-27,Google,4.4,3.6,4.6,4.5,4.3,Friendly team,Yes
REV000999,BKG003750,HTL005,GST00411,2026-05-21,Post-stay Survey,3.6,4,4.1,3.3,3.8,Comfortable stay,No
REV001000,BKG003751,HTL005,GST00684,2024-11-03,Tripadvisor,4.2,3.9,4.3,4.4,3.7,Clean and convenient,No
REV001001,BKG003762,HTL002,GST01028,2024-12-31,Tripadvisor,3.9,3.9,3.9,4.3,4,Mostly positive,Yes
REV001002,BKG003764,HTL005,GST00006,2024-05-04,Post-stay Survey,4.6,4.3,4.5,5,5,Lovely weekend,Yes
REV001003,BKG003765,HTL005,GST01527,2024-12-12,Post-stay Survey,4.1,4.3,3.4,4.3,4.7,Fine for a short stay,Yes
REV001004,BKG003772,HTL005,GST01493,2025-10-10,Google,5,5,5,4.4,4.9,Clean and convenient,Yes
REV001005,BKG003774,HTL001,GST01272,2025-03-22,Google,4,3.8,3.5,4.4,4.8,Mostly positive,Yes
REV001006,BKG003781,HTL006,GST01251,2025-06-27,Tripadvisor,4.1,4.4,3.3,3.9,3.6,Solid city break,Yes
REV001007,BKG003782,HTL001,GST01542,2026-08-13,Post-stay Survey,3.7,3.5,3,4.3,3.6,Mostly positive,Yes
REV001008,BKG003787,HTL005,GST00055,2025-10-24,Post-stay Survey,3.8,3.7,3.7,4,4.1,Solid city break,Yes
REV001009,BKG003790,HTL004,GST00177,2024-06-27,Post-stay Survey,4.4,4.4,4.9,5,4.9,Good business stay,Yes
REV001010,BKG003794,HTL003,GST00077,2025-12-07,Google,3.9,4,3.7,4,4.1,Convenient hotel,Yes
REV001011,BKG003795,HTL002,GST00054,2026-06-15,Post-stay Survey,4.5,4.2,4.9,5,4.3,Lovely weekend,Yes
REV001012,BKG003811,HTL001,GST00953,2026-08-21,Post-stay Survey,5,5,5,5,4.7,Clean and convenient,Yes
REV001013,BKG003814,HTL002,GST00120,2025-08-27,Google,4.2,4.6,3.3,4.5,3.5,Very comfortable,Yes
REV001014,BKG003817,HTL005,GST00897,2024-05-31,Post-stay Survey,3.7,4.2,3.2,4.3,4,Fine for a short stay,Yes
REV001015,BKG003823,HTL003,GST00125,2024-01-14,Booking.com,4.8,4.4,4.9,4.8,5,Great stay,Yes
REV001016,BKG003831,HTL003,GST01013,2025-08-12,Expedia,3.7,3.3,3.1,3.6,3.8,Mostly positive,Yes
REV001017,BKG003833,HTL006,GST00935,2025-04-09,Tripadvisor,5,5,5,4.5,5,Great stay,Yes
REV001018,BKG003835,HTL006,GST00101,2026-05-28,Tripadvisor,4.4,3.9,4.7,4.2,3.9,Excellent location,Yes
REV001019,BKG003839,HTL001,GST01685,2026-08-26,Booking.com,4.8,4.8,5,4.9,5,Lovely weekend,Yes
REV001020,BKG003852,HTL001,GST00913,2026-05-08,Booking.com,5,5,4.8,4,5,Friendly team,Yes
REV001021,BKG003855,HTL002,GST00022,2025-07-26,Google,4.5,4.5,3.6,4.7,4.6,Lovely weekend,No
REV001022,BKG003857,HTL006,GST01872,2025-05-15,Expedia,4.7,4.9,4.5,4.8,3.6,Friendly team,Yes
REV001023,BKG003861,HTL004,GST00032,2024-06-14,Tripadvisor,4.3,4.1,4.4,3.9,3.7,Good business stay,Yes
REV001024,BKG003863,HTL003,GST02111,2026-05-13,Booking.com,4,4.1,3.5,3.9,4.1,Fine for a short stay,Yes
REV001025,BKG003865,HTL002,GST01220,2024-09-05,Google,3.8,3.9,4.2,4,4.4,Comfortable stay,Yes
REV001026,BKG003871,HTL003,GST01352,2025-02-02,Expedia,4.4,4.1,4.3,4.1,4.8,Lovely weekend,No
REV001027,BKG003872,HTL001,GST01905,2025-06-28,Post-stay Survey,5,5,4.6,4.5,5,Would stay again,Yes
REV001028,BKG003880,HTL001,GST01280,2024-05-01,Post-stay Survey,4.3,4,4.4,4.7,3.9,Friendly team,Yes
REV001029,BKG003885,HTL001,GST01599,2024-12-07,Tripadvisor,2.6,3,2.6,2.8,2.5,Needs improvement,No
REV001030,BKG003887,HTL001,GST00535,2025-07-12,Google,3.9,4.2,3.7,3.8,3,Good overall,Yes
REV001031,BKG003898,HTL002,GST00001,2026-08-05,Google,3.8,3.6,4.4,4.5,3.7,Fine for a short stay,Yes
REV001032,BKG003904,HTL002,GST00968,2026-07-02,Tripadvisor,4.3,4.5,4.1,4.6,4.4,Excellent location,Yes
REV001033,BKG003908,HTL005,GST01177,2024-07-20,Post-stay Survey,3.8,3.8,3.2,3.6,4.1,Comfortable stay,Yes
REV001034,BKG003909,HTL006,GST00755,2025-04-14,Post-stay Survey,4.2,4.9,3.7,3.6,4.5,Clean and convenient,Yes
REV001035,BKG003913,HTL003,GST01999,2025-11-23,Post-stay Survey,4,3.8,3.6,4.3,3.3,Fine for a short stay,Yes
REV001036,BKG003915,HTL003,GST01576,2024-10-09,Booking.com,4.5,4.9,4,5,5,Lovely weekend,Yes
REV001037,BKG003921,HTL001,GST01075,2024-05-17,Google,4.8,5,4.8,5,4.5,Lovely weekend,Yes
REV001038,BKG003934,HTL001,GST00104,2025-05-08,Tripadvisor,4,4.1,3.7,4.2,3.9,Good overall,Yes
REV001039,BKG003945,HTL004,GST00646,2026-01-10,Tripadvisor,4.9,5,5,4.4,5,Great stay,Yes
REV001040,BKG003949,HTL005,GST00133,2024-10-15,Expedia,3.6,3.9,3.9,3.6,3.6,Solid city break,Yes
REV001041,BKG003954,HTL005,GST00227,2024-10-24,Expedia,3.1,3.4,3.2,2.8,3.6,Mixed experience,Yes
REV001042,BKG003956,HTL001,GST01267,2024-12-16,Post-stay Survey,3.8,4,4.2,4.4,3.6,Solid city break,Yes
REV001043,BKG003961,HTL005,GST00601,2024-11-27,Expedia,4.6,4.9,4.1,4.5,4.5,Lovely weekend,Yes
REV001044,BKG003966,HTL004,GST01316,2025-07-26,Google,3.8,3.1,4.4,4.1,4.1,Good overall,Yes
REV001045,BKG003970,HTL001,GST02178,2024-06-01,Booking.com,4.2,4.4,4.7,4.9,4.4,Very comfortable,Yes
REV001046,BKG003976,HTL002,GST00022,2025-06-18,Google,4.6,4.8,5,4.5,4.3,Lovely weekend,Yes
REV001047,BKG003978,HTL004,GST01035,2024-03-03,Booking.com,4.4,4.1,4.3,4.5,4.6,Clean and convenient,Yes
REV001048,BKG003983,HTL003,GST00054,2025-08-29,Booking.com,4.3,4.9,4,5,3.5,Good business stay,Yes
REV001049,BKG003994,HTL001,GST01090,2024-04-01,Booking.com,3.9,4.1,3.9,4.2,3.4,Solid city break,Yes
REV001050,BKG004001,HTL003,GST01728,2025-07-16,Tripadvisor,4.4,4.4,4.7,4.9,4.8,Great stay,Yes
REV001051,BKG004003,HTL006,GST00706,2025-02-06,Google,4.3,4.4,4,4.6,2.7,Would stay again,Yes
REV001052,BKG004004,HTL006,GST01371,2025-11-25,Booking.com,4.4,4.8,4.7,4.5,4.2,Would stay again,Yes
REV001053,BKG004010,HTL004,GST00809,2024-09-22,Google,5,5,4.1,4.9,5,Excellent location,Yes
REV001054,BKG004012,HTL006,GST00294,2024-11-18,Tripadvisor,5,4.7,4.6,4.5,4.6,Good business stay,Yes
REV001055,BKG004016,HTL002,GST01324,2026-06-25,Expedia,4,4.1,4,4.4,4.2,Mostly positive,Yes
REV001056,BKG004017,HTL002,GST00790,2025-01-01,Booking.com,4.9,5,4.7,5,3.9,Great stay,Yes
REV001057,BKG004019,HTL005,GST00142,2025-03-23,Tripadvisor,4.4,4.2,4.1,5,4.9,Excellent location,Yes
REV001058,BKG004024,HTL003,GST00627,2024-08-06,Tripadvisor,3.4,3.5,3.3,3.3,3,Comfortable stay,Yes
REV001059,BKG004027,HTL004,GST01715,2025-09-21,Booking.com,4,4.1,4.1,4.4,3.5,Mostly positive,Yes
REV001060,BKG004028,HTL002,GST00612,2026-04-12,Booking.com,4,4,4.1,3.9,3.8,Mostly positive,Yes
REV001061,BKG004031,HTL003,GST00268,2024-10-07,Expedia,3.1,3.4,3.1,3.3,2.8,Needs improvement,Yes
REV001062,BKG004032,HTL006,GST00904,2024-09-17,Expedia,3.4,3,3.4,3.8,3.1,Mostly positive,Yes
REV001063,BKG004038,HTL002,GST01082,2025-12-28,Google,4.1,4.2,4.3,3.8,4.4,Good overall,Yes
REV001064,BKG004040,HTL001,GST00140,2024-06-20,Booking.com,3.5,2.7,2.9,3.3,3,Convenient hotel,Yes
REV001065,BKG004042,HTL005,GST00963,2025-12-05,Google,3.1,2.9,3.4,3.1,3.1,Not as expected,Yes
REV001066,BKG004043,HTL003,GST01038,2024-08-06,Expedia,5,4.8,4.9,4.8,4.3,Excellent location,Yes
REV001067,BKG004047,HTL004,GST00675,2024-12-29,Google,4.4,4,4.6,5,4.4,Clean and convenient,Yes
REV001068,BKG004050,HTL003,GST00184,2024-07-23,Expedia,4.2,4.5,4.1,4.2,4.2,Good business stay,Yes
REV001069,BKG004051,HTL005,GST01123,2025-08-21,Expedia,3.8,3.9,4,4,3.9,Fine for a short stay,Yes
REV001070,BKG004052,HTL004,GST01461,2024-10-30,Post-stay Survey,4,4.7,4.7,4.5,3.8,Good overall,No
REV001071,BKG004055,HTL006,GST00835,2024-07-19,Google,4.4,4.4,4.7,4.8,3.6,Good business stay,Yes
REV001072,BKG004057,HTL004,GST00001,2025-08-20,Tripadvisor,3.1,3.2,3.1,3.8,4.1,Disappointing stay,Yes
REV001073,BKG004058,HTL003,GST01401,2025-05-10,Post-stay Survey,3.8,4.2,4.6,3.1,4.7,Comfortable stay,Yes
REV001074,BKG004062,HTL005,GST00002,2024-08-24,Expedia,4.6,4.3,4.4,4.5,4.1,Clean and convenient,Yes
REV001075,BKG004065,HTL006,GST01555,2026-05-22,Expedia,4.6,5,4.6,4.6,5,Lovely weekend,No
REV001076,BKG004066,HTL004,GST00291,2024-10-26,Tripadvisor,4.2,4.9,4.3,5,4.7,Great stay,Yes
REV001077,BKG004068,HTL006,GST00342,2025-08-05,Google,4.4,4.7,5,4.3,4.5,Would stay again,Yes
REV001078,BKG004070,HTL004,GST01499,2026-06-15,Post-stay Survey,4,4.3,3.9,4.5,4.5,Good overall,No
REV001079,BKG004071,HTL001,GST00965,2025-12-05,Google,3.7,4.2,3.9,4,4.1,Convenient hotel,Yes
REV001080,BKG004076,HTL001,GST00206,2026-05-13,Expedia,3.9,3.5,4,3.8,3.8,Mostly positive,Yes
REV001081,BKG004077,HTL006,GST01821,2024-04-01,Tripadvisor,3.3,4.1,2.9,3.3,2.5,Solid city break,Yes
REV001082,BKG004088,HTL006,GST01459,2026-06-13,Tripadvisor,4.1,4.1,4.6,4.8,3.6,Convenient hotel,Yes
REV001083,BKG004092,HTL005,GST00335,2025-09-15,Google,4.4,4.4,3.6,4.9,5,Would stay again,Yes
REV001084,BKG004106,HTL005,GST01161,2025-11-05,Post-stay Survey,4.7,4.6,4.8,4.9,5,Friendly team,Yes
REV001085,BKG004107,HTL006,GST00301,2024-09-14,Expedia,5,5,5,5,5,Good business stay,Yes
REV001086,BKG004109,HTL005,GST01739,2026-07-30,Post-stay Survey,4.1,4.8,3.5,4.2,3.9,Comfortable stay,No
REV001087,BKG004117,HTL001,GST00652,2024-09-18,Google,4.4,4.9,4.2,5,4.3,Excellent location,No
REV001088,BKG004119,HTL001,GST00759,2025-09-25,Post-stay Survey,5,5,5,4.4,4.5,Lovely weekend,Yes
REV001089,BKG004123,HTL005,GST02287,2025-08-24,Tripadvisor,4.5,4.9,4.2,4.6,4.3,Good business stay,Yes
REV001090,BKG004126,HTL003,GST02012,2026-05-24,Tripadvisor,3.6,3.3,2.9,3.5,3.2,Fine for a short stay,Yes
REV001091,BKG004128,HTL002,GST00004,2025-04-20,Tripadvisor,3.5,3.2,2.8,3.9,3.7,Good overall,Yes
REV001092,BKG004130,HTL005,GST00944,2026-05-31,Post-stay Survey,4.6,5,5,4.1,4,Lovely weekend,Yes
REV001093,BKG004131,HTL005,GST01390,2026-09-04,Expedia,3.5,3.5,3.5,3.6,3.5,Comfortable stay,Yes
REV001094,BKG004145,HTL002,GST00224,2024-03-03,Tripadvisor,4.1,4.3,4,4.2,4.3,Convenient hotel,Yes
REV001095,BKG004146,HTL005,GST02209,2025-01-22,Expedia,4.4,4.5,3.8,5,3.4,Good business stay,Yes
REV001096,BKG004148,HTL001,GST01678,2025-03-02,Expedia,4.8,5,4.7,4.3,5,Would stay again,Yes
REV001097,BKG004150,HTL001,GST01228,2026-04-13,Booking.com,3.9,4.4,4,4.3,3.7,Fine for a short stay,Yes
REV001098,BKG004158,HTL002,GST00411,2026-05-02,Post-stay Survey,3.5,3.4,3.6,3.4,3.1,Fine for a short stay,No
REV001099,BKG004162,HTL005,GST00943,2025-08-17,Google,4,4.4,3.5,3.6,4.5,Fine for a short stay,Yes
REV001100,BKG004164,HTL001,GST00271,2024-09-03,Tripadvisor,3.9,3.8,4.2,4.4,2.8,Convenient hotel,Yes
REV001101,BKG004179,HTL004,GST00010,2024-09-04,Expedia,3.5,3.5,3.5,3.3,4.1,Convenient hotel,Yes
REV001102,BKG004185,HTL003,GST01157,2025-06-01,Booking.com,3.7,3.3,3.5,3.9,3.7,Fine for a short stay,Yes
REV001103,BKG004186,HTL005,GST01739,2024-11-09,Booking.com,4.7,4.2,4.5,4.7,4.4,Would stay again,No
REV001104,BKG004190,HTL004,GST01657,2024-10-05,Tripadvisor,4.7,4.7,4.3,4.9,4.3,Clean and convenient,Yes
REV001105,BKG004202,HTL001,GST00615,2024-08-05,Expedia,4.8,5,4.2,4.7,4.9,Good business stay,Yes
REV001106,BKG004205,HTL004,GST00292,2024-06-30,Tripadvisor,5,4.5,4.7,4.5,4.8,Great stay,Yes
REV001107,BKG004208,HTL006,GST00943,2026-08-14,Tripadvisor,3.7,3.8,4.4,3.9,3.6,Solid city break,Yes
REV001108,BKG004211,HTL001,GST01942,2024-10-01,Google,4.5,4.4,4.5,4.8,4.9,Lovely weekend,No
REV001109,BKG004213,HTL001,GST02073,2026-01-31,Expedia,5,5,5,4.6,5,Excellent location,Yes
REV001110,BKG004215,HTL005,GST01035,2024-12-27,Tripadvisor,3.5,3.4,4,3.7,3.8,Good overall,Yes
REV001111,BKG004226,HTL001,GST01323,2024-07-07,Booking.com,4.5,3.8,4.3,4.7,4.6,Great stay,Yes
REV001112,BKG004227,HTL002,GST00531,2026-03-21,Post-stay Survey,4.5,4.3,4.4,4.9,4.1,Would stay again,Yes
REV001113,BKG004229,HTL005,GST00103,2025-09-28,Google,3.7,3.7,3.4,3.2,3.4,Solid city break,Yes
REV001114,BKG004234,HTL002,GST01555,2026-05-30,Tripadvisor,5,5,5,5,4.2,Excellent location,Yes
REV001115,BKG004241,HTL005,GST00239,2024-02-16,Google,3.9,3.8,3.6,4.1,2.9,Good overall,Yes
REV001116,BKG004250,HTL002,GST00046,2024-12-19,Booking.com,5,5,5,4.9,5,Great stay,Yes
REV001117,BKG004253,HTL002,GST01368,2024-02-27,Post-stay Survey,4.5,4.1,4.3,5,4.8,Clean and convenient,Yes
REV001118,BKG004256,HTL003,GST01452,2025-08-24,Tripadvisor,3.7,3.9,3.7,3.5,2.9,Solid city break,No
REV001119,BKG004265,HTL004,GST00872,2024-10-08,Expedia,4.3,4.1,4.3,4.4,4.8,Great stay,Yes
REV001120,BKG004266,HTL005,GST01297,2024-09-17,Tripadvisor,4.1,4.6,4.4,4.6,4.4,Convenient hotel,No
REV001121,BKG004271,HTL005,GST01188,2025-01-09,Post-stay Survey,4.2,4.6,4.1,4.4,4.3,Excellent location,Yes
REV001122,BKG004277,HTL003,GST01149,2025-10-09,Tripadvisor,4.6,4.5,5,4.8,4.5,Great stay,Yes
REV001123,BKG004279,HTL003,GST01419,2025-05-26,Expedia,3.7,3.8,3.8,3.8,4.3,Fine for a short stay,Yes
REV001124,BKG004282,HTL006,GST00185,2026-07-06,Booking.com,3.8,4.1,3.7,3.4,3.5,Mostly positive,Yes
REV001125,BKG004284,HTL003,GST00794,2025-11-25,Tripadvisor,3.5,3.4,3.5,3,3.9,Mostly positive,Yes
REV001126,BKG004286,HTL003,GST00350,2026-05-11,Tripadvisor,5,4.7,4.5,4.2,4.5,Great stay,Yes
REV001127,BKG004287,HTL005,GST01739,2024-08-12,Expedia,3.6,3.7,3.7,4.3,3.3,Comfortable stay,Yes
REV001128,BKG004291,HTL002,GST01053,2026-05-03,Booking.com,4.2,4.1,4,4.5,4.1,Lovely weekend,Yes
REV001129,BKG004296,HTL002,GST00143,2026-06-04,Booking.com,4.3,4.1,4.2,4,4.7,Good business stay,Yes
REV001130,BKG004298,HTL005,GST00018,2024-09-18,Post-stay Survey,5,5,5,5,5,Very comfortable,Yes
REV001131,BKG004306,HTL002,GST00993,2026-07-29,Booking.com,4.5,4.2,5,4.7,4.7,Clean and convenient,Yes
REV001132,BKG004308,HTL005,GST01166,2026-09-05,Google,4.1,4.2,4.6,4.8,3.6,Fine for a short stay,Yes
REV001133,BKG004322,HTL004,GST00739,2026-02-12,Google,4.4,4.1,4.6,4.6,4.8,Would stay again,Yes
REV001134,BKG004343,HTL003,GST00088,2025-10-08,Tripadvisor,4.2,3.9,4.9,4.5,3.6,Great stay,No
REV001135,BKG004345,HTL004,GST00843,2025-04-04,Tripadvisor,4.2,3.8,3.9,4,4.4,Lovely weekend,Yes
REV001136,BKG004346,HTL006,GST00305,2025-04-11,Post-stay Survey,4.3,4.2,4.1,4.4,3.6,Good business stay,Yes
REV001137,BKG004349,HTL002,GST01395,2024-01-20,Post-stay Survey,5,5,5,4.7,5,Great stay,Yes
REV001138,BKG004352,HTL006,GST01182,2026-08-20,Post-stay Survey,5,5,5,4.4,4.5,Excellent location,Yes
REV001139,BKG004354,HTL004,GST01563,2024-05-29,Tripadvisor,4.4,4.6,3.9,4.7,4.2,Lovely weekend,Yes
REV001140,BKG004355,HTL004,GST00730,2026-05-08,Expedia,2.9,2.7,2.9,3.2,3.4,Disappointing stay,Yes
REV001141,BKG004363,HTL003,GST00155,2024-10-17,Google,4.4,4.9,4.3,4.7,4.4,Good business stay,Yes
REV001142,BKG004364,HTL001,GST01154,2026-03-07,Tripadvisor,3.6,4.1,2.9,4.1,2.6,Comfortable stay,Yes
REV001143,BKG004367,HTL003,GST00366,2025-01-21,Tripadvisor,5,5,5,3.6,5,Excellent location,No
REV001144,BKG004368,HTL005,GST00652,2024-03-14,Tripadvisor,4.6,5,4.7,4.7,4.4,Friendly team,Yes
REV001145,BKG004369,HTL003,GST01612,2025-05-17,Booking.com,3.8,3.7,3.8,4.5,3.3,Convenient hotel,Yes
REV001146,BKG004375,HTL001,GST00309,2025-12-10,Tripadvisor,4,4.3,3.7,4.2,4.1,Good overall,Yes
REV001147,BKG004380,HTL002,GST00369,2026-03-13,Booking.com,3.8,3.8,4,4.3,4.1,Fine for a short stay,Yes
REV001148,BKG004386,HTL001,GST00238,2025-08-09,Tripadvisor,4.1,4.4,4.3,4.5,4.7,Convenient hotel,Yes
REV001149,BKG004396,HTL001,GST00682,2026-07-01,Google,5,4.6,4.9,4.4,5,Very comfortable,No
REV001150,BKG004397,HTL003,GST00480,2025-06-27,Tripadvisor,4.8,5,4,4.4,5,Good business stay,Yes
REV001151,BKG004402,HTL002,GST01017,2026-04-15,Google,3.5,3.1,3.6,4,3.4,Convenient hotel,Yes
REV001152,BKG004403,HTL001,GST00015,2025-12-25,Expedia,3.5,3.7,3.5,4.8,3.7,Solid city break,Yes
REV001153,BKG004404,HTL006,GST01271,2025-06-08,Tripadvisor,4.6,4.4,4.2,4.9,4.8,Lovely weekend,Yes
REV001154,BKG004405,HTL004,GST01553,2026-08-22,Booking.com,4.2,4.1,3.6,4.5,3.8,Great stay,Yes
REV001155,BKG004406,HTL004,GST01266,2025-04-20,Post-stay Survey,3.6,4.3,3.8,4.5,4.3,Good overall,Yes
REV001156,BKG004407,HTL004,GST00918,2024-07-03,Tripadvisor,4.1,3.6,4.1,4.2,3.7,Fine for a short stay,Yes
REV001157,BKG004420,HTL004,GST00505,2026-03-17,Booking.com,5,4.7,5,4.9,4.5,Lovely weekend,Yes
REV001158,BKG004429,HTL006,GST00168,2024-06-07,Post-stay Survey,3.8,4.3,3.1,3.7,3.5,Convenient hotel,No
REV001159,BKG004430,HTL003,GST00478,2025-12-23,Booking.com,3.5,3.6,3.2,3.6,4,Solid city break,Yes
REV001160,BKG004432,HTL006,GST00077,2025-01-27,Post-stay Survey,4.3,3.7,3.8,4.3,4.4,Would stay again,No
REV001161,BKG004433,HTL005,GST01558,2024-04-21,Expedia,4.3,4.1,4.2,4.3,4,Would stay again,Yes
REV001162,BKG004438,HTL005,GST00079,2024-06-01,Google,3.8,3.7,3.4,4.3,3.9,Solid city break,Yes
REV001163,BKG004439,HTL001,GST01575,2024-06-28,Post-stay Survey,3.9,4.5,4,3.9,3.5,Good overall,Yes
REV001164,BKG004442,HTL001,GST00016,2026-01-03,Expedia,4.3,4.2,4.3,4.4,4.3,Excellent location,No
REV001165,BKG004443,HTL001,GST01445,2026-03-08,Post-stay Survey,3.2,3.4,3.2,3.6,2.8,Mostly positive,No
REV001166,BKG004444,HTL001,GST02294,2024-12-20,Expedia,4.4,4,4.4,4.6,3.5,Would stay again,Yes
REV001167,BKG004447,HTL001,GST00469,2025-10-19,Tripadvisor,4.1,4,3.5,4.1,4.4,Comfortable stay,Yes
REV001168,BKG004448,HTL004,GST00002,2025-10-12,Tripadvisor,4.8,4.9,4.8,4.9,4.8,Good business stay,Yes
REV001169,BKG004450,HTL002,GST00226,2024-09-24,Expedia,4.3,3.9,4.5,4.4,4.7,Clean and convenient,Yes
REV001170,BKG004454,HTL002,GST00051,2026-02-27,Booking.com,4.3,4.2,4.9,4.5,5,Lovely weekend,Yes
REV001171,BKG004457,HTL006,GST02163,2024-08-18,Expedia,4.7,4.6,5,4.5,4.6,Good business stay,Yes
REV001172,BKG004458,HTL002,GST00030,2025-04-21,Tripadvisor,4.6,4.7,5,4.4,4.6,Good business stay,Yes
REV001173,BKG004470,HTL006,GST00360,2025-05-25,Post-stay Survey,5,4.8,4.8,4.5,5,Great stay,Yes
REV001174,BKG004474,HTL001,GST00853,2026-04-22,Booking.com,4.5,5,4.3,4.5,4.4,Lovely weekend,Yes
REV001175,BKG004477,HTL001,GST00416,2026-03-14,Google,4.8,4.6,4.1,4.9,4.5,Great stay,Yes
REV001176,BKG004485,HTL001,GST00681,2026-07-08,Google,4.7,5,4.4,4.7,4.8,Friendly team,Yes
REV001177,BKG004486,HTL005,GST00836,2025-02-12,Booking.com,3.2,3,3.2,3.2,3.1,Good overall,No
REV001178,BKG004488,HTL003,GST00848,2026-06-17,Tripadvisor,4.2,4.3,3.7,4.2,4.1,Great stay,Yes
REV001179,BKG004490,HTL004,GST01693,2025-04-15,Booking.com,3.9,3.9,3.8,4.1,4,Convenient hotel,Yes
REV001180,BKG004497,HTL004,GST00246,2026-06-12,Post-stay Survey,4.2,4.2,4.2,4.2,3.6,Very comfortable,Yes
REV001181,BKG004499,HTL004,GST00012,2025-08-10,Booking.com,4.1,4.3,4.3,4.4,4.2,Mostly positive,Yes
REV001182,BKG004502,HTL004,GST01198,2024-07-18,Booking.com,4.5,4.8,4.4,5,4.5,Friendly team,Yes
REV001183,BKG004504,HTL003,GST00247,2025-06-13,Google,3.5,3.3,3.6,4.1,3.4,Fine for a short stay,No
REV001184,BKG004506,HTL002,GST01356,2024-08-07,Tripadvisor,4.2,4.4,4.5,4.7,3.3,Good business stay,Yes
REV001185,BKG004515,HTL001,GST00670,2026-01-28,Post-stay Survey,4.6,4.8,4.9,4.6,4.4,Friendly team,Yes
REV001186,BKG004516,HTL001,GST00040,2025-06-20,Booking.com,5,4.8,4.8,4.8,5,Would stay again,Yes
REV001187,BKG004520,HTL004,GST01702,2026-08-13,Booking.com,4.4,4.6,4.7,4.7,4,Friendly team,Yes
REV001188,BKG004522,HTL001,GST00380,2024-03-17,Tripadvisor,4.6,4.4,4.5,4.1,3.7,Good business stay,Yes
REV001189,BKG004523,HTL002,GST01336,2026-08-09,Post-stay Survey,4.5,4.5,4.7,4.4,4.6,Good business stay,Yes
REV001190,BKG004530,HTL005,GST00297,2025-05-06,Tripadvisor,4.3,3.9,5,4.8,3.6,Would stay again,Yes
REV001191,BKG004531,HTL005,GST00470,2024-11-24,Expedia,3.3,3.2,4.1,3.3,3,Mostly positive,Yes
REV001192,BKG004533,HTL001,GST00522,2026-08-28,Booking.com,4.8,5,5,4.6,4.8,Clean and convenient,Yes
REV001193,BKG004535,HTL001,GST01548,2024-12-12,Booking.com,3.3,3.9,3.2,3,3.3,Good overall,Yes
REV001194,BKG004536,HTL001,GST01561,2025-10-12,Expedia,3.7,3.3,3.7,4.7,3.5,Solid city break,Yes
REV001195,BKG004537,HTL003,GST00008,2026-04-06,Expedia,5,5,4.8,5,5,Excellent location,Yes
REV001196,BKG004544,HTL001,GST00068,2025-03-08,Tripadvisor,2.4,2.8,2.9,2.5,2.8,Could be better,Yes
REV001197,BKG004549,HTL002,GST02124,2025-04-05,Expedia,3.9,4.2,3.7,4.4,3.2,Convenient hotel,Yes
REV001198,BKG004550,HTL001,GST00009,2026-07-02,Google,4.7,4.5,4.8,4.7,5,Clean and convenient,Yes
REV001199,BKG004554,HTL004,GST00755,2026-07-05,Google,5,4.9,4.9,5,5,Very comfortable,Yes
REV001200,BKG004556,HTL006,GST01040,2024-10-19,Booking.com,4.4,4.6,3.9,4.5,4.3,Would stay again,Yes
REV001201,BKG004558,HTL001,GST00228,2024-09-08,Tripadvisor,4.4,4.4,4.6,4.3,4,Would stay again,Yes
REV001202,BKG004560,HTL002,GST00076,2026-03-16,Google,3.3,3.6,3.6,4,4,Comfortable stay,Yes
REV001203,BKG004561,HTL002,GST00192,2024-11-03,Post-stay Survey,3.7,3.6,3.5,3.3,3.7,Solid city break,Yes
REV001204,BKG004562,HTL001,GST00001,2026-06-14,Post-stay Survey,4.9,4.8,4.7,4.6,4.6,Friendly team,Yes
REV001205,BKG004564,HTL001,GST00935,2024-10-14,Post-stay Survey,3.3,3.8,3.4,3.2,3.4,Solid city break,Yes
REV001206,BKG004566,HTL004,GST01373,2025-03-13,Post-stay Survey,4.4,4.4,4.1,4.9,4.2,Excellent location,Yes
REV001207,BKG004578,HTL004,GST00100,2026-07-15,Google,4.6,4.5,4.4,4.5,4.1,Friendly team,Yes
REV001208,BKG004581,HTL006,GST01913,2024-06-02,Expedia,3.7,3.7,3.4,4.2,3.4,Solid city break,Yes
REV001209,BKG004582,HTL003,GST00437,2024-04-19,Tripadvisor,3.9,3.9,4.2,4.1,3.6,Solid city break,Yes
REV001210,BKG004584,HTL004,GST01448,2026-09-05,Tripadvisor,4.9,5,5,4.6,4.1,Good business stay,Yes
REV001211,BKG004585,HTL001,GST01180,2025-06-29,Expedia,4.3,4.8,4.8,4.3,4.2,Lovely weekend,Yes
REV001212,BKG004588,HTL006,GST00052,2025-11-22,Google,5,5,5,4.5,5,Lovely weekend,Yes
REV001213,BKG004589,HTL005,GST00174,2024-04-29,Tripadvisor,4.6,5,4.7,4.9,4.3,Friendly team,No
REV001214,BKG004590,HTL001,GST00307,2025-03-15,Expedia,4.5,4.9,4.7,4.6,4.4,Clean and convenient,Yes
REV001215,BKG004591,HTL003,GST01712,2025-08-22,Tripadvisor,3.3,3.5,3.3,3.3,3.4,Mostly positive,Yes
REV001216,BKG004594,HTL004,GST00613,2024-08-20,Booking.com,4.7,4.3,4.6,4.6,5,Would stay again,Yes
REV001217,BKG004603,HTL006,GST01401,2025-09-14,Post-stay Survey,4.1,4.4,4.6,4.2,4.2,Solid city break,Yes
REV001218,BKG004608,HTL005,GST00585,2025-09-01,Post-stay Survey,4.8,4.8,5,4.6,4,Lovely weekend,Yes
REV001219,BKG004609,HTL001,GST00694,2026-01-11,Tripadvisor,3.3,3.3,4.4,3.6,3.9,Good overall,Yes
REV001220,BKG004610,HTL004,GST01079,2026-05-31,Tripadvisor,4.9,4.9,4.4,4.6,5,Clean and convenient,Yes
REV001221,BKG004621,HTL003,GST00322,2026-06-11,Google,4,3.2,4.3,3.9,4.4,Mostly positive,Yes
REV001222,BKG004626,HTL004,GST00110,2025-04-02,Google,4.1,4.4,3.4,4.1,3.3,Comfortable stay,No
REV001223,BKG004637,HTL003,GST00264,2026-05-21,Expedia,3.8,3.9,3.3,3.8,3.3,Convenient hotel,Yes
REV001224,BKG004638,HTL001,GST01538,2026-03-01,Expedia,4.2,4.2,3.6,4.4,4.7,Lovely weekend,Yes
REV001225,BKG004647,HTL005,GST00048,2024-08-19,Expedia,3.5,3.8,3.3,3.9,2.9,Solid city break,Yes
REV001226,BKG004655,HTL002,GST00174,2025-11-11,Booking.com,3.8,4.3,3.7,4.3,4.2,Fine for a short stay,Yes
REV001227,BKG004658,HTL005,GST00052,2024-04-10,Expedia,4,4.3,4.5,4.1,3.8,Convenient hotel,Yes
REV001228,BKG004659,HTL006,GST00843,2024-12-20,Expedia,4.3,4.5,3.9,4.9,3.8,Excellent location,Yes
REV001229,BKG004661,HTL003,GST01268,2025-01-01,Post-stay Survey,4.2,3.9,4.1,4.5,2.8,Very comfortable,Yes
REV001230,BKG004663,HTL002,GST00318,2024-06-27,Post-stay Survey,4.9,5,5,4.8,5,Good business stay,Yes
REV001231,BKG004669,HTL005,GST01407,2025-01-25,Post-stay Survey,3.3,3.5,4,3.1,3.4,Mostly positive,Yes
REV001232,BKG004671,HTL001,GST00693,2025-07-12,Booking.com,5,4.9,4.7,5,4.7,Lovely weekend,Yes
REV001233,BKG004672,HTL006,GST01573,2024-09-21,Google,4.1,5,3.9,4.3,4.1,Mostly positive,Yes
REV001234,BKG004674,HTL003,GST01239,2026-07-03,Expedia,4.9,5,5,5,5,Would stay again,Yes
REV001235,BKG004685,HTL002,GST00354,2025-03-10,Tripadvisor,4,4.1,4.2,4.5,3.3,Convenient hotel,Yes
REV001236,BKG004688,HTL004,GST00380,2024-04-29,Post-stay Survey,4.3,4.2,4.6,4.6,4.3,Would stay again,Yes
REV001237,BKG004693,HTL004,GST00158,2026-01-03,Tripadvisor,5,5,5,4.8,4.6,Excellent location,Yes
REV001238,BKG004698,HTL003,GST00183,2024-04-05,Booking.com,4.6,4.4,5,4.4,4.5,Excellent location,Yes
REV001239,BKG004699,HTL004,GST01547,2024-03-22,Google,3.9,3.5,4,3.5,3.6,Convenient hotel,Yes
REV001240,BKG004700,HTL004,GST00018,2024-05-14,Tripadvisor,4.8,5,4.8,4.5,4.8,Excellent location,No
REV001241,BKG004706,HTL006,GST00446,2024-10-28,Expedia,4.3,4.5,3.9,4.7,4.5,Friendly team,Yes
REV001242,BKG004717,HTL004,GST00297,2024-02-28,Google,3.9,3.8,3.1,4.3,4.1,Mostly positive,Yes
REV001243,BKG004722,HTL002,GST01031,2024-07-25,Booking.com,3.7,3.8,3.2,3.8,3.4,Solid city break,Yes
REV001244,BKG004725,HTL006,GST00216,2026-08-03,Google,4.2,3.8,3.8,4.4,4.9,Very comfortable,Yes
REV001245,BKG004726,HTL006,GST00720,2025-06-24,Google,4.2,4,5,4.4,4.1,Great stay,Yes
REV001246,BKG004734,HTL001,GST00050,2024-01-22,Tripadvisor,3.8,3.9,4,3.7,3.6,Solid city break,Yes
REV001247,BKG004735,HTL003,GST01929,2026-04-28,Booking.com,3.5,3.4,3.2,3.9,3.3,Solid city break,Yes
REV001248,BKG004739,HTL003,GST00458,2024-01-27,Expedia,3,3,2.1,3.2,3.1,Mixed experience,No
REV001249,BKG004745,HTL003,GST00426,2025-01-20,Google,4.2,3.8,4.9,4.6,4.2,Lovely weekend,Yes
REV001250,BKG004746,HTL001,GST01955,2025-01-26,Booking.com,5,5,5,5,4.4,Great stay,Yes
REV001251,BKG004748,HTL006,GST00357,2026-02-13,Tripadvisor,5,4.8,5,4.1,4.9,Very comfortable,Yes
REV001252,BKG004756,HTL002,GST01265,2024-10-03,Expedia,3.3,3.6,3.7,3.8,3.4,Good overall,Yes
REV001253,BKG004760,HTL002,GST00752,2025-05-28,Expedia,3.8,4.1,3.4,4.6,3.7,Mostly positive,Yes
REV001254,BKG004762,HTL002,GST00348,2026-07-15,Booking.com,4.8,5,5,4.9,5,Good business stay,No
REV001255,BKG004763,HTL004,GST01833,2026-02-19,Post-stay Survey,5,5,5,4.7,5,Excellent location,Yes
REV001256,BKG004770,HTL005,GST00579,2025-04-13,Expedia,4.4,4.4,3.8,4.5,3.9,Excellent location,Yes
REV001257,BKG004773,HTL002,GST00844,2026-04-03,Expedia,4.8,4.5,4.9,4.4,5,Would stay again,No
REV001258,BKG004776,HTL004,GST00141,2024-12-10,Google,4.8,4.3,5,4.6,5,Friendly team,Yes
REV001259,BKG004779,HTL004,GST00311,2024-12-23,Google,4.7,4.8,4.5,4.5,4.8,Great stay,Yes
REV001260,BKG004780,HTL005,GST00397,2026-08-13,Google,3.8,4.2,3.8,4.1,3.4,Fine for a short stay,Yes
REV001261,BKG004782,HTL005,GST01068,2025-04-16,Post-stay Survey,4.2,4.1,4.5,4.3,4.4,Would stay again,Yes
REV001262,BKG004783,HTL001,GST00911,2026-03-22,Booking.com,4.7,5,4.7,4.6,4.8,Great stay,Yes
REV001263,BKG004785,HTL001,GST01306,2024-12-09,Tripadvisor,4.1,3.9,3.2,4.9,4.2,Convenient hotel,Yes
REV001264,BKG004792,HTL002,GST02099,2024-10-15,Post-stay Survey,4.3,4.3,4.7,4.2,4.2,Good business stay,No
REV001265,BKG004794,HTL006,GST00347,2024-10-15,Google,3.5,4,3.4,4,4.2,Convenient hotel,Yes
REV001266,BKG004797,HTL005,GST01381,2025-04-17,Google,4.7,5,5,4.9,4.9,Clean and convenient,Yes
REV001267,BKG004798,HTL004,GST00065,2026-07-19,Booking.com,4.2,3.9,4.1,4.1,3.4,Friendly team,Yes
REV001268,BKG004807,HTL001,GST01383,2026-02-08,Expedia,3.6,3,3.6,3.8,3.6,Convenient hotel,No
REV001269,BKG004812,HTL004,GST01379,2026-07-04,Google,3.8,4.4,3.9,4.3,3.3,Mostly positive,Yes
REV001270,BKG004819,HTL005,GST00879,2026-08-23,Expedia,5,5,5,5,5,Friendly team,No
REV001271,BKG004822,HTL005,GST00659,2026-07-26,Expedia,5,4.7,5,5,5,Friendly team,Yes
REV001272,BKG004824,HTL006,GST00721,2025-10-09,Booking.com,4.4,4.3,5,4.8,4.3,Would stay again,Yes
REV001273,BKG004830,HTL004,GST01928,2025-08-29,Expedia,5,5,5,4.6,4.6,Great stay,Yes
REV001274,BKG004833,HTL001,GST00417,2025-07-04,Post-stay Survey,4.5,5,4.4,4.9,3.9,Would stay again,Yes
REV001275,BKG004834,HTL001,GST00303,2024-05-11,Expedia,4.8,5,4.1,5,4.8,Lovely weekend,Yes
REV001276,BKG004839,HTL005,GST01773,2025-11-08,Tripadvisor,4.1,4.4,4.3,4.1,4.2,Fine for a short stay,Yes
REV001277,BKG004847,HTL005,GST00272,2024-08-19,Booking.com,4.5,4.9,4.6,5,4.8,Lovely weekend,Yes
REV001278,BKG004848,HTL003,GST01008,2025-12-09,Expedia,2.7,2.6,2.4,3,3,Could be better,Yes
REV001279,BKG004852,HTL001,GST00001,2024-05-03,Tripadvisor,5,5,5,5,4.7,Lovely weekend,Yes
REV001280,BKG004857,HTL001,GST01360,2024-10-14,Tripadvisor,4.4,4.1,4.1,4.6,5,Good business stay,Yes
REV001281,BKG004860,HTL001,GST00822,2024-04-07,Google,4.8,4.4,4.4,4.8,4.7,Very comfortable,No
REV001282,BKG004862,HTL001,GST00758,2026-01-31,Post-stay Survey,5,4.8,4.2,4.6,5,Lovely weekend,Yes
REV001283,BKG004864,HTL003,GST00591,2025-05-27,Expedia,4.1,4.4,3.9,4.6,3.8,Comfortable stay,No
REV001284,BKG004869,HTL006,GST00588,2026-06-22,Booking.com,5,4.8,5,4.9,5,Would stay again,No
REV001285,BKG004871,HTL006,GST01039,2025-10-23,Google,4.2,4.8,3.9,3.8,2.9,Would stay again,Yes
REV001286,BKG004887,HTL005,GST00047,2026-04-09,Booking.com,4.3,4.3,4.2,4.4,4.1,Excellent location,Yes
REV001287,BKG004888,HTL003,GST01192,2024-07-08,Post-stay Survey,4.1,4.4,4.1,4.2,3.4,Fine for a short stay,No
REV001288,BKG004894,HTL001,GST00836,2026-07-23,Expedia,3,2.6,2.7,3,2,Disappointing stay,Yes
REV001289,BKG004903,HTL005,GST00508,2026-03-02,Expedia,4,4.2,4.3,4.5,4,Comfortable stay,Yes
REV001290,BKG004906,HTL005,GST00172,2024-11-01,Booking.com,3.4,3.7,3.8,3.7,3.1,Mostly positive,Yes
REV001291,BKG004912,HTL005,GST01308,2026-01-23,Google,4.8,5,5,5,4.7,Lovely weekend,Yes
REV001292,BKG004914,HTL003,GST00541,2024-05-23,Google,3.9,3.8,4,4.2,3.8,Mostly positive,Yes
REV001293,BKG004916,HTL001,GST01270,2024-11-21,Booking.com,4.3,4.2,4.7,5,4.6,Friendly team,Yes
REV001294,BKG004918,HTL001,GST01465,2024-05-27,Booking.com,5,5,5,4.7,5,Excellent location,Yes
REV001295,BKG004919,HTL006,GST00414,2024-07-24,Expedia,3.9,4.4,3.7,3.9,3.6,Convenient hotel,Yes
REV001296,BKG004922,HTL006,GST01829,2024-11-07,Post-stay Survey,4.6,4.3,5,4.5,4.9,Would stay again,Yes
REV001297,BKG004929,HTL006,GST01292,2026-08-01,Post-stay Survey,2.9,2.8,2.3,2.7,2.6,Not as expected,Yes
REV001298,BKG004930,HTL004,GST01147,2024-08-14,Google,4.6,4.7,4.5,4.3,4.6,Would stay again,Yes
REV001299,BKG004935,HTL006,GST00894,2026-08-24,Post-stay Survey,4.5,5,4.7,4.3,4.4,Excellent location,Yes
REV001300,BKG004942,HTL002,GST00384,2026-03-24,Expedia,4.3,4.7,4.2,4.4,3.8,Very comfortable,Yes
REV001301,BKG004946,HTL003,GST01421,2024-12-25,Google,3.6,3.6,3,3.5,3.6,Fine for a short stay,Yes
REV001302,BKG004947,HTL001,GST00073,2024-10-29,Google,5,5,4.6,4.8,5,Friendly team,Yes
REV001303,BKG004948,HTL006,GST00585,2026-06-29,Tripadvisor,4.7,5,4.4,4.7,4.3,Would stay again,Yes
REV001304,BKG004949,HTL004,GST00791,2025-09-25,Expedia,4.4,4.7,4.3,4.7,4.6,Good business stay,Yes
REV001305,BKG004950,HTL002,GST01654,2024-08-24,Tripadvisor,3.6,3.7,3.6,4,3.4,Comfortable stay,Yes
REV001306,BKG004952,HTL004,GST02272,2024-04-26,Post-stay Survey,5,4.6,5,4.6,5,Lovely weekend,Yes
REV001307,BKG004965,HTL003,GST00092,2024-06-01,Google,2.4,3,2.7,2.6,2.2,Disappointing stay,Yes
REV001308,BKG004966,HTL001,GST00184,2026-07-19,Booking.com,4.3,4.8,4.2,4.5,3.7,Friendly team,Yes
REV001309,BKG004971,HTL005,GST00433,2024-03-29,Post-stay Survey,4.2,4.5,4.8,3.9,3.5,Clean and convenient,Yes
REV001310,BKG004976,HTL006,GST00113,2025-10-12,Tripadvisor,4.1,4.8,4.7,4.6,3.7,Comfortable stay,Yes
REV001311,BKG004977,HTL001,GST00048,2024-03-22,Tripadvisor,4.5,5,3.9,5,4.1,Great stay,Yes
REV001312,BKG004980,HTL004,GST00796,2026-01-06,Post-stay Survey,4.7,5,5,4.7,4.7,Friendly team,Yes
REV001313,BKG004981,HTL003,GST01748,2024-07-03,Post-stay Survey,3.9,3.6,4.4,4.7,3.5,Solid city break,Yes
REV001314,BKG004985,HTL002,GST01739,2025-10-13,Expedia,5,5,4.1,4.6,4.6,Lovely weekend,Yes
REV001315,BKG004996,HTL005,GST02027,2025-01-11,Post-stay Survey,4.4,4.2,4.2,4.2,4.4,Would stay again,Yes
REV001316,BKG004997,HTL003,GST01330,2024-10-08,Tripadvisor,4,4,3.9,3.9,3.4,Solid city break,Yes
